2026-09-08 20:15:03,631 - INFO - Experiment: bc2gm_deepseek
2026-09-08 20:15:03,631 - INFO - Model: deepseek-v4-flash
2026-09-08 20:15:03,940 - INFO - HTTP Request: POST https://api.deepseek.com/chat/completions "HTTP/1.1 200 OK"
2026-09-08 20:15:07,427 - INFO - HTTP Request: POST https://api.deepseek.com/chat/completions "HTTP/1.1 200 OK"
2026-09-08 20:15:10,636 - INFO - HTTP Request: POST https://api.deepseek.com/chat/completions "HTTP/1.1 200 OK"
2026-09-08 20:15:13,709 - INFO - HTTP Request: POST https://api.deepseek.com/chat/completions "HTTP/1.1 200 OK"
2026-09-08 20:15:21,441 - INFO - HTTP Request: POST https://api.deepseek.com/chat/completions "HTTP/1.1 200 OK"
2026-09-08 20:15:24,834 - INFO - HTTP Request: POST https://api.deepseek.com/chat/completions "HTTP/1.1 200 OK"
2026-09-08 20:15:28,427 - INFO - HTTP Request: POST https://api.deepseek.com/chat/completions "HTTP/1.1 200 OK"
2026-09-08 20:15:31,926 - INFO - HTTP Request: POST https://api.deepseek.com/chat/completions "HTTP/1.1 200 OK"
2026-09-08 20:15:36,118 - INFO - HTTP Request: POST https://api.deepseek.com/chat/completions "HTTP/1.1 200 OK"
2026-09-08 20:15:39,068 - INFO - HTTP Request: POST https://api.deepseek.com/chat/completions "HTTP/1.1 200 OK"
2026-09-08 20:15:42,169 - INFO - Sample-level Accuracy: 1.0000
2026-09-10 18:19:39,312 - INFO - Config file: /Users/tuenglee/Desktop/bioAgent/MyBioAgent/config/bc2gm_deepseek.json
2026-09-10 18:19:39,312 - INFO - Output jsonl: /Users/tuenglee/Desktop/bioAgent/MyBioAgent/result/bc2gm_deepseek_predictions.jsonl
2026-09-10 18:19:39,312 - INFO - Backed up previous output to: /Users/tuenglee/Desktop/bioAgent/MyBioAgent/result/bc2gm_deepseek_predictions.jsonl.bak.20260910_181939
2026-09-10 18:19:39,312 - INFO - Experiment: bc2gm_deepseek
2026-09-10 18:19:39,312 - INFO - Model: deepseek-v4-flash
2026-09-10 18:19:39,672 - INFO - HTTP Request: POST https://api.deepseek.com/chat/completions "HTTP/1.1 200 OK"
2026-09-10 18:19:43,295 - INFO - HTTP Request: POST https://api.deepseek.com/chat/completions "HTTP/1.1 200 OK"
2026-09-10 18:19:46,460 - INFO - HTTP Request: POST https://api.deepseek.com/chat/completions "HTTP/1.1 200 OK"
2026-09-10 18:19:49,974 - INFO - HTTP Request: POST https://api.deepseek.com/chat/completions "HTTP/1.1 200 OK"
2026-09-10 18:19:54,170 - INFO - HTTP Request: POST https://api.deepseek.com/chat/completions "HTTP/1.1 200 OK"
2026-09-10 18:19:57,092 - INFO - HTTP Request: POST https://api.deepseek.com/chat/completions "HTTP/1.1 200 OK"
2026-09-10 18:20:00,259 - INFO - HTTP Request: POST https://api.deepseek.com/chat/completions "HTTP/1.1 200 OK"
2026-09-10 18:20:03,388 - INFO - HTTP Request: POST https://api.deepseek.com/chat/completions "HTTP/1.1 200 OK"
2026-09-10 18:20:07,171 - INFO - HTTP Request: POST https://api.deepseek.com/chat/completions "HTTP/1.1 200 OK"
2026-09-10 18:20:10,621 - INFO - HTTP Request: POST https://api.deepseek.com/chat/completions "HTTP/1.1 200 OK"
2026-09-10 18:20:13,334 - INFO - HTTP Request: POST https://api.deepseek.com/chat/completions "HTTP/1.1 200 OK"
2026-09-10 18:20:16,903 - INFO - HTTP Request: POST https://api.deepseek.com/chat/completions "HTTP/1.1 200 OK"
2026-09-10 18:20:20,009 - INFO - HTTP Request: POST https://api.deepseek.com/chat/completions "HTTP/1.1 200 OK"
2026-09-10 18:20:23,158 - INFO - HTTP Request: POST https://api.deepseek.com/chat/completions "HTTP/1.1 200 OK"
2026-09-10 18:20:26,155 - INFO - HTTP Request: POST https://api.deepseek.com/chat/completions "HTTP/1.1 200 OK"
2026-09-10 18:20:29,296 - INFO - HTTP Request: POST https://api.deepseek.com/chat/completions "HTTP/1.1 200 OK"
2026-09-10 18:20:32,275 - INFO - HTTP Request: POST https://api.deepseek.com/chat/completions "HTTP/1.1 200 OK"
2026-09-10 18:20:36,480 - INFO - HTTP Request: POST https://api.deepseek.com/chat/completions "HTTP/1.1 200 OK"
2026-09-10 18:20:39,943 - INFO - HTTP Request: POST https://api.deepseek.com/chat/completions "HTTP/1.1 200 OK"
2026-09-10 18:20:42,930 - INFO - HTTP Request: POST https://api.deepseek.com/chat/completions "HTTP/1.1 200 OK"
2026-09-10 18:20:45,962 - INFO - HTTP Request: POST https://api.deepseek.com/chat/completions "HTTP/1.1 200 OK"
2026-09-10 18:20:49,088 - INFO - HTTP Request: POST https://api.deepseek.com/chat/completions "HTTP/1.1 200 OK"
2026-09-10 18:20:52,188 - INFO - HTTP Request: POST https://api.deepseek.com/chat/completions "HTTP/1.1 200 OK"
2026-09-10 18:20:54,840 - INFO - HTTP Request: POST https://api.deepseek.com/chat/completions "HTTP/1.1 200 OK"
2026-09-10 18:20:58,134 - INFO - HTTP Request: POST https://api.deepseek.com/chat/completions "HTTP/1.1 200 OK"
2026-09-10 18:21:00,946 - INFO - HTTP Request: POST https://api.deepseek.com/chat/completions "HTTP/1.1 200 OK"
2026-09-10 18:21:04,423 - INFO - HTTP Request: POST https://api.deepseek.com/chat/completions "HTTP/1.1 200 OK"
2026-09-10 18:21:07,307 - INFO - HTTP Request: POST https://api.deepseek.com/chat/completions "HTTP/1.1 200 OK"
2026-09-10 18:21:10,209 - INFO - HTTP Request: POST https://api.deepseek.com/chat/completions "HTTP/1.1 200 OK"
2026-09-10 18:21:14,386 - INFO - HTTP Request: POST https://api.deepseek.com/chat/completions "HTTP/1.1 200 OK"
2026-09-10 18:21:17,334 - INFO - HTTP Request: POST https://api.deepseek.com/chat/completions "HTTP/1.1 200 OK"
2026-09-10 18:21:20,513 - INFO - HTTP Request: POST https://api.deepseek.com/chat/completions "HTTP/1.1 200 OK"
2026-09-10 18:21:23,298 - INFO - HTTP Request: POST https://api.deepseek.com/chat/completions "HTTP/1.1 200 OK"
2026-09-10 18:21:27,167 - INFO - HTTP Request: POST https://api.deepseek.com/chat/completions "HTTP/1.1 200 OK"
2026-09-10 18:21:30,116 - INFO - HTTP Request: POST https://api.deepseek.com/chat/completions "HTTP/1.1 200 OK"
2026-09-10 18:21:32,385 - INFO - HTTP Request: POST https://api.deepseek.com/chat/completions "HTTP/1.1 200 OK"
2026-09-10 18:21:35,468 - INFO - HTTP Request: POST https://api.deepseek.com/chat/completions "HTTP/1.1 200 OK"
2026-09-10 18:21:38,809 - INFO - HTTP Request: POST https://api.deepseek.com/chat/completions "HTTP/1.1 200 OK"
2026-09-10 18:21:41,979 - INFO - HTTP Request: POST https://api.deepseek.com/chat/completions "HTTP/1.1 200 OK"
2026-09-10 18:21:45,187 - INFO - HTTP Request: POST https://api.deepseek.com/chat/completions "HTTP/1.1 200 OK"
2026-09-10 18:21:47,939 - INFO - HTTP Request: POST https://api.deepseek.com/chat/completions "HTTP/1.1 200 OK"
2026-09-10 18:21:53,707 - INFO - HTTP Request: POST https://api.deepseek.com/chat/completions "HTTP/1.1 200 OK"
2026-09-10 18:21:56,646 - INFO - HTTP Request: POST https://api.deepseek.com/chat/completions "HTTP/1.1 200 OK"
2026-09-10 18:21:59,476 - INFO - HTTP Request: POST https://api.deepseek.com/chat/completions "HTTP/1.1 200 OK"
2026-09-10 18:22:02,621 - INFO - HTTP Request: POST https://api.deepseek.com/chat/completions "HTTP/1.1 200 OK"
2026-09-10 18:22:05,561 - INFO - HTTP Request: POST https://api.deepseek.com/chat/completions "HTTP/1.1 200 OK"
2026-09-10 18:22:08,388 - INFO - HTTP Request: POST https://api.deepseek.com/chat/completions "HTTP/1.1 200 OK"
2026-09-10 18:22:11,831 - INFO - HTTP Request: POST https://api.deepseek.com/chat/completions "HTTP/1.1 200 OK"
2026-09-10 18:22:14,680 - INFO - HTTP Request: POST https://api.deepseek.com/chat/completions "HTTP/1.1 200 OK"
2026-09-10 18:22:17,826 - INFO - HTTP Request: POST https://api.deepseek.com/chat/completions "HTTP/1.1 200 OK"
2026-09-10 18:22:21,127 - INFO - HTTP Request: POST https://api.deepseek.com/chat/completions "HTTP/1.1 200 OK"
2026-09-10 18:22:24,115 - INFO - HTTP Request: POST https://api.deepseek.com/chat/completions "HTTP/1.1 200 OK"
2026-09-10 18:22:27,362 - INFO - HTTP Request: POST https://api.deepseek.com/chat/completions "HTTP/1.1 200 OK"
2026-09-10 18:22:30,562 - INFO - HTTP Request: POST https://api.deepseek.com/chat/completions "HTTP/1.1 200 OK"
2026-09-10 18:22:33,554 - INFO - HTTP Request: POST https://api.deepseek.com/chat/completions "HTTP/1.1 200 OK"
2026-09-10 18:22:36,562 - INFO - HTTP Request: POST https://api.deepseek.com/chat/completions "HTTP/1.1 200 OK"
2026-09-10 18:22:39,320 - INFO - HTTP Request: POST https://api.deepseek.com/chat/completions "HTTP/1.1 200 OK"
2026-09-10 18:22:43,697 - INFO - HTTP Request: POST https://api.deepseek.com/chat/completions "HTTP/1.1 200 OK"
2026-09-10 18:22:46,553 - INFO - HTTP Request: POST https://api.deepseek.com/chat/completions "HTTP/1.1 200 OK"
2026-09-10 18:22:49,652 - INFO - HTTP Request: POST https://api.deepseek.com/chat/completions "HTTP/1.1 200 OK"
2026-09-10 18:22:53,268 - INFO - HTTP Request: POST https://api.deepseek.com/chat/completions "HTTP/1.1 200 OK"
2026-09-10 18:22:56,098 - INFO - HTTP Request: POST https://api.deepseek.com/chat/completions "HTTP/1.1 200 OK"
2026-09-10 18:22:59,244 - INFO - HTTP Request: POST https://api.deepseek.com/chat/completions "HTTP/1.1 200 OK"
2026-09-10 18:23:02,391 - INFO - HTTP Request: POST https://api.deepseek.com/chat/completions "HTTP/1.1 200 OK"
2026-09-10 18:23:05,303 - INFO - HTTP Request: POST https://api.deepseek.com/chat/completions "HTTP/1.1 200 OK"
2026-09-10 18:23:08,264 - INFO - HTTP Request: POST https://api.deepseek.com/chat/completions "HTTP/1.1 200 OK"
2026-09-10 18:23:11,007 - INFO - HTTP Request: POST https://api.deepseek.com/chat/completions "HTTP/1.1 200 OK"
2026-09-10 18:23:14,278 - INFO - HTTP Request: POST https://api.deepseek.com/chat/completions "HTTP/1.1 200 OK"
2026-09-10 18:23:18,005 - INFO - HTTP Request: POST https://api.deepseek.com/chat/completions "HTTP/1.1 200 OK"
2026-09-10 18:23:21,029 - INFO - HTTP Request: POST https://api.deepseek.com/chat/completions "HTTP/1.1 200 OK"
2026-09-10 18:23:24,582 - INFO - HTTP Request: POST https://api.deepseek.com/chat/completions "HTTP/1.1 200 OK"
2026-09-10 18:23:28,921 - INFO - HTTP Request: POST https://api.deepseek.com/chat/completions "HTTP/1.1 200 OK"
2026-09-10 18:23:31,925 - INFO - HTTP Request: POST https://api.deepseek.com/chat/completions "HTTP/1.1 200 OK"
2026-09-10 18:23:44,968 - INFO - HTTP Request: POST https://api.deepseek.com/chat/completions "HTTP/1.1 200 OK"
2026-09-10 18:23:48,014 - INFO - HTTP Request: POST https://api.deepseek.com/chat/completions "HTTP/1.1 200 OK"
2026-09-10 18:23:51,223 - INFO - HTTP Request: POST https://api.deepseek.com/chat/completions "HTTP/1.1 200 OK"
2026-09-10 18:23:54,308 - INFO - HTTP Request: POST https://api.deepseek.com/chat/completions "HTTP/1.1 200 OK"
2026-09-10 18:23:57,557 - INFO - HTTP Request: POST https://api.deepseek.com/chat/completions "HTTP/1.1 200 OK"
2026-09-10 18:24:04,631 - INFO - HTTP Request: POST https://api.deepseek.com/chat/completions "HTTP/1.1 200 OK"
2026-09-10 18:24:07,831 - INFO - HTTP Request: POST https://api.deepseek.com/chat/completions "HTTP/1.1 200 OK"
2026-09-10 18:24:16,145 - INFO - HTTP Request: POST https://api.deepseek.com/chat/completions "HTTP/1.1 200 OK"
2026-09-10 18:24:19,998 - INFO - HTTP Request: POST https://api.deepseek.com/chat/completions "HTTP/1.1 200 OK"
2026-09-10 18:24:22,843 - INFO - HTTP Request: POST https://api.deepseek.com/chat/completions "HTTP/1.1 200 OK"
2026-09-10 18:24:26,429 - INFO - HTTP Request: POST https://api.deepseek.com/chat/completions "HTTP/1.1 200 OK"
2026-09-10 18:24:29,642 - INFO - HTTP Request: POST https://api.deepseek.com/chat/completions "HTTP/1.1 200 OK"
2026-09-10 18:24:34,374 - INFO - HTTP Request: POST https://api.deepseek.com/chat/completions "HTTP/1.1 200 OK"
2026-09-10 18:24:39,074 - INFO - HTTP Request: POST https://api.deepseek.com/chat/completions "HTTP/1.1 200 OK"
2026-09-10 18:24:42,312 - INFO - HTTP Request: POST https://api.deepseek.com/chat/completions "HTTP/1.1 200 OK"
2026-09-10 18:24:45,532 - INFO - HTTP Request: POST https://api.deepseek.com/chat/completions "HTTP/1.1 200 OK"
2026-09-10 18:24:49,621 - INFO - HTTP Request: POST https://api.deepseek.com/chat/completions "HTTP/1.1 200 OK"
2026-09-10 18:24:52,758 - INFO - HTTP Request: POST https://api.deepseek.com/chat/completions "HTTP/1.1 200 OK"
2026-09-10 18:24:55,762 - INFO - HTTP Request: POST https://api.deepseek.com/chat/completions "HTTP/1.1 200 OK"
2026-09-10 18:25:12,354 - INFO - HTTP Request: POST https://api.deepseek.com/chat/completions "HTTP/1.1 200 OK"
2026-09-10 18:25:16,369 - INFO - HTTP Request: POST https://api.deepseek.com/chat/completions "HTTP/1.1 200 OK"
2026-09-10 18:25:25,175 - INFO - HTTP Request: POST https://api.deepseek.com/chat/completions "HTTP/1.1 200 OK"
2026-09-10 18:25:28,539 - INFO - HTTP Request: POST https://api.deepseek.com/chat/completions "HTTP/1.1 200 OK"
2026-09-10 18:25:46,452 - INFO - HTTP Request: POST https://api.deepseek.com/chat/completions "HTTP/1.1 200 OK"
2026-09-10 18:25:51,698 - INFO - HTTP Request: POST https://api.deepseek.com/chat/completions "HTTP/1.1 200 OK"
2026-09-10 18:25:56,403 - INFO - HTTP Request: POST https://api.deepseek.com/chat/completions "HTTP/1.1 200 OK"
2026-09-10 18:26:00,405 - INFO - HTTP Request: POST https://api.deepseek.com/chat/completions "HTTP/1.1 200 OK"
2026-09-10 18:26:04,496 - INFO - Sample-level Accuracy: 0.8400
2026-09-13 16:11:09,308 - INFO - Config file: /Users/tuenglee/Desktop/bioAgent/MyBioAgent/config/bc2gm_deepseek.json
2026-09-13 16:11:09,308 - INFO - Output jsonl: /Users/tuenglee/Desktop/bioAgent/MyBioAgent/result/bc2gm_deepseek_predictions.jsonl
2026-09-13 16:11:09,308 - INFO - Backed up previous output to: /Users/tuenglee/Desktop/bioAgent/MyBioAgent/result/bc2gm_deepseek_predictions.jsonl.bak.20260913_161109
2026-09-13 16:11:09,308 - INFO - Experiment: bc2gm_deepseek
2026-09-13 16:11:09,308 - INFO - Model: deepseek-v4-flash
2026-09-13 16:11:09,738 - INFO - HTTP Request: POST https://api.deepseek.com/chat/completions "HTTP/1.1 200 OK"
2026-09-13 16:11:16,158 - INFO - HTTP Request: POST https://api.deepseek.com/chat/completions "HTTP/1.1 200 OK"
2026-09-13 16:11:22,418 - INFO - HTTP Request: POST https://api.deepseek.com/chat/completions "HTTP/1.1 200 OK"
2026-09-13 16:11:25,436 - INFO - HTTP Request: POST https://api.deepseek.com/chat/completions "HTTP/1.1 200 OK"
2026-09-13 16:11:28,289 - INFO - HTTP Request: POST https://api.deepseek.com/chat/completions "HTTP/1.1 200 OK"
2026-09-13 16:11:31,028 - INFO - HTTP Request: POST https://api.deepseek.com/chat/completions "HTTP/1.1 200 OK"
2026-09-13 16:11:44,799 - INFO - HTTP Request: POST https://api.deepseek.com/chat/completions "HTTP/1.1 200 OK"
2026-09-13 16:11:47,875 - INFO - HTTP Request: POST https://api.deepseek.com/chat/completions "HTTP/1.1 200 OK"
2026-09-13 16:11:51,282 - INFO - HTTP Request: POST https://api.deepseek.com/chat/completions "HTTP/1.1 200 OK"
2026-09-13 16:11:54,379 - INFO - HTTP Request: POST https://api.deepseek.com/chat/completions "HTTP/1.1 200 OK"
2026-09-13 16:11:57,172 - INFO - Precision: 0.0000
2026-09-13 16:11:57,172 - INFO - Recall: 0.0000
2026-09-13 16:11:57,172 - INFO - F1: 0.0000
2026-09-13 16:22:29,971 - INFO - Config file: /Users/tuenglee/Desktop/bioAgent/MyBioAgent/config/bc2gm_deepseek.json
2026-09-13 16:22:29,971 - INFO - Output jsonl: /Users/tuenglee/Desktop/bioAgent/MyBioAgent/result/bc2gm_deepseek_predictions.jsonl
2026-09-13 16:22:29,971 - INFO - Backed up previous output to: /Users/tuenglee/Desktop/bioAgent/MyBioAgent/result/bc2gm_deepseek_predictions.jsonl.bak.20260913_162229
2026-09-13 16:22:29,971 - INFO - Experiment: bc2gm_deepseek
2026-09-13 16:22:29,971 - INFO - Model: deepseek-v4-flash
2026-09-13 16:22:30,227 - INFO - HTTP Request: POST https://api.deepseek.com/chat/completions "HTTP/1.1 200 OK"
2026-09-13 16:22:35,468 - INFO - HTTP Request: POST https://api.deepseek.com/chat/completions "HTTP/1.1 200 OK"
2026-09-13 16:22:40,495 - INFO - HTTP Request: POST https://api.deepseek.com/chat/completions "HTTP/1.1 200 OK"
2026-09-13 16:22:43,604 - INFO - HTTP Request: POST https://api.deepseek.com/chat/completions "HTTP/1.1 200 OK"
2026-09-13 16:22:46,809 - INFO - HTTP Request: POST https://api.deepseek.com/chat/completions "HTTP/1.1 200 OK"
2026-09-13 16:22:49,824 - INFO - HTTP Request: POST https://api.deepseek.com/chat/completions "HTTP/1.1 200 OK"
2026-09-13 16:23:13,653 - INFO - HTTP Request: POST https://api.deepseek.com/chat/completions "HTTP/1.1 200 OK"
2026-09-13 16:23:16,731 - INFO - HTTP Request: POST https://api.deepseek.com/chat/completions "HTTP/1.1 200 OK"
2026-09-13 16:23:20,428 - INFO - HTTP Request: POST https://api.deepseek.com/chat/completions "HTTP/1.1 200 OK"
2026-09-13 16:23:23,103 - INFO - HTTP Request: POST https://api.deepseek.com/chat/completions "HTTP/1.1 200 OK"
2026-09-13 16:23:26,467 - INFO - HTTP Request: POST https://api.deepseek.com/chat/completions "HTTP/1.1 200 OK"
2026-09-13 16:23:44,364 - INFO - HTTP Request: POST https://api.deepseek.com/chat/completions "HTTP/1.1 200 OK"
2026-09-13 16:23:48,187 - INFO - HTTP Request: POST https://api.deepseek.com/chat/completions "HTTP/1.1 200 OK"
2026-09-13 16:23:51,206 - INFO - HTTP Request: POST https://api.deepseek.com/chat/completions "HTTP/1.1 200 OK"
2026-09-13 16:23:55,238 - INFO - HTTP Request: POST https://api.deepseek.com/chat/completions "HTTP/1.1 200 OK"
2026-09-13 16:24:11,171 - INFO - HTTP Request: POST https://api.deepseek.com/chat/completions "HTTP/1.1 200 OK"
2026-09-13 16:24:14,368 - INFO - HTTP Request: POST https://api.deepseek.com/chat/completions "HTTP/1.1 200 OK"
2026-09-13 16:24:17,552 - INFO - HTTP Request: POST https://api.deepseek.com/chat/completions "HTTP/1.1 200 OK"
2026-09-13 16:24:25,453 - INFO - HTTP Request: POST https://api.deepseek.com/chat/completions "HTTP/1.1 200 OK"
2026-09-13 16:24:30,655 - INFO - HTTP Request: POST https://api.deepseek.com/chat/completions "HTTP/1.1 200 OK"
2026-09-13 16:24:34,436 - INFO - HTTP Request: POST https://api.deepseek.com/chat/completions "HTTP/1.1 200 OK"
2026-09-13 16:24:38,348 - INFO - HTTP Request: POST https://api.deepseek.com/chat/completions "HTTP/1.1 200 OK"
2026-09-13 16:24:41,913 - INFO - HTTP Request: POST https://api.deepseek.com/chat/completions "HTTP/1.1 200 OK"
2026-09-13 16:24:45,530 - INFO - HTTP Request: POST https://api.deepseek.com/chat/completions "HTTP/1.1 200 OK"
2026-09-13 16:24:48,575 - INFO - HTTP Request: POST https://api.deepseek.com/chat/completions "HTTP/1.1 200 OK"
2026-09-13 16:24:51,456 - INFO - HTTP Request: POST https://api.deepseek.com/chat/completions "HTTP/1.1 200 OK"
2026-09-13 16:24:54,895 - INFO - HTTP Request: POST https://api.deepseek.com/chat/completions "HTTP/1.1 200 OK"
2026-09-13 16:24:58,263 - INFO - HTTP Request: POST https://api.deepseek.com/chat/completions "HTTP/1.1 200 OK"
2026-09-13 16:25:01,766 - INFO - HTTP Request: POST https://api.deepseek.com/chat/completions "HTTP/1.1 200 OK"
2026-09-13 16:25:04,557 - INFO - HTTP Request: POST https://api.deepseek.com/chat/completions "HTTP/1.1 200 OK"
2026-09-13 16:25:07,565 - INFO - HTTP Request: POST https://api.deepseek.com/chat/completions "HTTP/1.1 200 OK"
2026-09-13 16:25:10,662 - INFO - HTTP Request: POST https://api.deepseek.com/chat/completions "HTTP/1.1 200 OK"
2026-09-13 16:25:14,459 - INFO - HTTP Request: POST https://api.deepseek.com/chat/completions "HTTP/1.1 200 OK"
2026-09-13 16:25:18,717 - INFO - HTTP Request: POST https://api.deepseek.com/chat/completions "HTTP/1.1 200 OK"
2026-09-13 16:25:26,482 - INFO - HTTP Request: POST https://api.deepseek.com/chat/completions "HTTP/1.1 200 OK"
2026-09-13 16:25:29,662 - INFO - HTTP Request: POST https://api.deepseek.com/chat/completions "HTTP/1.1 200 OK"
2026-09-13 16:25:32,893 - INFO - HTTP Request: POST https://api.deepseek.com/chat/completions "HTTP/1.1 200 OK"
2026-09-13 16:25:36,796 - INFO - HTTP Request: POST https://api.deepseek.com/chat/completions "HTTP/1.1 200 OK"
2026-09-13 16:25:40,254 - INFO - HTTP Request: POST https://api.deepseek.com/chat/completions "HTTP/1.1 200 OK"
2026-09-13 16:25:47,262 - INFO - HTTP Request: POST https://api.deepseek.com/chat/completions "HTTP/1.1 200 OK"
2026-09-13 16:25:51,309 - INFO - HTTP Request: POST https://api.deepseek.com/chat/completions "HTTP/1.1 200 OK"
2026-09-13 16:25:54,283 - INFO - HTTP Request: POST https://api.deepseek.com/chat/completions "HTTP/1.1 200 OK"
2026-09-13 16:25:57,343 - INFO - HTTP Request: POST https://api.deepseek.com/chat/completions "HTTP/1.1 200 OK"
2026-09-13 16:26:00,491 - INFO - HTTP Request: POST https://api.deepseek.com/chat/completions "HTTP/1.1 200 OK"
2026-09-13 16:26:07,413 - INFO - HTTP Request: POST https://api.deepseek.com/chat/completions "HTTP/1.1 200 OK"
2026-09-13 16:26:29,406 - INFO - HTTP Request: POST https://api.deepseek.com/chat/completions "HTTP/1.1 200 OK"
2026-09-13 16:26:32,521 - INFO - HTTP Request: POST https://api.deepseek.com/chat/completions "HTTP/1.1 200 OK"
2026-09-13 16:26:40,805 - INFO - HTTP Request: POST https://api.deepseek.com/chat/completions "HTTP/1.1 200 OK"
2026-09-13 16:26:43,853 - INFO - HTTP Request: POST https://api.deepseek.com/chat/completions "HTTP/1.1 200 OK"
2026-09-13 16:26:55,731 - INFO - HTTP Request: POST https://api.deepseek.com/chat/completions "HTTP/1.1 200 OK"
2026-09-13 16:27:00,391 - INFO - HTTP Request: POST https://api.deepseek.com/chat/completions "HTTP/1.1 200 OK"
2026-09-13 16:27:14,707 - INFO - HTTP Request: POST https://api.deepseek.com/chat/completions "HTTP/1.1 200 OK"
2026-09-13 16:27:17,732 - INFO - HTTP Request: POST https://api.deepseek.com/chat/completions "HTTP/1.1 200 OK"
2026-09-13 16:27:20,841 - INFO - HTTP Request: POST https://api.deepseek.com/chat/completions "HTTP/1.1 200 OK"
2026-09-13 16:27:26,419 - INFO - HTTP Request: POST https://api.deepseek.com/chat/completions "HTTP/1.1 200 OK"
2026-09-13 16:27:33,756 - INFO - HTTP Request: POST https://api.deepseek.com/chat/completions "HTTP/1.1 200 OK"
2026-09-13 16:27:36,858 - INFO - HTTP Request: POST https://api.deepseek.com/chat/completions "HTTP/1.1 200 OK"
2026-09-13 16:27:40,683 - INFO - HTTP Request: POST https://api.deepseek.com/chat/completions "HTTP/1.1 200 OK"
2026-09-13 16:27:48,950 - INFO - HTTP Request: POST https://api.deepseek.com/chat/completions "HTTP/1.1 200 OK"
2026-09-13 16:27:58,081 - INFO - HTTP Request: POST https://api.deepseek.com/chat/completions "HTTP/1.1 200 OK"
2026-09-13 16:28:01,963 - INFO - HTTP Request: POST https://api.deepseek.com/chat/completions "HTTP/1.1 200 OK"
2026-09-13 16:28:10,233 - INFO - HTTP Request: POST https://api.deepseek.com/chat/completions "HTTP/1.1 200 OK"
2026-09-13 16:28:13,154 - INFO - HTTP Request: POST https://api.deepseek.com/chat/completions "HTTP/1.1 200 OK"
2026-09-13 16:28:17,943 - INFO - HTTP Request: POST https://api.deepseek.com/chat/completions "HTTP/1.1 200 OK"
2026-09-13 16:28:20,871 - INFO - HTTP Request: POST https://api.deepseek.com/chat/completions "HTTP/1.1 200 OK"
2026-09-13 16:28:30,965 - INFO - HTTP Request: POST https://api.deepseek.com/chat/completions "HTTP/1.1 200 OK"
2026-09-13 16:29:11,290 - INFO - HTTP Request: POST https://api.deepseek.com/chat/completions "HTTP/1.1 200 OK"
2026-09-13 16:29:35,206 - INFO - HTTP Request: POST https://api.deepseek.com/chat/completions "HTTP/1.1 200 OK"
2026-09-13 16:29:46,003 - INFO - HTTP Request: POST https://api.deepseek.com/chat/completions "HTTP/1.1 200 OK"
2026-09-13 16:29:53,423 - INFO - HTTP Request: POST https://api.deepseek.com/chat/completions "HTTP/1.1 200 OK"
2026-09-13 16:29:56,396 - INFO - HTTP Request: POST https://api.deepseek.com/chat/completions "HTTP/1.1 200 OK"
2026-09-13 16:29:59,342 - INFO - HTTP Request: POST https://api.deepseek.com/chat/completions "HTTP/1.1 200 OK"
2026-09-13 16:30:02,862 - INFO - HTTP Request: POST https://api.deepseek.com/chat/completions "HTTP/1.1 200 OK"
2026-09-13 16:30:12,890 - INFO - HTTP Request: POST https://api.deepseek.com/chat/completions "HTTP/1.1 200 OK"
2026-09-13 16:30:27,883 - INFO - HTTP Request: POST https://api.deepseek.com/chat/completions "HTTP/1.1 200 OK"
2026-09-13 16:30:36,057 - INFO - HTTP Request: POST https://api.deepseek.com/chat/completions "HTTP/1.1 200 OK"
2026-09-13 16:30:39,121 - INFO - HTTP Request: POST https://api.deepseek.com/chat/completions "HTTP/1.1 200 OK"
2026-09-13 16:30:43,237 - INFO - HTTP Request: POST https://api.deepseek.com/chat/completions "HTTP/1.1 200 OK"
2026-09-13 16:30:46,435 - INFO - HTTP Request: POST https://api.deepseek.com/chat/completions "HTTP/1.1 200 OK"
2026-09-13 16:30:49,535 - INFO - HTTP Request: POST https://api.deepseek.com/chat/completions "HTTP/1.1 200 OK"
2026-09-13 16:30:53,181 - INFO - HTTP Request: POST https://api.deepseek.com/chat/completions "HTTP/1.1 200 OK"
2026-09-13 16:30:57,902 - INFO - HTTP Request: POST https://api.deepseek.com/chat/completions "HTTP/1.1 200 OK"
2026-09-13 16:31:07,576 - INFO - HTTP Request: POST https://api.deepseek.com/chat/completions "HTTP/1.1 200 OK"
2026-09-13 16:31:23,291 - INFO - HTTP Request: POST https://api.deepseek.com/chat/completions "HTTP/1.1 200 OK"
2026-09-13 16:31:30,464 - INFO - HTTP Request: POST https://api.deepseek.com/chat/completions "HTTP/1.1 200 OK"
2026-09-13 16:31:33,233 - INFO - HTTP Request: POST https://api.deepseek.com/chat/completions "HTTP/1.1 200 OK"
2026-09-13 16:31:38,628 - INFO - HTTP Request: POST https://api.deepseek.com/chat/completions "HTTP/1.1 200 OK"
2026-09-13 16:31:42,106 - INFO - HTTP Request: POST https://api.deepseek.com/chat/completions "HTTP/1.1 200 OK"
2026-09-13 16:31:45,152 - INFO - HTTP Request: POST https://api.deepseek.com/chat/completions "HTTP/1.1 200 OK"
2026-09-13 16:31:48,074 - INFO - HTTP Request: POST https://api.deepseek.com/chat/completions "HTTP/1.1 200 OK"
2026-09-13 16:31:51,214 - INFO - HTTP Request: POST https://api.deepseek.com/chat/completions "HTTP/1.1 200 OK"
2026-09-13 16:31:54,054 - INFO - HTTP Request: POST https://api.deepseek.com/chat/completions "HTTP/1.1 200 OK"
2026-09-13 16:32:03,969 - INFO - HTTP Request: POST https://api.deepseek.com/chat/completions "HTTP/1.1 200 OK"
2026-09-13 16:32:08,266 - INFO - HTTP Request: POST https://api.deepseek.com/chat/completions "HTTP/1.1 200 OK"
2026-09-13 16:32:12,272 - INFO - HTTP Request: POST https://api.deepseek.com/chat/completions "HTTP/1.1 200 OK"
2026-09-13 16:32:15,722 - INFO - HTTP Request: POST https://api.deepseek.com/chat/completions "HTTP/1.1 200 OK"
2026-09-13 16:32:19,007 - INFO - HTTP Request: POST https://api.deepseek.com/chat/completions "HTTP/1.1 200 OK"
2026-09-13 16:32:29,136 - INFO - HTTP Request: POST https://api.deepseek.com/chat/completions "HTTP/1.1 200 OK"
2026-09-13 16:32:45,338 - INFO - HTTP Request: POST https://api.deepseek.com/chat/completions "HTTP/1.1 200 OK"
2026-09-13 16:32:48,559 - INFO - HTTP Request: POST https://api.deepseek.com/chat/completions "HTTP/1.1 200 OK"
2026-09-13 16:33:19,811 - INFO - HTTP Request: POST https://api.deepseek.com/chat/completions "HTTP/1.1 200 OK"
2026-09-13 16:33:24,339 - INFO - HTTP Request: POST https://api.deepseek.com/chat/completions "HTTP/1.1 200 OK"
2026-09-13 16:33:30,274 - INFO - HTTP Request: POST https://api.deepseek.com/chat/completions "HTTP/1.1 200 OK"
2026-09-13 16:33:42,105 - INFO - HTTP Request: POST https://api.deepseek.com/chat/completions "HTTP/1.1 200 OK"
2026-09-13 16:33:46,288 - INFO - HTTP Request: POST https://api.deepseek.com/chat/completions "HTTP/1.1 200 OK"
2026-09-13 16:33:49,804 - INFO - HTTP Request: POST https://api.deepseek.com/chat/completions "HTTP/1.1 200 OK"
2026-09-13 16:33:53,001 - INFO - HTTP Request: POST https://api.deepseek.com/chat/completions "HTTP/1.1 200 OK"
2026-09-13 16:33:57,654 - INFO - HTTP Request: POST https://api.deepseek.com/chat/completions "HTTP/1.1 200 OK"
2026-09-13 16:34:01,027 - INFO - HTTP Request: POST https://api.deepseek.com/chat/completions "HTTP/1.1 200 OK"
2026-09-13 16:34:04,795 - INFO - HTTP Request: POST https://api.deepseek.com/chat/completions "HTTP/1.1 200 OK"
2026-09-13 16:34:08,079 - INFO - HTTP Request: POST https://api.deepseek.com/chat/completions "HTTP/1.1 200 OK"
2026-09-13 16:34:38,893 - INFO - HTTP Request: POST https://api.deepseek.com/chat/completions "HTTP/1.1 200 OK"
2026-09-13 16:34:48,143 - INFO - HTTP Request: POST https://api.deepseek.com/chat/completions "HTTP/1.1 200 OK"
2026-09-13 16:35:02,808 - INFO - HTTP Request: POST https://api.deepseek.com/chat/completions "HTTP/1.1 200 OK"
2026-09-13 16:35:08,066 - INFO - HTTP Request: POST https://api.deepseek.com/chat/completions "HTTP/1.1 200 OK"
2026-09-13 16:35:16,266 - INFO - HTTP Request: POST https://api.deepseek.com/chat/completions "HTTP/1.1 200 OK"
2026-09-13 16:35:19,426 - INFO - HTTP Request: POST https://api.deepseek.com/chat/completions "HTTP/1.1 200 OK"
2026-09-13 16:35:27,526 - INFO - HTTP Request: POST https://api.deepseek.com/chat/completions "HTTP/1.1 200 OK"
2026-09-13 16:35:30,270 - INFO - HTTP Request: POST https://api.deepseek.com/chat/completions "HTTP/1.1 200 OK"
2026-09-13 16:35:33,344 - INFO - HTTP Request: POST https://api.deepseek.com/chat/completions "HTTP/1.1 200 OK"
2026-09-13 16:35:36,329 - INFO - HTTP Request: POST https://api.deepseek.com/chat/completions "HTTP/1.1 200 OK"
2026-09-13 16:35:39,535 - INFO - HTTP Request: POST https://api.deepseek.com/chat/completions "HTTP/1.1 200 OK"
2026-09-13 16:35:45,565 - INFO - HTTP Request: POST https://api.deepseek.com/chat/completions "HTTP/1.1 200 OK"
2026-09-13 16:35:48,694 - INFO - HTTP Request: POST https://api.deepseek.com/chat/completions "HTTP/1.1 200 OK"
2026-09-13 16:35:51,468 - INFO - HTTP Request: POST https://api.deepseek.com/chat/completions "HTTP/1.1 200 OK"
2026-09-13 16:36:02,278 - INFO - HTTP Request: POST https://api.deepseek.com/chat/completions "HTTP/1.1 200 OK"
2026-09-13 16:36:05,308 - INFO - HTTP Request: POST https://api.deepseek.com/chat/completions "HTTP/1.1 200 OK"
2026-09-13 16:36:08,611 - INFO - HTTP Request: POST https://api.deepseek.com/chat/completions "HTTP/1.1 200 OK"
2026-09-13 16:36:13,964 - INFO - HTTP Request: POST https://api.deepseek.com/chat/completions "HTTP/1.1 200 OK"
2026-09-13 16:36:17,887 - INFO - HTTP Request: POST https://api.deepseek.com/chat/completions "HTTP/1.1 200 OK"
2026-09-13 16:36:21,001 - INFO - HTTP Request: POST https://api.deepseek.com/chat/completions "HTTP/1.1 200 OK"
2026-09-13 16:36:26,946 - INFO - HTTP Request: POST https://api.deepseek.com/chat/completions "HTTP/1.1 200 OK"
2026-09-13 16:36:37,380 - INFO - HTTP Request: POST https://api.deepseek.com/chat/completions "HTTP/1.1 200 OK"
2026-09-13 16:36:56,302 - INFO - HTTP Request: POST https://api.deepseek.com/chat/completions "HTTP/1.1 200 OK"
2026-09-13 16:36:59,451 - INFO - HTTP Request: POST https://api.deepseek.com/chat/completions "HTTP/1.1 200 OK"
2026-09-13 16:37:16,552 - INFO - HTTP Request: POST https://api.deepseek.com/chat/completions "HTTP/1.1 200 OK"
2026-09-13 16:37:25,263 - INFO - HTTP Request: POST https://api.deepseek.com/chat/completions "HTTP/1.1 200 OK"
2026-09-13 16:37:37,000 - INFO - HTTP Request: POST https://api.deepseek.com/chat/completions "HTTP/1.1 200 OK"
2026-09-13 16:38:13,883 - INFO - HTTP Request: POST https://api.deepseek.com/chat/completions "HTTP/1.1 200 OK"
2026-09-13 16:38:18,168 - INFO - HTTP Request: POST https://api.deepseek.com/chat/completions "HTTP/1.1 200 OK"
2026-09-13 16:38:34,807 - INFO - HTTP Request: POST https://api.deepseek.com/chat/completions "HTTP/1.1 200 OK"
2026-09-13 16:38:38,252 - INFO - HTTP Request: POST https://api.deepseek.com/chat/completions "HTTP/1.1 200 OK"
2026-09-13 16:38:41,668 - INFO - HTTP Request: POST https://api.deepseek.com/chat/completions "HTTP/1.1 200 OK"
2026-09-13 16:38:51,342 - INFO - HTTP Request: POST https://api.deepseek.com/chat/completions "HTTP/1.1 200 OK"
2026-09-13 16:39:01,292 - INFO - HTTP Request: POST https://api.deepseek.com/chat/completions "HTTP/1.1 200 OK"
2026-09-13 16:39:05,136 - INFO - HTTP Request: POST https://api.deepseek.com/chat/completions "HTTP/1.1 200 OK"
2026-09-13 16:39:09,863 - INFO - HTTP Request: POST https://api.deepseek.com/chat/completions "HTTP/1.1 200 OK"
2026-09-13 16:39:26,187 - INFO - HTTP Request: POST https://api.deepseek.com/chat/completions "HTTP/1.1 200 OK"
2026-09-13 16:39:29,637 - INFO - HTTP Request: POST https://api.deepseek.com/chat/completions "HTTP/1.1 200 OK"
2026-09-13 16:39:33,729 - INFO - HTTP Request: POST https://api.deepseek.com/chat/completions "HTTP/1.1 200 OK"
2026-09-13 16:39:36,809 - INFO - HTTP Request: POST https://api.deepseek.com/chat/completions "HTTP/1.1 200 OK"
2026-09-13 16:39:42,107 - INFO - HTTP Request: POST https://api.deepseek.com/chat/completions "HTTP/1.1 200 OK"
2026-09-13 16:39:46,339 - INFO - HTTP Request: POST https://api.deepseek.com/chat/completions "HTTP/1.1 200 OK"
2026-09-13 16:40:00,594 - INFO - HTTP Request: POST https://api.deepseek.com/chat/completions "HTTP/1.1 200 OK"
2026-09-13 16:40:04,078 - INFO - HTTP Request: POST https://api.deepseek.com/chat/completions "HTTP/1.1 200 OK"
2026-09-13 16:40:07,034 - INFO - HTTP Request: POST https://api.deepseek.com/chat/completions "HTTP/1.1 200 OK"
2026-09-13 16:40:31,660 - INFO - HTTP Request: POST https://api.deepseek.com/chat/completions "HTTP/1.1 200 OK"
2026-09-13 16:40:43,477 - INFO - HTTP Request: POST https://api.deepseek.com/chat/completions "HTTP/1.1 200 OK"
2026-09-13 16:40:58,784 - INFO - HTTP Request: POST https://api.deepseek.com/chat/completions "HTTP/1.1 200 OK"
2026-09-13 16:41:02,117 - INFO - HTTP Request: POST https://api.deepseek.com/chat/completions "HTTP/1.1 200 OK"
2026-09-13 16:41:05,196 - INFO - HTTP Request: POST https://api.deepseek.com/chat/completions "HTTP/1.1 200 OK"
2026-09-13 16:41:34,244 - INFO - HTTP Request: POST https://api.deepseek.com/chat/completions "HTTP/1.1 200 OK"
2026-09-13 16:41:48,759 - INFO - HTTP Request: POST https://api.deepseek.com/chat/completions "HTTP/1.1 200 OK"
2026-09-13 16:41:51,694 - INFO - HTTP Request: POST https://api.deepseek.com/chat/completions "HTTP/1.1 200 OK"
2026-09-13 16:41:54,801 - INFO - HTTP Request: POST https://api.deepseek.com/chat/completions "HTTP/1.1 200 OK"
2026-09-13 16:41:57,716 - INFO - HTTP Request: POST https://api.deepseek.com/chat/completions "HTTP/1.1 200 OK"
2026-09-13 16:42:09,028 - INFO - HTTP Request: POST https://api.deepseek.com/chat/completions "HTTP/1.1 200 OK"
2026-09-13 16:42:13,514 - INFO - HTTP Request: POST https://api.deepseek.com/chat/completions "HTTP/1.1 200 OK"
2026-09-13 16:42:16,856 - INFO - HTTP Request: POST https://api.deepseek.com/chat/completions "HTTP/1.1 200 OK"
2026-09-13 16:42:19,646 - INFO - HTTP Request: POST https://api.deepseek.com/chat/completions "HTTP/1.1 200 OK"
2026-09-13 16:42:25,343 - INFO - HTTP Request: POST https://api.deepseek.com/chat/completions "HTTP/1.1 200 OK"
2026-09-13 16:42:29,237 - INFO - HTTP Request: POST https://api.deepseek.com/chat/completions "HTTP/1.1 200 OK"
2026-09-13 16:42:34,307 - INFO - HTTP Request: POST https://api.deepseek.com/chat/completions "HTTP/1.1 200 OK"
2026-09-13 16:42:50,693 - INFO - HTTP Request: POST https://api.deepseek.com/chat/completions "HTTP/1.1 200 OK"
2026-09-13 16:42:53,663 - INFO - HTTP Request: POST https://api.deepseek.com/chat/completions "HTTP/1.1 200 OK"
2026-09-13 16:42:56,795 - INFO - HTTP Request: POST https://api.deepseek.com/chat/completions "HTTP/1.1 200 OK"
2026-09-13 16:43:00,372 - INFO - HTTP Request: POST https://api.deepseek.com/chat/completions "HTTP/1.1 200 OK"
2026-09-13 16:43:03,463 - INFO - HTTP Request: POST https://api.deepseek.com/chat/completions "HTTP/1.1 200 OK"
2026-09-13 16:43:06,696 - INFO - HTTP Request: POST https://api.deepseek.com/chat/completions "HTTP/1.1 200 OK"
2026-09-13 16:44:05,969 - INFO - HTTP Request: POST https://api.deepseek.com/chat/completions "HTTP/1.1 200 OK"
2026-09-13 16:44:11,642 - INFO - HTTP Request: POST https://api.deepseek.com/chat/completions "HTTP/1.1 200 OK"
2026-09-13 16:44:15,212 - INFO - HTTP Request: POST https://api.deepseek.com/chat/completions "HTTP/1.1 200 OK"
2026-09-13 16:44:26,578 - INFO - HTTP Request: POST https://api.deepseek.com/chat/completions "HTTP/1.1 200 OK"
2026-09-13 16:44:30,002 - INFO - HTTP Request: POST https://api.deepseek.com/chat/completions "HTTP/1.1 200 OK"
2026-09-13 16:44:34,345 - INFO - HTTP Request: POST https://api.deepseek.com/chat/completions "HTTP/1.1 200 OK"
2026-09-13 16:44:36,986 - INFO - HTTP Request: POST https://api.deepseek.com/chat/completions "HTTP/1.1 200 OK"
2026-09-13 16:44:42,054 - INFO - HTTP Request: POST https://api.deepseek.com/chat/completions "HTTP/1.1 200 OK"
2026-09-13 16:44:46,361 - INFO - HTTP Request: POST https://api.deepseek.com/chat/completions "HTTP/1.1 200 OK"
2026-09-13 16:44:50,086 - INFO - HTTP Request: POST https://api.deepseek.com/chat/completions "HTTP/1.1 200 OK"
2026-09-13 16:44:53,639 - INFO - HTTP Request: POST https://api.deepseek.com/chat/completions "HTTP/1.1 200 OK"
2026-09-13 16:45:14,783 - INFO - HTTP Request: POST https://api.deepseek.com/chat/completions "HTTP/1.1 200 OK"
2026-09-13 16:45:20,747 - INFO - HTTP Request: POST https://api.deepseek.com/chat/completions "HTTP/1.1 200 OK"
2026-09-13 16:45:25,311 - INFO - HTTP Request: POST https://api.deepseek.com/chat/completions "HTTP/1.1 200 OK"
2026-09-13 16:45:29,548 - INFO - HTTP Request: POST https://api.deepseek.com/chat/completions "HTTP/1.1 200 OK"
2026-09-13 16:45:34,120 - INFO - HTTP Request: POST https://api.deepseek.com/chat/completions "HTTP/1.1 200 OK"
2026-09-13 16:45:41,234 - INFO - HTTP Request: POST https://api.deepseek.com/chat/completions "HTTP/1.1 200 OK"
2026-09-13 16:45:46,911 - INFO - HTTP Request: POST https://api.deepseek.com/chat/completions "HTTP/1.1 200 OK"
2026-09-13 16:45:50,105 - INFO - HTTP Request: POST https://api.deepseek.com/chat/completions "HTTP/1.1 200 OK"
2026-09-13 16:45:53,198 - INFO - HTTP Request: POST https://api.deepseek.com/chat/completions "HTTP/1.1 200 OK"
2026-09-13 16:45:56,321 - INFO - HTTP Request: POST https://api.deepseek.com/chat/completions "HTTP/1.1 200 OK"
2026-09-13 16:45:59,775 - INFO - HTTP Request: POST https://api.deepseek.com/chat/completions "HTTP/1.1 200 OK"
2026-09-13 16:46:04,283 - INFO - HTTP Request: POST https://api.deepseek.com/chat/completions "HTTP/1.1 200 OK"
2026-09-13 16:46:08,204 - INFO - HTTP Request: POST https://api.deepseek.com/chat/completions "HTTP/1.1 200 OK"
2026-09-13 16:46:22,915 - INFO - HTTP Request: POST https://api.deepseek.com/chat/completions "HTTP/1.1 200 OK"
2026-09-13 16:46:55,706 - INFO - HTTP Request: POST https://api.deepseek.com/chat/completions "HTTP/1.1 200 OK"
2026-09-13 16:46:58,654 - INFO - HTTP Request: POST https://api.deepseek.com/chat/completions "HTTP/1.1 200 OK"
2026-09-13 16:47:02,186 - INFO - HTTP Request: POST https://api.deepseek.com/chat/completions "HTTP/1.1 200 OK"
2026-09-13 16:47:05,913 - INFO - HTTP Request: POST https://api.deepseek.com/chat/completions "HTTP/1.1 200 OK"
2026-09-13 16:47:08,947 - INFO - HTTP Request: POST https://api.deepseek.com/chat/completions "HTTP/1.1 200 OK"
2026-09-13 16:47:13,835 - INFO - HTTP Request: POST https://api.deepseek.com/chat/completions "HTTP/1.1 200 OK"
2026-09-13 16:47:39,289 - INFO - HTTP Request: POST https://api.deepseek.com/chat/completions "HTTP/1.1 200 OK"
2026-09-13 16:47:43,853 - INFO - HTTP Request: POST https://api.deepseek.com/chat/completions "HTTP/1.1 200 OK"
2026-09-13 16:47:53,923 - INFO - HTTP Request: POST https://api.deepseek.com/chat/completions "HTTP/1.1 200 OK"
2026-09-13 16:47:57,114 - INFO - HTTP Request: POST https://api.deepseek.com/chat/completions "HTTP/1.1 200 OK"
2026-09-13 16:48:03,342 - INFO - HTTP Request: POST https://api.deepseek.com/chat/completions "HTTP/1.1 200 OK"
2026-09-13 16:48:08,561 - INFO - HTTP Request: POST https://api.deepseek.com/chat/completions "HTTP/1.1 200 OK"
2026-09-13 16:48:11,449 - INFO - HTTP Request: POST https://api.deepseek.com/chat/completions "HTTP/1.1 200 OK"
2026-09-13 16:48:33,667 - INFO - HTTP Request: POST https://api.deepseek.com/chat/completions "HTTP/1.1 200 OK"
2026-09-13 16:48:39,760 - INFO - HTTP Request: POST https://api.deepseek.com/chat/completions "HTTP/1.1 200 OK"
2026-09-13 16:48:47,906 - INFO - HTTP Request: POST https://api.deepseek.com/chat/completions "HTTP/1.1 200 OK"
2026-09-13 16:48:56,174 - INFO - HTTP Request: POST https://api.deepseek.com/chat/completions "HTTP/1.1 200 OK"
2026-09-13 16:48:59,519 - INFO - HTTP Request: POST https://api.deepseek.com/chat/completions "HTTP/1.1 200 OK"
2026-09-13 16:49:03,261 - INFO - HTTP Request: POST https://api.deepseek.com/chat/completions "HTTP/1.1 200 OK"
2026-09-13 16:49:08,238 - INFO - HTTP Request: POST https://api.deepseek.com/chat/completions "HTTP/1.1 200 OK"
2026-09-13 16:49:11,748 - INFO - HTTP Request: POST https://api.deepseek.com/chat/completions "HTTP/1.1 200 OK"
2026-09-13 16:49:14,916 - INFO - HTTP Request: POST https://api.deepseek.com/chat/completions "HTTP/1.1 200 OK"
2026-09-13 16:49:19,300 - INFO - HTTP Request: POST https://api.deepseek.com/chat/completions "HTTP/1.1 200 OK"
2026-09-13 16:49:22,436 - INFO - HTTP Request: POST https://api.deepseek.com/chat/completions "HTTP/1.1 200 OK"
2026-09-13 16:49:26,250 - INFO - HTTP Request: POST https://api.deepseek.com/chat/completions "HTTP/1.1 200 OK"
2026-09-13 16:49:29,849 - INFO - HTTP Request: POST https://api.deepseek.com/chat/completions "HTTP/1.1 200 OK"
2026-09-13 16:49:33,465 - INFO - HTTP Request: POST https://api.deepseek.com/chat/completions "HTTP/1.1 200 OK"
2026-09-13 16:49:37,714 - INFO - HTTP Request: POST https://api.deepseek.com/chat/completions "HTTP/1.1 200 OK"
2026-09-13 16:50:16,428 - INFO - HTTP Request: POST https://api.deepseek.com/chat/completions "HTTP/1.1 200 OK"
2026-09-13 16:50:19,853 - INFO - HTTP Request: POST https://api.deepseek.com/chat/completions "HTTP/1.1 200 OK"
2026-09-13 16:50:24,896 - INFO - HTTP Request: POST https://api.deepseek.com/chat/completions "HTTP/1.1 200 OK"
2026-09-13 16:50:28,248 - INFO - HTTP Request: POST https://api.deepseek.com/chat/completions "HTTP/1.1 200 OK"
2026-09-13 16:50:31,573 - INFO - HTTP Request: POST https://api.deepseek.com/chat/completions "HTTP/1.1 200 OK"
2026-09-13 16:50:56,792 - INFO - HTTP Request: POST https://api.deepseek.com/chat/completions "HTTP/1.1 200 OK"
2026-09-13 16:51:19,315 - INFO - HTTP Request: POST https://api.deepseek.com/chat/completions "HTTP/1.1 200 OK"
2026-09-13 16:51:26,623 - INFO - HTTP Request: POST https://api.deepseek.com/chat/completions "HTTP/1.1 200 OK"
2026-09-13 16:51:29,780 - INFO - HTTP Request: POST https://api.deepseek.com/chat/completions "HTTP/1.1 200 OK"
2026-09-13 16:51:33,682 - INFO - HTTP Request: POST https://api.deepseek.com/chat/completions "HTTP/1.1 200 OK"
2026-09-13 16:51:37,954 - INFO - HTTP Request: POST https://api.deepseek.com/chat/completions "HTTP/1.1 200 OK"
2026-09-13 16:51:47,938 - INFO - HTTP Request: POST https://api.deepseek.com/chat/completions "HTTP/1.1 200 OK"
2026-09-13 16:51:51,674 - INFO - HTTP Request: POST https://api.deepseek.com/chat/completions "HTTP/1.1 200 OK"
2026-09-13 16:52:11,794 - INFO - HTTP Request: POST https://api.deepseek.com/chat/completions "HTTP/1.1 200 OK"
2026-09-13 16:52:15,111 - INFO - HTTP Request: POST https://api.deepseek.com/chat/completions "HTTP/1.1 200 OK"
2026-09-13 16:52:31,218 - INFO - HTTP Request: POST https://api.deepseek.com/chat/completions "HTTP/1.1 200 OK"
2026-09-13 16:52:35,837 - INFO - HTTP Request: POST https://api.deepseek.com/chat/completions "HTTP/1.1 200 OK"
2026-09-13 16:52:40,874 - INFO - HTTP Request: POST https://api.deepseek.com/chat/completions "HTTP/1.1 200 OK"
2026-09-13 16:52:44,248 - INFO - HTTP Request: POST https://api.deepseek.com/chat/completions "HTTP/1.1 200 OK"
2026-09-13 16:53:21,297 - INFO - HTTP Request: POST https://api.deepseek.com/chat/completions "HTTP/1.1 200 OK"
2026-09-13 16:53:25,249 - INFO - HTTP Request: POST https://api.deepseek.com/chat/completions "HTTP/1.1 200 OK"
2026-09-13 16:53:41,874 - INFO - HTTP Request: POST https://api.deepseek.com/chat/completions "HTTP/1.1 200 OK"
2026-09-13 16:53:45,526 - INFO - HTTP Request: POST https://api.deepseek.com/chat/completions "HTTP/1.1 200 OK"
2026-09-13 16:53:48,595 - INFO - HTTP Request: POST https://api.deepseek.com/chat/completions "HTTP/1.1 200 OK"
2026-09-13 16:54:16,516 - INFO - HTTP Request: POST https://api.deepseek.com/chat/completions "HTTP/1.1 200 OK"
2026-09-13 16:54:21,761 - INFO - HTTP Request: POST https://api.deepseek.com/chat/completions "HTTP/1.1 200 OK"
2026-09-13 16:54:25,599 - INFO - HTTP Request: POST https://api.deepseek.com/chat/completions "HTTP/1.1 200 OK"
2026-09-13 16:54:33,131 - INFO - HTTP Request: POST https://api.deepseek.com/chat/completions "HTTP/1.1 200 OK"
2026-09-13 16:54:44,475 - INFO - HTTP Request: POST https://api.deepseek.com/chat/completions "HTTP/1.1 200 OK"
2026-09-13 16:54:52,030 - INFO - HTTP Request: POST https://api.deepseek.com/chat/completions "HTTP/1.1 200 OK"
2026-09-13 16:55:00,518 - INFO - HTTP Request: POST https://api.deepseek.com/chat/completions "HTTP/1.1 200 OK"
2026-09-13 16:55:07,667 - INFO - HTTP Request: POST https://api.deepseek.com/chat/completions "HTTP/1.1 200 OK"
2026-09-13 16:55:11,059 - INFO - HTTP Request: POST https://api.deepseek.com/chat/completions "HTTP/1.1 200 OK"
2026-09-13 16:55:25,396 - INFO - HTTP Request: POST https://api.deepseek.com/chat/completions "HTTP/1.1 200 OK"
2026-09-13 16:55:29,067 - INFO - HTTP Request: POST https://api.deepseek.com/chat/completions "HTTP/1.1 200 OK"
2026-09-13 16:55:40,919 - INFO - HTTP Request: POST https://api.deepseek.com/chat/completions "HTTP/1.1 200 OK"
2026-09-13 16:55:45,979 - INFO - HTTP Request: POST https://api.deepseek.com/chat/completions "HTTP/1.1 200 OK"
2026-09-13 16:55:49,023 - INFO - HTTP Request: POST https://api.deepseek.com/chat/completions "HTTP/1.1 200 OK"
2026-09-13 16:55:52,295 - INFO - HTTP Request: POST https://api.deepseek.com/chat/completions "HTTP/1.1 200 OK"
2026-09-13 16:56:04,225 - INFO - HTTP Request: POST https://api.deepseek.com/chat/completions "HTTP/1.1 200 OK"
2026-09-13 16:56:29,393 - INFO - HTTP Request: POST https://api.deepseek.com/chat/completions "HTTP/1.1 200 OK"
2026-09-13 16:56:44,070 - INFO - HTTP Request: POST https://api.deepseek.com/chat/completions "HTTP/1.1 200 OK"
2026-09-13 16:56:53,767 - INFO - HTTP Request: POST https://api.deepseek.com/chat/completions "HTTP/1.1 200 OK"
2026-09-13 16:56:56,900 - INFO - HTTP Request: POST https://api.deepseek.com/chat/completions "HTTP/1.1 200 OK"
2026-09-13 16:57:03,099 - INFO - HTTP Request: POST https://api.deepseek.com/chat/completions "HTTP/1.1 200 OK"
2026-09-13 16:57:06,496 - INFO - HTTP Request: POST https://api.deepseek.com/chat/completions "HTTP/1.1 200 OK"
2026-09-13 16:57:19,854 - INFO - HTTP Request: POST https://api.deepseek.com/chat/completions "HTTP/1.1 200 OK"
2026-09-13 16:57:23,017 - INFO - HTTP Request: POST https://api.deepseek.com/chat/completions "HTTP/1.1 200 OK"
2026-09-13 16:57:26,186 - INFO - HTTP Request: POST https://api.deepseek.com/chat/completions "HTTP/1.1 200 OK"
2026-09-13 16:57:29,558 - INFO - HTTP Request: POST https://api.deepseek.com/chat/completions "HTTP/1.1 200 OK"
2026-09-13 16:57:32,934 - INFO - HTTP Request: POST https://api.deepseek.com/chat/completions "HTTP/1.1 200 OK"
2026-09-13 16:57:36,201 - INFO - HTTP Request: POST https://api.deepseek.com/chat/completions "HTTP/1.1 200 OK"
2026-09-13 16:57:44,238 - INFO - HTTP Request: POST https://api.deepseek.com/chat/completions "HTTP/1.1 200 OK"
2026-09-13 16:57:48,968 - INFO - HTTP Request: POST https://api.deepseek.com/chat/completions "HTTP/1.1 200 OK"
2026-09-13 16:58:02,371 - INFO - HTTP Request: POST https://api.deepseek.com/chat/completions "HTTP/1.1 200 OK"
2026-09-13 16:58:11,484 - INFO - HTTP Request: POST https://api.deepseek.com/chat/completions "HTTP/1.1 200 OK"
2026-09-13 16:58:14,773 - INFO - HTTP Request: POST https://api.deepseek.com/chat/completions "HTTP/1.1 200 OK"
2026-09-13 16:58:18,568 - INFO - HTTP Request: POST https://api.deepseek.com/chat/completions "HTTP/1.1 200 OK"
2026-09-13 16:58:21,725 - INFO - HTTP Request: POST https://api.deepseek.com/chat/completions "HTTP/1.1 200 OK"
2026-09-13 16:58:29,232 - INFO - HTTP Request: POST https://api.deepseek.com/chat/completions "HTTP/1.1 200 OK"
2026-09-13 16:58:36,793 - INFO - HTTP Request: POST https://api.deepseek.com/chat/completions "HTTP/1.1 200 OK"
2026-09-13 16:58:40,461 - INFO - HTTP Request: POST https://api.deepseek.com/chat/completions "HTTP/1.1 200 OK"
2026-09-13 16:58:46,547 - INFO - HTTP Request: POST https://api.deepseek.com/chat/completions "HTTP/1.1 200 OK"
2026-09-13 16:58:52,674 - INFO - HTTP Request: POST https://api.deepseek.com/chat/completions "HTTP/1.1 200 OK"
2026-09-13 16:58:55,552 - INFO - HTTP Request: POST https://api.deepseek.com/chat/completions "HTTP/1.1 200 OK"
2026-09-13 16:58:59,331 - INFO - HTTP Request: POST https://api.deepseek.com/chat/completions "HTTP/1.1 200 OK"
2026-09-13 16:59:06,830 - INFO - HTTP Request: POST https://api.deepseek.com/chat/completions "HTTP/1.1 200 OK"
2026-09-13 16:59:09,822 - INFO - HTTP Request: POST https://api.deepseek.com/chat/completions "HTTP/1.1 200 OK"
2026-09-13 16:59:33,064 - INFO - HTTP Request: POST https://api.deepseek.com/chat/completions "HTTP/1.1 200 OK"
2026-09-13 16:59:51,279 - INFO - HTTP Request: POST https://api.deepseek.com/chat/completions "HTTP/1.1 200 OK"
2026-09-13 16:59:55,112 - INFO - HTTP Request: POST https://api.deepseek.com/chat/completions "HTTP/1.1 200 OK"
2026-09-13 17:00:02,866 - INFO - HTTP Request: POST https://api.deepseek.com/chat/completions "HTTP/1.1 200 OK"
2026-09-13 17:00:05,405 - INFO - HTTP Request: POST https://api.deepseek.com/chat/completions "HTTP/1.1 200 OK"
2026-09-13 17:00:12,388 - INFO - HTTP Request: POST https://api.deepseek.com/chat/completions "HTTP/1.1 200 OK"
2026-09-13 17:00:16,537 - INFO - HTTP Request: POST https://api.deepseek.com/chat/completions "HTTP/1.1 200 OK"
2026-09-13 17:00:20,746 - INFO - HTTP Request: POST https://api.deepseek.com/chat/completions "HTTP/1.1 200 OK"
2026-09-13 17:00:31,253 - INFO - HTTP Request: POST https://api.deepseek.com/chat/completions "HTTP/1.1 200 OK"
2026-09-13 17:00:34,231 - INFO - HTTP Request: POST https://api.deepseek.com/chat/completions "HTTP/1.1 200 OK"
2026-09-13 17:00:38,057 - INFO - HTTP Request: POST https://api.deepseek.com/chat/completions "HTTP/1.1 200 OK"
2026-09-13 17:00:41,885 - INFO - HTTP Request: POST https://api.deepseek.com/chat/completions "HTTP/1.1 200 OK"
2026-09-13 17:00:46,101 - INFO - HTTP Request: POST https://api.deepseek.com/chat/completions "HTTP/1.1 200 OK"
2026-09-13 17:00:49,434 - INFO - HTTP Request: POST https://api.deepseek.com/chat/completions "HTTP/1.1 200 OK"
2026-09-13 17:00:52,896 - INFO - HTTP Request: POST https://api.deepseek.com/chat/completions "HTTP/1.1 200 OK"
2026-09-13 17:00:56,132 - INFO - HTTP Request: POST https://api.deepseek.com/chat/completions "HTTP/1.1 200 OK"
2026-09-13 17:01:00,598 - INFO - HTTP Request: POST https://api.deepseek.com/chat/completions "HTTP/1.1 200 OK"
2026-09-13 17:01:03,899 - INFO - HTTP Request: POST https://api.deepseek.com/chat/completions "HTTP/1.1 200 OK"
2026-09-13 17:01:14,895 - INFO - HTTP Request: POST https://api.deepseek.com/chat/completions "HTTP/1.1 200 OK"
2026-09-13 17:01:18,270 - INFO - HTTP Request: POST https://api.deepseek.com/chat/completions "HTTP/1.1 200 OK"
2026-09-13 17:01:23,294 - INFO - HTTP Request: POST https://api.deepseek.com/chat/completions "HTTP/1.1 200 OK"
2026-09-13 17:01:26,330 - INFO - HTTP Request: POST https://api.deepseek.com/chat/completions "HTTP/1.1 200 OK"
2026-09-13 17:01:29,052 - INFO - HTTP Request: POST https://api.deepseek.com/chat/completions "HTTP/1.1 200 OK"
2026-09-13 17:01:31,904 - INFO - HTTP Request: POST https://api.deepseek.com/chat/completions "HTTP/1.1 200 OK"
2026-09-13 17:01:35,664 - INFO - HTTP Request: POST https://api.deepseek.com/chat/completions "HTTP/1.1 200 OK"
2026-09-13 17:01:39,499 - INFO - HTTP Request: POST https://api.deepseek.com/chat/completions "HTTP/1.1 200 OK"
2026-09-13 17:01:44,396 - INFO - HTTP Request: POST https://api.deepseek.com/chat/completions "HTTP/1.1 200 OK"
2026-09-13 17:01:48,397 - INFO - HTTP Request: POST https://api.deepseek.com/chat/completions "HTTP/1.1 200 OK"
2026-09-13 17:01:51,301 - INFO - HTTP Request: POST https://api.deepseek.com/chat/completions "HTTP/1.1 200 OK"
2026-09-13 17:01:55,135 - INFO - HTTP Request: POST https://api.deepseek.com/chat/completions "HTTP/1.1 200 OK"
2026-09-13 17:01:58,238 - INFO - HTTP Request: POST https://api.deepseek.com/chat/completions "HTTP/1.1 200 OK"
2026-09-13 17:02:31,474 - INFO - HTTP Request: POST https://api.deepseek.com/chat/completions "HTTP/1.1 200 OK"
2026-09-13 17:02:35,019 - INFO - HTTP Request: POST https://api.deepseek.com/chat/completions "HTTP/1.1 200 OK"
2026-09-13 17:02:38,505 - INFO - HTTP Request: POST https://api.deepseek.com/chat/completions "HTTP/1.1 200 OK"
2026-09-13 17:02:41,988 - INFO - HTTP Request: POST https://api.deepseek.com/chat/completions "HTTP/1.1 200 OK"
2026-09-13 17:02:45,083 - INFO - HTTP Request: POST https://api.deepseek.com/chat/completions "HTTP/1.1 200 OK"
2026-09-13 17:02:48,276 - INFO - HTTP Request: POST https://api.deepseek.com/chat/completions "HTTP/1.1 200 OK"
2026-09-13 17:03:02,483 - INFO - HTTP Request: POST https://api.deepseek.com/chat/completions "HTTP/1.1 200 OK"
2026-09-13 17:03:10,467 - INFO - HTTP Request: POST https://api.deepseek.com/chat/completions "HTTP/1.1 200 OK"
2026-09-13 17:03:15,313 - INFO - HTTP Request: POST https://api.deepseek.com/chat/completions "HTTP/1.1 200 OK"
2026-09-13 17:03:28,501 - INFO - HTTP Request: POST https://api.deepseek.com/chat/completions "HTTP/1.1 200 OK"
2026-09-13 17:03:31,602 - INFO - HTTP Request: POST https://api.deepseek.com/chat/completions "HTTP/1.1 200 OK"
2026-09-13 17:03:35,283 - INFO - HTTP Request: POST https://api.deepseek.com/chat/completions "HTTP/1.1 200 OK"
2026-09-13 17:03:38,380 - INFO - HTTP Request: POST https://api.deepseek.com/chat/completions "HTTP/1.1 200 OK"
2026-09-13 17:04:01,615 - INFO - HTTP Request: POST https://api.deepseek.com/chat/completions "HTTP/1.1 200 OK"
2026-09-13 17:04:09,418 - INFO - HTTP Request: POST https://api.deepseek.com/chat/completions "HTTP/1.1 200 OK"
2026-09-13 17:04:31,210 - INFO - HTTP Request: POST https://api.deepseek.com/chat/completions "HTTP/1.1 200 OK"
2026-09-13 17:04:35,402 - INFO - HTTP Request: POST https://api.deepseek.com/chat/completions "HTTP/1.1 200 OK"
2026-09-13 17:04:38,549 - INFO - HTTP Request: POST https://api.deepseek.com/chat/completions "HTTP/1.1 200 OK"
2026-09-13 17:04:42,546 - INFO - HTTP Request: POST https://api.deepseek.com/chat/completions "HTTP/1.1 200 OK"
2026-09-13 17:04:46,409 - INFO - HTTP Request: POST https://api.deepseek.com/chat/completions "HTTP/1.1 200 OK"
2026-09-13 17:04:49,679 - INFO - HTTP Request: POST https://api.deepseek.com/chat/completions "HTTP/1.1 200 OK"
2026-09-13 17:04:52,844 - INFO - HTTP Request: POST https://api.deepseek.com/chat/completions "HTTP/1.1 200 OK"
2026-09-13 17:05:02,665 - INFO - HTTP Request: POST https://api.deepseek.com/chat/completions "HTTP/1.1 200 OK"
2026-09-13 17:05:05,578 - INFO - HTTP Request: POST https://api.deepseek.com/chat/completions "HTTP/1.1 200 OK"
2026-09-13 17:05:09,482 - INFO - HTTP Request: POST https://api.deepseek.com/chat/completions "HTTP/1.1 200 OK"
2026-09-13 17:05:12,437 - INFO - HTTP Request: POST https://api.deepseek.com/chat/completions "HTTP/1.1 200 OK"
2026-09-13 17:05:54,502 - INFO - HTTP Request: POST https://api.deepseek.com/chat/completions "HTTP/1.1 200 OK"
2026-09-13 17:05:57,691 - INFO - HTTP Request: POST https://api.deepseek.com/chat/completions "HTTP/1.1 200 OK"
2026-09-13 17:06:07,147 - INFO - HTTP Request: POST https://api.deepseek.com/chat/completions "HTTP/1.1 200 OK"
2026-09-13 17:06:10,655 - INFO - HTTP Request: POST https://api.deepseek.com/chat/completions "HTTP/1.1 200 OK"
2026-09-13 17:06:19,589 - INFO - HTTP Request: POST https://api.deepseek.com/chat/completions "HTTP/1.1 200 OK"
2026-09-13 17:06:28,557 - INFO - HTTP Request: POST https://api.deepseek.com/chat/completions "HTTP/1.1 200 OK"
2026-09-13 17:06:33,244 - INFO - HTTP Request: POST https://api.deepseek.com/chat/completions "HTTP/1.1 200 OK"
2026-09-13 17:06:37,263 - INFO - HTTP Request: POST https://api.deepseek.com/chat/completions "HTTP/1.1 200 OK"
2026-09-13 17:06:41,101 - INFO - HTTP Request: POST https://api.deepseek.com/chat/completions "HTTP/1.1 200 OK"
2026-09-13 17:06:45,111 - INFO - HTTP Request: POST https://api.deepseek.com/chat/completions "HTTP/1.1 200 OK"
2026-09-13 17:06:57,592 - INFO - HTTP Request: POST https://api.deepseek.com/chat/completions "HTTP/1.1 200 OK"
2026-09-13 17:07:01,476 - INFO - HTTP Request: POST https://api.deepseek.com/chat/completions "HTTP/1.1 200 OK"
2026-09-13 17:07:04,649 - INFO - HTTP Request: POST https://api.deepseek.com/chat/completions "HTTP/1.1 200 OK"
2026-09-13 17:07:21,999 - INFO - HTTP Request: POST https://api.deepseek.com/chat/completions "HTTP/1.1 200 OK"
2026-09-13 17:07:25,345 - INFO - HTTP Request: POST https://api.deepseek.com/chat/completions "HTTP/1.1 200 OK"
2026-09-13 17:07:31,385 - INFO - HTTP Request: POST https://api.deepseek.com/chat/completions "HTTP/1.1 200 OK"
2026-09-13 17:07:34,519 - INFO - HTTP Request: POST https://api.deepseek.com/chat/completions "HTTP/1.1 200 OK"
2026-09-13 17:07:40,831 - INFO - HTTP Request: POST https://api.deepseek.com/chat/completions "HTTP/1.1 200 OK"
2026-09-13 17:08:02,951 - INFO - HTTP Request: POST https://api.deepseek.com/chat/completions "HTTP/1.1 200 OK"
2026-09-13 17:08:14,596 - INFO - HTTP Request: POST https://api.deepseek.com/chat/completions "HTTP/1.1 200 OK"
2026-09-13 17:08:17,794 - INFO - HTTP Request: POST https://api.deepseek.com/chat/completions "HTTP/1.1 200 OK"
2026-09-13 17:08:35,923 - INFO - HTTP Request: POST https://api.deepseek.com/chat/completions "HTTP/1.1 200 OK"
2026-09-13 17:08:39,017 - INFO - HTTP Request: POST https://api.deepseek.com/chat/completions "HTTP/1.1 200 OK"
2026-09-13 17:08:42,286 - INFO - HTTP Request: POST https://api.deepseek.com/chat/completions "HTTP/1.1 200 OK"
2026-09-13 17:08:45,441 - INFO - HTTP Request: POST https://api.deepseek.com/chat/completions "HTTP/1.1 200 OK"
2026-09-13 17:08:48,638 - INFO - HTTP Request: POST https://api.deepseek.com/chat/completions "HTTP/1.1 200 OK"
2026-09-13 17:08:51,828 - INFO - HTTP Request: POST https://api.deepseek.com/chat/completions "HTTP/1.1 200 OK"
2026-09-13 17:08:58,322 - INFO - HTTP Request: POST https://api.deepseek.com/chat/completions "HTTP/1.1 200 OK"
2026-09-13 17:09:01,338 - INFO - HTTP Request: POST https://api.deepseek.com/chat/completions "HTTP/1.1 200 OK"
2026-09-13 17:09:11,106 - INFO - HTTP Request: POST https://api.deepseek.com/chat/completions "HTTP/1.1 200 OK"
2026-09-13 17:09:16,278 - INFO - HTTP Request: POST https://api.deepseek.com/chat/completions "HTTP/1.1 200 OK"
2026-09-13 17:09:41,863 - INFO - HTTP Request: POST https://api.deepseek.com/chat/completions "HTTP/1.1 200 OK"
2026-09-13 17:09:51,789 - INFO - HTTP Request: POST https://api.deepseek.com/chat/completions "HTTP/1.1 200 OK"
2026-09-13 17:09:54,632 - INFO - HTTP Request: POST https://api.deepseek.com/chat/completions "HTTP/1.1 200 OK"
2026-09-13 17:10:12,854 - INFO - HTTP Request: POST https://api.deepseek.com/chat/completions "HTTP/1.1 200 OK"
2026-09-13 17:10:39,724 - INFO - HTTP Request: POST https://api.deepseek.com/chat/completions "HTTP/1.1 200 OK"
2026-09-13 17:10:44,409 - INFO - HTTP Request: POST https://api.deepseek.com/chat/completions "HTTP/1.1 200 OK"
2026-09-13 17:10:49,127 - INFO - HTTP Request: POST https://api.deepseek.com/chat/completions "HTTP/1.1 200 OK"
2026-09-13 17:10:52,069 - INFO - HTTP Request: POST https://api.deepseek.com/chat/completions "HTTP/1.1 200 OK"
2026-09-13 17:11:16,247 - INFO - HTTP Request: POST https://api.deepseek.com/chat/completions "HTTP/1.1 200 OK"
2026-09-13 17:11:19,517 - INFO - HTTP Request: POST https://api.deepseek.com/chat/completions "HTTP/1.1 200 OK"
2026-09-13 17:11:23,767 - INFO - HTTP Request: POST https://api.deepseek.com/chat/completions "HTTP/1.1 200 OK"
2026-09-13 17:11:28,366 - INFO - HTTP Request: POST https://api.deepseek.com/chat/completions "HTTP/1.1 200 OK"
2026-09-13 17:11:33,332 - INFO - HTTP Request: POST https://api.deepseek.com/chat/completions "HTTP/1.1 200 OK"
2026-09-13 17:11:36,767 - INFO - HTTP Request: POST https://api.deepseek.com/chat/completions "HTTP/1.1 200 OK"
2026-09-13 17:11:39,601 - INFO - HTTP Request: POST https://api.deepseek.com/chat/completions "HTTP/1.1 200 OK"
2026-09-13 17:11:43,609 - INFO - HTTP Request: POST https://api.deepseek.com/chat/completions "HTTP/1.1 200 OK"
2026-09-13 17:11:47,633 - INFO - HTTP Request: POST https://api.deepseek.com/chat/completions "HTTP/1.1 200 OK"
2026-09-13 17:11:50,356 - INFO - HTTP Request: POST https://api.deepseek.com/chat/completions "HTTP/1.1 200 OK"
2026-09-13 17:11:55,996 - INFO - HTTP Request: POST https://api.deepseek.com/chat/completions "HTTP/1.1 200 OK"
2026-09-13 17:11:59,139 - INFO - HTTP Request: POST https://api.deepseek.com/chat/completions "HTTP/1.1 200 OK"
2026-09-13 17:12:02,843 - INFO - HTTP Request: POST https://api.deepseek.com/chat/completions "HTTP/1.1 200 OK"
2026-09-13 17:12:06,088 - INFO - HTTP Request: POST https://api.deepseek.com/chat/completions "HTTP/1.1 200 OK"
2026-09-13 17:12:19,332 - INFO - HTTP Request: POST https://api.deepseek.com/chat/completions "HTTP/1.1 200 OK"
2026-09-13 17:12:22,036 - INFO - HTTP Request: POST https://api.deepseek.com/chat/completions "HTTP/1.1 200 OK"
2026-09-13 17:12:42,142 - INFO - HTTP Request: POST https://api.deepseek.com/chat/completions "HTTP/1.1 200 OK"
2026-09-13 17:12:54,463 - INFO - HTTP Request: POST https://api.deepseek.com/chat/completions "HTTP/1.1 200 OK"
2026-09-13 17:12:57,520 - INFO - HTTP Request: POST https://api.deepseek.com/chat/completions "HTTP/1.1 200 OK"
2026-09-13 17:13:01,083 - INFO - HTTP Request: POST https://api.deepseek.com/chat/completions "HTTP/1.1 200 OK"
2026-09-13 17:13:09,622 - INFO - HTTP Request: POST https://api.deepseek.com/chat/completions "HTTP/1.1 200 OK"
2026-09-13 17:13:13,782 - INFO - HTTP Request: POST https://api.deepseek.com/chat/completions "HTTP/1.1 200 OK"
2026-09-13 17:13:26,916 - INFO - HTTP Request: POST https://api.deepseek.com/chat/completions "HTTP/1.1 200 OK"
2026-09-13 17:13:34,118 - INFO - HTTP Request: POST https://api.deepseek.com/chat/completions "HTTP/1.1 200 OK"
2026-09-13 17:13:37,122 - INFO - HTTP Request: POST https://api.deepseek.com/chat/completions "HTTP/1.1 200 OK"
2026-09-13 17:13:48,599 - INFO - HTTP Request: POST https://api.deepseek.com/chat/completions "HTTP/1.1 200 OK"
2026-09-13 17:14:02,526 - INFO - HTTP Request: POST https://api.deepseek.com/chat/completions "HTTP/1.1 200 OK"
2026-09-13 17:14:05,882 - INFO - HTTP Request: POST https://api.deepseek.com/chat/completions "HTTP/1.1 200 OK"
2026-09-13 17:14:13,065 - INFO - HTTP Request: POST https://api.deepseek.com/chat/completions "HTTP/1.1 200 OK"
2026-09-13 17:14:16,431 - INFO - HTTP Request: POST https://api.deepseek.com/chat/completions "HTTP/1.1 200 OK"
2026-09-13 17:14:34,183 - INFO - HTTP Request: POST https://api.deepseek.com/chat/completions "HTTP/1.1 200 OK"
2026-09-13 17:14:39,594 - INFO - HTTP Request: POST https://api.deepseek.com/chat/completions "HTTP/1.1 200 OK"
2026-09-13 17:14:42,850 - INFO - HTTP Request: POST https://api.deepseek.com/chat/completions "HTTP/1.1 200 OK"
2026-09-13 17:14:51,774 - INFO - HTTP Request: POST https://api.deepseek.com/chat/completions "HTTP/1.1 200 OK"
2026-09-13 17:14:54,940 - INFO - HTTP Request: POST https://api.deepseek.com/chat/completions "HTTP/1.1 200 OK"
2026-09-13 17:15:18,276 - INFO - HTTP Request: POST https://api.deepseek.com/chat/completions "HTTP/1.1 200 OK"
2026-09-13 17:15:40,147 - INFO - HTTP Request: POST https://api.deepseek.com/chat/completions "HTTP/1.1 200 OK"
2026-09-13 17:15:48,031 - INFO - HTTP Request: POST https://api.deepseek.com/chat/completions "HTTP/1.1 200 OK"
2026-09-13 17:15:51,160 - INFO - HTTP Request: POST https://api.deepseek.com/chat/completions "HTTP/1.1 200 OK"
2026-09-13 17:16:05,432 - INFO - HTTP Request: POST https://api.deepseek.com/chat/completions "HTTP/1.1 200 OK"
2026-09-13 17:16:15,402 - INFO - HTTP Request: POST https://api.deepseek.com/chat/completions "HTTP/1.1 200 OK"
2026-09-13 17:16:18,625 - INFO - HTTP Request: POST https://api.deepseek.com/chat/completions "HTTP/1.1 200 OK"
2026-09-13 17:16:23,757 - INFO - HTTP Request: POST https://api.deepseek.com/chat/completions "HTTP/1.1 200 OK"
2026-09-13 17:16:27,368 - INFO - HTTP Request: POST https://api.deepseek.com/chat/completions "HTTP/1.1 200 OK"
2026-09-13 17:16:34,705 - INFO - HTTP Request: POST https://api.deepseek.com/chat/completions "HTTP/1.1 200 OK"
2026-09-13 17:16:40,371 - INFO - HTTP Request: POST https://api.deepseek.com/chat/completions "HTTP/1.1 200 OK"
2026-09-13 17:16:47,042 - INFO - HTTP Request: POST https://api.deepseek.com/chat/completions "HTTP/1.1 200 OK"
2026-09-13 17:16:51,581 - INFO - HTTP Request: POST https://api.deepseek.com/chat/completions "HTTP/1.1 200 OK"
2026-09-13 17:16:54,441 - INFO - HTTP Request: POST https://api.deepseek.com/chat/completions "HTTP/1.1 200 OK"
2026-09-13 17:17:01,074 - INFO - HTTP Request: POST https://api.deepseek.com/chat/completions "HTTP/1.1 200 OK"
2026-09-13 17:17:04,145 - INFO - HTTP Request: POST https://api.deepseek.com/chat/completions "HTTP/1.1 200 OK"
2026-09-13 17:17:15,362 - INFO - HTTP Request: POST https://api.deepseek.com/chat/completions "HTTP/1.1 200 OK"
2026-09-13 17:17:18,696 - INFO - HTTP Request: POST https://api.deepseek.com/chat/completions "HTTP/1.1 200 OK"
2026-09-13 17:17:28,724 - INFO - HTTP Request: POST https://api.deepseek.com/chat/completions "HTTP/1.1 200 OK"
2026-09-13 17:17:34,564 - INFO - HTTP Request: POST https://api.deepseek.com/chat/completions "HTTP/1.1 200 OK"
2026-09-13 17:17:43,973 - INFO - HTTP Request: POST https://api.deepseek.com/chat/completions "HTTP/1.1 200 OK"
2026-09-13 17:18:03,876 - INFO - HTTP Request: POST https://api.deepseek.com/chat/completions "HTTP/1.1 200 OK"
2026-09-13 17:18:07,145 - INFO - HTTP Request: POST https://api.deepseek.com/chat/completions "HTTP/1.1 200 OK"
2026-09-13 17:18:11,529 - INFO - HTTP Request: POST https://api.deepseek.com/chat/completions "HTTP/1.1 200 OK"
2026-09-13 17:18:25,201 - INFO - HTTP Request: POST https://api.deepseek.com/chat/completions "HTTP/1.1 200 OK"
2026-09-13 17:18:29,372 - INFO - HTTP Request: POST https://api.deepseek.com/chat/completions "HTTP/1.1 200 OK"
2026-09-13 17:18:34,841 - INFO - HTTP Request: POST https://api.deepseek.com/chat/completions "HTTP/1.1 200 OK"
2026-09-13 17:18:38,478 - INFO - HTTP Request: POST https://api.deepseek.com/chat/completions "HTTP/1.1 200 OK"
2026-09-13 17:18:44,473 - INFO - HTTP Request: POST https://api.deepseek.com/chat/completions "HTTP/1.1 200 OK"
2026-09-13 17:18:47,422 - INFO - HTTP Request: POST https://api.deepseek.com/chat/completions "HTTP/1.1 200 OK"
2026-09-13 17:19:06,384 - INFO - HTTP Request: POST https://api.deepseek.com/chat/completions "HTTP/1.1 200 OK"
2026-09-13 17:19:09,981 - INFO - HTTP Request: POST https://api.deepseek.com/chat/completions "HTTP/1.1 200 OK"
2026-09-13 17:19:14,692 - INFO - HTTP Request: POST https://api.deepseek.com/chat/completions "HTTP/1.1 200 OK"
2026-09-13 17:19:17,753 - INFO - HTTP Request: POST https://api.deepseek.com/chat/completions "HTTP/1.1 200 OK"
2026-09-13 17:19:20,607 - INFO - HTTP Request: POST https://api.deepseek.com/chat/completions "HTTP/1.1 200 OK"
2026-09-13 17:19:28,328 - INFO - HTTP Request: POST https://api.deepseek.com/chat/completions "HTTP/1.1 200 OK"
2026-09-13 17:19:31,977 - INFO - HTTP Request: POST https://api.deepseek.com/chat/completions "HTTP/1.1 200 OK"
2026-09-13 17:19:39,436 - INFO - HTTP Request: POST https://api.deepseek.com/chat/completions "HTTP/1.1 200 OK"
2026-09-13 17:19:49,774 - INFO - HTTP Request: POST https://api.deepseek.com/chat/completions "HTTP/1.1 200 OK"
2026-09-13 17:19:56,604 - INFO - HTTP Request: POST https://api.deepseek.com/chat/completions "HTTP/1.1 200 OK"
2026-09-13 17:19:59,700 - INFO - HTTP Request: POST https://api.deepseek.com/chat/completions "HTTP/1.1 200 OK"
2026-09-13 17:20:02,368 - INFO - HTTP Request: POST https://api.deepseek.com/chat/completions "HTTP/1.1 200 OK"
2026-09-13 17:20:11,351 - INFO - HTTP Request: POST https://api.deepseek.com/chat/completions "HTTP/1.1 200 OK"
2026-09-13 17:20:14,035 - INFO - HTTP Request: POST https://api.deepseek.com/chat/completions "HTTP/1.1 200 OK"
2026-09-13 17:20:17,059 - INFO - HTTP Request: POST https://api.deepseek.com/chat/completions "HTTP/1.1 200 OK"
2026-09-13 17:20:19,946 - INFO - HTTP Request: POST https://api.deepseek.com/chat/completions "HTTP/1.1 200 OK"
2026-09-13 17:20:23,139 - INFO - HTTP Request: POST https://api.deepseek.com/chat/completions "HTTP/1.1 200 OK"
2026-09-13 17:20:26,189 - INFO - HTTP Request: POST https://api.deepseek.com/chat/completions "HTTP/1.1 200 OK"
2026-09-13 17:20:29,684 - INFO - HTTP Request: POST https://api.deepseek.com/chat/completions "HTTP/1.1 200 OK"
2026-09-13 17:20:33,165 - INFO - HTTP Request: POST https://api.deepseek.com/chat/completions "HTTP/1.1 200 OK"
2026-09-13 17:20:36,610 - INFO - HTTP Request: POST https://api.deepseek.com/chat/completions "HTTP/1.1 200 OK"
2026-09-13 17:20:41,975 - INFO - HTTP Request: POST https://api.deepseek.com/chat/completions "HTTP/1.1 200 OK"
2026-09-13 17:20:45,322 - INFO - HTTP Request: POST https://api.deepseek.com/chat/completions "HTTP/1.1 200 OK"
2026-09-13 17:21:05,227 - INFO - HTTP Request: POST https://api.deepseek.com/chat/completions "HTTP/1.1 200 OK"
2026-09-13 17:21:08,399 - INFO - HTTP Request: POST https://api.deepseek.com/chat/completions "HTTP/1.1 200 OK"
2026-09-13 17:21:20,531 - INFO - HTTP Request: POST https://api.deepseek.com/chat/completions "HTTP/1.1 200 OK"
2026-09-13 17:21:28,181 - INFO - HTTP Request: POST https://api.deepseek.com/chat/completions "HTTP/1.1 200 OK"
2026-09-13 17:21:31,188 - INFO - HTTP Request: POST https://api.deepseek.com/chat/completions "HTTP/1.1 200 OK"
2026-09-13 17:21:35,397 - INFO - HTTP Request: POST https://api.deepseek.com/chat/completions "HTTP/1.1 200 OK"
2026-09-13 17:21:38,540 - INFO - HTTP Request: POST https://api.deepseek.com/chat/completions "HTTP/1.1 200 OK"
2026-09-13 17:21:41,216 - INFO - HTTP Request: POST https://api.deepseek.com/chat/completions "HTTP/1.1 200 OK"
2026-09-13 17:21:44,196 - INFO - HTTP Request: POST https://api.deepseek.com/chat/completions "HTTP/1.1 200 OK"
2026-09-13 17:21:51,065 - INFO - HTTP Request: POST https://api.deepseek.com/chat/completions "HTTP/1.1 200 OK"
2026-09-13 17:21:54,985 - INFO - HTTP Request: POST https://api.deepseek.com/chat/completions "HTTP/1.1 200 OK"
2026-09-13 17:21:58,720 - INFO - HTTP Request: POST https://api.deepseek.com/chat/completions "HTTP/1.1 200 OK"
2026-09-13 17:22:01,938 - INFO - HTTP Request: POST https://api.deepseek.com/chat/completions "HTTP/1.1 200 OK"
2026-09-13 17:22:05,278 - INFO - HTTP Request: POST https://api.deepseek.com/chat/completions "HTTP/1.1 200 OK"
2026-09-13 17:22:19,722 - INFO - HTTP Request: POST https://api.deepseek.com/chat/completions "HTTP/1.1 200 OK"
2026-09-13 17:22:24,223 - INFO - HTTP Request: POST https://api.deepseek.com/chat/completions "HTTP/1.1 200 OK"
2026-09-13 17:22:47,276 - INFO - Precision: 0.0108
2026-09-13 17:22:47,276 - INFO - Recall: 0.0101
2026-09-13 17:22:47,276 - INFO - F1: 0.0104
2026-09-13 17:55:34,884 - INFO - Config file: /Users/tuenglee/Desktop/bioAgent/MyBioAgent/config/bc2gm_deepseek.json
2026-09-13 17:55:34,884 - INFO - Output jsonl: /Users/tuenglee/Desktop/bioAgent/MyBioAgent/result/bc2gm_deepseek_predictions.jsonl
2026-09-13 17:55:34,884 - INFO - Backed up previous output to: /Users/tuenglee/Desktop/bioAgent/MyBioAgent/result/bc2gm_deepseek_predictions.jsonl.bak.20260913_175534
2026-09-13 17:55:34,884 - INFO - Experiment: bc2gm_deepseek
2026-09-13 17:55:34,885 - INFO - Model: deepseek-v4-flash
2026-09-13 17:55:35,162 - INFO - HTTP Request: POST https://api.deepseek.com/chat/completions "HTTP/1.1 200 OK"
2026-09-13 17:55:42,226 - INFO - HTTP Request: POST https://api.deepseek.com/chat/completions "HTTP/1.1 200 OK"
2026-09-13 17:55:46,961 - INFO - HTTP Request: POST https://api.deepseek.com/chat/completions "HTTP/1.1 200 OK"
2026-09-13 17:55:49,848 - INFO - HTTP Request: POST https://api.deepseek.com/chat/completions "HTTP/1.1 200 OK"
2026-09-13 17:55:52,902 - INFO - HTTP Request: POST https://api.deepseek.com/chat/completions "HTTP/1.1 200 OK"
2026-09-13 17:55:55,570 - INFO - HTTP Request: POST https://api.deepseek.com/chat/completions "HTTP/1.1 200 OK"
2026-09-13 17:56:05,604 - INFO - HTTP Request: POST https://api.deepseek.com/chat/completions "HTTP/1.1 200 OK"
2026-09-13 17:56:08,745 - INFO - HTTP Request: POST https://api.deepseek.com/chat/completions "HTTP/1.1 200 OK"
2026-09-13 17:56:12,312 - INFO - HTTP Request: POST https://api.deepseek.com/chat/completions "HTTP/1.1 200 OK"
2026-09-13 17:56:15,313 - INFO - HTTP Request: POST https://api.deepseek.com/chat/completions "HTTP/1.1 200 OK"
2026-09-13 17:56:18,652 - INFO - HTTP Request: POST https://api.deepseek.com/chat/completions "HTTP/1.1 200 OK"
2026-09-13 17:56:28,603 - INFO - HTTP Request: POST https://api.deepseek.com/chat/completions "HTTP/1.1 200 OK"
2026-09-13 17:56:31,812 - INFO - HTTP Request: POST https://api.deepseek.com/chat/completions "HTTP/1.1 200 OK"
2026-09-13 17:56:34,708 - INFO - HTTP Request: POST https://api.deepseek.com/chat/completions "HTTP/1.1 200 OK"
2026-09-13 17:56:38,087 - INFO - HTTP Request: POST https://api.deepseek.com/chat/completions "HTTP/1.1 200 OK"
2026-09-13 17:56:55,400 - INFO - HTTP Request: POST https://api.deepseek.com/chat/completions "HTTP/1.1 200 OK"
2026-09-13 17:56:58,724 - INFO - HTTP Request: POST https://api.deepseek.com/chat/completions "HTTP/1.1 200 OK"
2026-09-13 17:57:01,705 - INFO - HTTP Request: POST https://api.deepseek.com/chat/completions "HTTP/1.1 200 OK"
2026-09-13 17:57:14,599 - INFO - HTTP Request: POST https://api.deepseek.com/chat/completions "HTTP/1.1 200 OK"
2026-09-13 17:57:24,348 - INFO - HTTP Request: POST https://api.deepseek.com/chat/completions "HTTP/1.1 200 OK"
2026-09-13 17:57:27,782 - INFO - HTTP Request: POST https://api.deepseek.com/chat/completions "HTTP/1.1 200 OK"
2026-09-13 17:57:31,087 - INFO - HTTP Request: POST https://api.deepseek.com/chat/completions "HTTP/1.1 200 OK"
2026-09-13 17:57:34,764 - INFO - HTTP Request: POST https://api.deepseek.com/chat/completions "HTTP/1.1 200 OK"
2026-09-13 17:57:40,406 - INFO - HTTP Request: POST https://api.deepseek.com/chat/completions "HTTP/1.1 200 OK"
2026-09-13 17:57:43,633 - INFO - HTTP Request: POST https://api.deepseek.com/chat/completions "HTTP/1.1 200 OK"
2026-09-13 17:57:46,563 - INFO - HTTP Request: POST https://api.deepseek.com/chat/completions "HTTP/1.1 200 OK"
2026-09-13 17:57:49,713 - INFO - HTTP Request: POST https://api.deepseek.com/chat/completions "HTTP/1.1 200 OK"
2026-09-13 17:57:53,413 - INFO - HTTP Request: POST https://api.deepseek.com/chat/completions "HTTP/1.1 200 OK"
2026-09-13 17:57:56,917 - INFO - HTTP Request: POST https://api.deepseek.com/chat/completions "HTTP/1.1 200 OK"
2026-09-13 17:57:59,672 - INFO - HTTP Request: POST https://api.deepseek.com/chat/completions "HTTP/1.1 200 OK"
2026-09-13 17:58:02,879 - INFO - HTTP Request: POST https://api.deepseek.com/chat/completions "HTTP/1.1 200 OK"
2026-09-13 17:58:06,037 - INFO - HTTP Request: POST https://api.deepseek.com/chat/completions "HTTP/1.1 200 OK"
2026-09-13 17:58:09,278 - INFO - HTTP Request: POST https://api.deepseek.com/chat/completions "HTTP/1.1 200 OK"
2026-09-13 17:58:12,696 - INFO - HTTP Request: POST https://api.deepseek.com/chat/completions "HTTP/1.1 200 OK"
2026-09-13 17:58:16,551 - INFO - HTTP Request: POST https://api.deepseek.com/chat/completions "HTTP/1.1 200 OK"
2026-09-13 17:58:20,265 - INFO - HTTP Request: POST https://api.deepseek.com/chat/completions "HTTP/1.1 200 OK"
2026-09-13 17:58:23,244 - INFO - HTTP Request: POST https://api.deepseek.com/chat/completions "HTTP/1.1 200 OK"
2026-09-13 17:58:26,830 - INFO - HTTP Request: POST https://api.deepseek.com/chat/completions "HTTP/1.1 200 OK"
2026-09-13 17:58:29,799 - INFO - HTTP Request: POST https://api.deepseek.com/chat/completions "HTTP/1.1 200 OK"
2026-09-13 17:58:37,881 - INFO - HTTP Request: POST https://api.deepseek.com/chat/completions "HTTP/1.1 200 OK"
2026-09-13 17:58:41,474 - INFO - HTTP Request: POST https://api.deepseek.com/chat/completions "HTTP/1.1 200 OK"
2026-09-13 17:58:44,453 - INFO - HTTP Request: POST https://api.deepseek.com/chat/completions "HTTP/1.1 200 OK"
2026-09-13 17:58:47,617 - INFO - HTTP Request: POST https://api.deepseek.com/chat/completions "HTTP/1.1 200 OK"
2026-09-13 17:58:50,577 - INFO - HTTP Request: POST https://api.deepseek.com/chat/completions "HTTP/1.1 200 OK"
2026-09-13 17:58:53,793 - INFO - HTTP Request: POST https://api.deepseek.com/chat/completions "HTTP/1.1 200 OK"
2026-09-13 17:59:13,690 - INFO - HTTP Request: POST https://api.deepseek.com/chat/completions "HTTP/1.1 200 OK"
2026-09-13 17:59:16,464 - INFO - HTTP Request: POST https://api.deepseek.com/chat/completions "HTTP/1.1 200 OK"
2026-09-13 17:59:34,789 - INFO - HTTP Request: POST https://api.deepseek.com/chat/completions "HTTP/1.1 200 OK"
2026-09-13 17:59:37,471 - INFO - HTTP Request: POST https://api.deepseek.com/chat/completions "HTTP/1.1 200 OK"
2026-09-13 17:59:40,932 - INFO - HTTP Request: POST https://api.deepseek.com/chat/completions "HTTP/1.1 200 OK"
2026-09-13 17:59:45,704 - INFO - HTTP Request: POST https://api.deepseek.com/chat/completions "HTTP/1.1 200 OK"
2026-09-13 17:59:52,364 - INFO - HTTP Request: POST https://api.deepseek.com/chat/completions "HTTP/1.1 200 OK"
2026-09-13 17:59:55,441 - INFO - HTTP Request: POST https://api.deepseek.com/chat/completions "HTTP/1.1 200 OK"
2026-09-13 17:59:59,050 - INFO - HTTP Request: POST https://api.deepseek.com/chat/completions "HTTP/1.1 200 OK"
2026-09-13 18:00:12,981 - INFO - HTTP Request: POST https://api.deepseek.com/chat/completions "HTTP/1.1 200 OK"
2026-09-13 18:00:20,920 - INFO - HTTP Request: POST https://api.deepseek.com/chat/completions "HTTP/1.1 200 OK"
2026-09-13 18:00:23,718 - INFO - HTTP Request: POST https://api.deepseek.com/chat/completions "HTTP/1.1 200 OK"
2026-09-13 18:00:27,728 - INFO - HTTP Request: POST https://api.deepseek.com/chat/completions "HTTP/1.1 200 OK"
2026-09-13 18:00:33,516 - INFO - HTTP Request: POST https://api.deepseek.com/chat/completions "HTTP/1.1 200 OK"
2026-09-13 18:00:39,625 - INFO - HTTP Request: POST https://api.deepseek.com/chat/completions "HTTP/1.1 200 OK"
2026-09-13 18:00:42,775 - INFO - HTTP Request: POST https://api.deepseek.com/chat/completions "HTTP/1.1 200 OK"
2026-09-13 18:00:51,272 - INFO - HTTP Request: POST https://api.deepseek.com/chat/completions "HTTP/1.1 200 OK"
2026-09-13 18:00:54,402 - INFO - HTTP Request: POST https://api.deepseek.com/chat/completions "HTTP/1.1 200 OK"
2026-09-13 18:00:58,968 - INFO - HTTP Request: POST https://api.deepseek.com/chat/completions "HTTP/1.1 200 OK"
2026-09-13 18:01:03,238 - INFO - HTTP Request: POST https://api.deepseek.com/chat/completions "HTTP/1.1 200 OK"
2026-09-13 18:01:59,336 - INFO - HTTP Request: POST https://api.deepseek.com/chat/completions "HTTP/1.1 200 OK"
2026-09-13 18:02:03,891 - INFO - HTTP Request: POST https://api.deepseek.com/chat/completions "HTTP/1.1 200 OK"
2026-09-13 18:02:07,765 - INFO - HTTP Request: POST https://api.deepseek.com/chat/completions "HTTP/1.1 200 OK"
2026-09-13 18:02:11,082 - INFO - HTTP Request: POST https://api.deepseek.com/chat/completions "HTTP/1.1 200 OK"
2026-09-13 18:02:23,313 - INFO - HTTP Request: POST https://api.deepseek.com/chat/completions "HTTP/1.1 200 OK"
2026-09-13 18:02:25,939 - INFO - HTTP Request: POST https://api.deepseek.com/chat/completions "HTTP/1.1 200 OK"
2026-09-13 18:02:29,117 - INFO - HTTP Request: POST https://api.deepseek.com/chat/completions "HTTP/1.1 200 OK"
2026-09-13 18:02:32,270 - INFO - HTTP Request: POST https://api.deepseek.com/chat/completions "HTTP/1.1 200 OK"
2026-09-13 18:02:35,517 - INFO - HTTP Request: POST https://api.deepseek.com/chat/completions "HTTP/1.1 200 OK"
2026-09-13 18:02:43,111 - INFO - HTTP Request: POST https://api.deepseek.com/chat/completions "HTTP/1.1 200 OK"
2026-09-13 18:02:47,432 - INFO - HTTP Request: POST https://api.deepseek.com/chat/completions "HTTP/1.1 200 OK"
2026-09-13 18:02:50,158 - INFO - HTTP Request: POST https://api.deepseek.com/chat/completions "HTTP/1.1 200 OK"
2026-09-13 18:02:54,143 - INFO - HTTP Request: POST https://api.deepseek.com/chat/completions "HTTP/1.1 200 OK"
2026-09-13 18:02:57,654 - INFO - HTTP Request: POST https://api.deepseek.com/chat/completions "HTTP/1.1 200 OK"
2026-09-13 18:03:00,627 - INFO - HTTP Request: POST https://api.deepseek.com/chat/completions "HTTP/1.1 200 OK"
2026-09-13 18:03:04,081 - INFO - HTTP Request: POST https://api.deepseek.com/chat/completions "HTTP/1.1 200 OK"
2026-09-13 18:03:08,549 - INFO - HTTP Request: POST https://api.deepseek.com/chat/completions "HTTP/1.1 200 OK"
2026-09-13 18:03:13,865 - INFO - HTTP Request: POST https://api.deepseek.com/chat/completions "HTTP/1.1 200 OK"
2026-09-13 18:03:21,419 - INFO - HTTP Request: POST https://api.deepseek.com/chat/completions "HTTP/1.1 200 OK"
2026-09-13 18:03:29,443 - INFO - HTTP Request: POST https://api.deepseek.com/chat/completions "HTTP/1.1 200 OK"
2026-09-13 18:03:32,788 - INFO - HTTP Request: POST https://api.deepseek.com/chat/completions "HTTP/1.1 200 OK"
2026-09-13 18:03:36,630 - INFO - HTTP Request: POST https://api.deepseek.com/chat/completions "HTTP/1.1 200 OK"
2026-09-13 18:03:39,721 - INFO - HTTP Request: POST https://api.deepseek.com/chat/completions "HTTP/1.1 200 OK"
2026-09-13 18:03:42,853 - INFO - HTTP Request: POST https://api.deepseek.com/chat/completions "HTTP/1.1 200 OK"
2026-09-13 18:03:45,717 - INFO - HTTP Request: POST https://api.deepseek.com/chat/completions "HTTP/1.1 200 OK"
2026-09-13 18:03:48,758 - INFO - HTTP Request: POST https://api.deepseek.com/chat/completions "HTTP/1.1 200 OK"
2026-09-13 18:03:51,420 - INFO - HTTP Request: POST https://api.deepseek.com/chat/completions "HTTP/1.1 200 OK"
2026-09-13 18:03:58,963 - INFO - HTTP Request: POST https://api.deepseek.com/chat/completions "HTTP/1.1 200 OK"
2026-09-13 18:04:02,531 - INFO - HTTP Request: POST https://api.deepseek.com/chat/completions "HTTP/1.1 200 OK"
2026-09-13 18:04:06,246 - INFO - HTTP Request: POST https://api.deepseek.com/chat/completions "HTTP/1.1 200 OK"
2026-09-13 18:04:09,237 - INFO - HTTP Request: POST https://api.deepseek.com/chat/completions "HTTP/1.1 200 OK"
2026-09-13 18:04:12,342 - INFO - HTTP Request: POST https://api.deepseek.com/chat/completions "HTTP/1.1 200 OK"
2026-09-13 18:04:29,387 - INFO - HTTP Request: POST https://api.deepseek.com/chat/completions "HTTP/1.1 200 OK"
2026-09-13 18:04:36,554 - INFO - HTTP Request: POST https://api.deepseek.com/chat/completions "HTTP/1.1 200 OK"
2026-09-13 18:04:39,674 - INFO - HTTP Request: POST https://api.deepseek.com/chat/completions "HTTP/1.1 200 OK"
2026-09-13 18:04:46,223 - INFO - HTTP Request: POST https://api.deepseek.com/chat/completions "HTTP/1.1 200 OK"
2026-09-13 18:04:50,775 - INFO - HTTP Request: POST https://api.deepseek.com/chat/completions "HTTP/1.1 200 OK"
2026-09-13 18:04:58,617 - INFO - HTTP Request: POST https://api.deepseek.com/chat/completions "HTTP/1.1 200 OK"
2026-09-13 18:05:04,963 - INFO - HTTP Request: POST https://api.deepseek.com/chat/completions "HTTP/1.1 200 OK"
2026-09-13 18:05:08,094 - INFO - HTTP Request: POST https://api.deepseek.com/chat/completions "HTTP/1.1 200 OK"
2026-09-13 18:05:11,228 - INFO - HTTP Request: POST https://api.deepseek.com/chat/completions "HTTP/1.1 200 OK"
2026-09-13 18:05:14,634 - INFO - HTTP Request: POST https://api.deepseek.com/chat/completions "HTTP/1.1 200 OK"
2026-09-13 18:05:19,734 - INFO - HTTP Request: POST https://api.deepseek.com/chat/completions "HTTP/1.1 200 OK"
2026-09-13 18:05:23,138 - INFO - HTTP Request: POST https://api.deepseek.com/chat/completions "HTTP/1.1 200 OK"
2026-09-13 18:05:26,782 - INFO - HTTP Request: POST https://api.deepseek.com/chat/completions "HTTP/1.1 200 OK"
2026-09-13 18:05:30,579 - INFO - HTTP Request: POST https://api.deepseek.com/chat/completions "HTTP/1.1 200 OK"
2026-09-13 18:06:06,017 - INFO - HTTP Request: POST https://api.deepseek.com/chat/completions "HTTP/1.1 200 OK"
2026-09-13 18:06:11,587 - INFO - HTTP Request: POST https://api.deepseek.com/chat/completions "HTTP/1.1 200 OK"
2026-09-13 18:06:25,563 - INFO - HTTP Request: POST https://api.deepseek.com/chat/completions "HTTP/1.1 200 OK"
2026-09-13 18:06:31,175 - INFO - HTTP Request: POST https://api.deepseek.com/chat/completions "HTTP/1.1 200 OK"
2026-09-13 18:06:36,234 - INFO - HTTP Request: POST https://api.deepseek.com/chat/completions "HTTP/1.1 200 OK"
2026-09-13 18:06:39,155 - INFO - HTTP Request: POST https://api.deepseek.com/chat/completions "HTTP/1.1 200 OK"
2026-09-13 18:06:44,472 - INFO - HTTP Request: POST https://api.deepseek.com/chat/completions "HTTP/1.1 200 OK"
2026-09-13 18:06:47,272 - INFO - HTTP Request: POST https://api.deepseek.com/chat/completions "HTTP/1.1 200 OK"
2026-09-13 18:06:50,049 - INFO - HTTP Request: POST https://api.deepseek.com/chat/completions "HTTP/1.1 200 OK"
2026-09-13 18:06:53,390 - INFO - HTTP Request: POST https://api.deepseek.com/chat/completions "HTTP/1.1 200 OK"
2026-09-13 18:06:56,188 - INFO - HTTP Request: POST https://api.deepseek.com/chat/completions "HTTP/1.1 200 OK"
2026-09-13 18:07:05,526 - INFO - HTTP Request: POST https://api.deepseek.com/chat/completions "HTTP/1.1 200 OK"
2026-09-13 18:07:08,404 - INFO - HTTP Request: POST https://api.deepseek.com/chat/completions "HTTP/1.1 200 OK"
2026-09-13 18:07:11,550 - INFO - HTTP Request: POST https://api.deepseek.com/chat/completions "HTTP/1.1 200 OK"
2026-09-13 18:07:22,750 - INFO - HTTP Request: POST https://api.deepseek.com/chat/completions "HTTP/1.1 200 OK"
2026-09-13 18:07:25,574 - INFO - HTTP Request: POST https://api.deepseek.com/chat/completions "HTTP/1.1 200 OK"
2026-09-13 18:07:28,464 - INFO - HTTP Request: POST https://api.deepseek.com/chat/completions "HTTP/1.1 200 OK"
2026-09-13 18:07:31,901 - INFO - HTTP Request: POST https://api.deepseek.com/chat/completions "HTTP/1.1 200 OK"
2026-09-13 18:07:49,988 - INFO - HTTP Request: POST https://api.deepseek.com/chat/completions "HTTP/1.1 200 OK"
2026-09-13 18:07:53,119 - INFO - HTTP Request: POST https://api.deepseek.com/chat/completions "HTTP/1.1 200 OK"
2026-09-13 18:08:04,822 - INFO - HTTP Request: POST https://api.deepseek.com/chat/completions "HTTP/1.1 200 OK"
2026-09-13 18:08:13,014 - INFO - HTTP Request: POST https://api.deepseek.com/chat/completions "HTTP/1.1 200 OK"
2026-09-13 18:08:24,617 - INFO - HTTP Request: POST https://api.deepseek.com/chat/completions "HTTP/1.1 200 OK"
2026-09-13 18:08:27,789 - INFO - HTTP Request: POST https://api.deepseek.com/chat/completions "HTTP/1.1 200 OK"
2026-09-13 18:08:55,919 - INFO - HTTP Request: POST https://api.deepseek.com/chat/completions "HTTP/1.1 200 OK"
2026-09-13 18:09:04,575 - INFO - HTTP Request: POST https://api.deepseek.com/chat/completions "HTTP/1.1 200 OK"
2026-09-13 18:09:20,718 - INFO - HTTP Request: POST https://api.deepseek.com/chat/completions "HTTP/1.1 200 OK"
2026-09-13 18:10:02,990 - INFO - HTTP Request: POST https://api.deepseek.com/chat/completions "HTTP/1.1 200 OK"
2026-09-13 18:10:07,335 - INFO - HTTP Request: POST https://api.deepseek.com/chat/completions "HTTP/1.1 200 OK"
2026-09-13 18:10:10,759 - INFO - HTTP Request: POST https://api.deepseek.com/chat/completions "HTTP/1.1 200 OK"
2026-09-13 18:10:14,316 - INFO - HTTP Request: POST https://api.deepseek.com/chat/completions "HTTP/1.1 200 OK"
2026-09-13 18:10:17,789 - INFO - HTTP Request: POST https://api.deepseek.com/chat/completions "HTTP/1.1 200 OK"
2026-09-13 18:10:22,937 - INFO - HTTP Request: POST https://api.deepseek.com/chat/completions "HTTP/1.1 200 OK"
2026-09-13 18:10:30,528 - INFO - HTTP Request: POST https://api.deepseek.com/chat/completions "HTTP/1.1 200 OK"
2026-09-13 18:10:33,393 - INFO - HTTP Request: POST https://api.deepseek.com/chat/completions "HTTP/1.1 200 OK"
2026-09-13 18:10:40,982 - INFO - HTTP Request: POST https://api.deepseek.com/chat/completions "HTTP/1.1 200 OK"
2026-09-13 18:10:45,601 - INFO - HTTP Request: POST https://api.deepseek.com/chat/completions "HTTP/1.1 200 OK"
2026-09-13 18:10:49,098 - INFO - HTTP Request: POST https://api.deepseek.com/chat/completions "HTTP/1.1 200 OK"
2026-09-13 18:10:52,602 - INFO - HTTP Request: POST https://api.deepseek.com/chat/completions "HTTP/1.1 200 OK"
2026-09-13 18:10:55,530 - INFO - HTTP Request: POST https://api.deepseek.com/chat/completions "HTTP/1.1 200 OK"
2026-09-13 18:11:06,268 - INFO - HTTP Request: POST https://api.deepseek.com/chat/completions "HTTP/1.1 200 OK"
2026-09-13 18:11:13,023 - INFO - HTTP Request: POST https://api.deepseek.com/chat/completions "HTTP/1.1 200 OK"
2026-09-13 18:11:28,123 - INFO - HTTP Request: POST https://api.deepseek.com/chat/completions "HTTP/1.1 200 OK"
2026-09-13 18:11:31,241 - INFO - HTTP Request: POST https://api.deepseek.com/chat/completions "HTTP/1.1 200 OK"
2026-09-13 18:11:34,259 - INFO - HTTP Request: POST https://api.deepseek.com/chat/completions "HTTP/1.1 200 OK"
2026-09-13 18:11:47,588 - INFO - HTTP Request: POST https://api.deepseek.com/chat/completions "HTTP/1.1 200 OK"
2026-09-13 18:11:55,341 - INFO - HTTP Request: POST https://api.deepseek.com/chat/completions "HTTP/1.1 200 OK"
2026-09-13 18:12:01,281 - INFO - HTTP Request: POST https://api.deepseek.com/chat/completions "HTTP/1.1 200 OK"
2026-09-13 18:12:04,465 - INFO - HTTP Request: POST https://api.deepseek.com/chat/completions "HTTP/1.1 200 OK"
2026-09-13 18:12:08,520 - INFO - HTTP Request: POST https://api.deepseek.com/chat/completions "HTTP/1.1 200 OK"
2026-09-13 18:12:27,244 - INFO - HTTP Request: POST https://api.deepseek.com/chat/completions "HTTP/1.1 200 OK"
2026-09-13 18:12:39,043 - INFO - HTTP Request: POST https://api.deepseek.com/chat/completions "HTTP/1.1 200 OK"
2026-09-13 18:12:41,888 - INFO - HTTP Request: POST https://api.deepseek.com/chat/completions "HTTP/1.1 200 OK"
2026-09-13 18:12:44,515 - INFO - HTTP Request: POST https://api.deepseek.com/chat/completions "HTTP/1.1 200 OK"
2026-09-13 18:12:47,546 - INFO - HTTP Request: POST https://api.deepseek.com/chat/completions "HTTP/1.1 200 OK"
2026-09-13 18:12:53,311 - INFO - HTTP Request: POST https://api.deepseek.com/chat/completions "HTTP/1.1 200 OK"
2026-09-13 18:12:57,402 - INFO - HTTP Request: POST https://api.deepseek.com/chat/completions "HTTP/1.1 200 OK"
2026-09-13 18:13:00,767 - INFO - HTTP Request: POST https://api.deepseek.com/chat/completions "HTTP/1.1 200 OK"
2026-09-13 18:13:04,436 - INFO - HTTP Request: POST https://api.deepseek.com/chat/completions "HTTP/1.1 200 OK"
2026-09-13 18:13:11,597 - INFO - HTTP Request: POST https://api.deepseek.com/chat/completions "HTTP/1.1 200 OK"
2026-09-13 18:13:15,064 - INFO - HTTP Request: POST https://api.deepseek.com/chat/completions "HTTP/1.1 200 OK"
2026-09-13 18:13:23,782 - INFO - HTTP Request: POST https://api.deepseek.com/chat/completions "HTTP/1.1 200 OK"
2026-09-13 18:13:27,600 - INFO - HTTP Request: POST https://api.deepseek.com/chat/completions "HTTP/1.1 200 OK"
2026-09-13 18:13:30,225 - INFO - HTTP Request: POST https://api.deepseek.com/chat/completions "HTTP/1.1 200 OK"
2026-09-13 18:13:33,215 - INFO - HTTP Request: POST https://api.deepseek.com/chat/completions "HTTP/1.1 200 OK"
2026-09-13 18:13:36,352 - INFO - HTTP Request: POST https://api.deepseek.com/chat/completions "HTTP/1.1 200 OK"
2026-09-13 18:13:39,478 - INFO - HTTP Request: POST https://api.deepseek.com/chat/completions "HTTP/1.1 200 OK"
2026-09-13 18:13:42,385 - INFO - HTTP Request: POST https://api.deepseek.com/chat/completions "HTTP/1.1 200 OK"
2026-09-13 18:14:31,230 - INFO - HTTP Request: POST https://api.deepseek.com/chat/completions "HTTP/1.1 200 OK"
2026-09-13 18:14:35,731 - INFO - HTTP Request: POST https://api.deepseek.com/chat/completions "HTTP/1.1 200 OK"
2026-09-13 18:14:38,464 - INFO - HTTP Request: POST https://api.deepseek.com/chat/completions "HTTP/1.1 200 OK"
2026-09-13 18:14:53,507 - INFO - HTTP Request: POST https://api.deepseek.com/chat/completions "HTTP/1.1 200 OK"
2026-09-13 18:14:56,583 - INFO - HTTP Request: POST https://api.deepseek.com/chat/completions "HTTP/1.1 200 OK"
2026-09-13 18:15:00,195 - INFO - HTTP Request: POST https://api.deepseek.com/chat/completions "HTTP/1.1 200 OK"
2026-09-13 18:15:03,737 - INFO - HTTP Request: POST https://api.deepseek.com/chat/completions "HTTP/1.1 200 OK"
2026-09-13 18:15:11,746 - INFO - HTTP Request: POST https://api.deepseek.com/chat/completions "HTTP/1.1 200 OK"
2026-09-13 18:15:15,392 - INFO - HTTP Request: POST https://api.deepseek.com/chat/completions "HTTP/1.1 200 OK"
2026-09-13 18:15:18,977 - INFO - HTTP Request: POST https://api.deepseek.com/chat/completions "HTTP/1.1 200 OK"
2026-09-13 18:15:22,203 - INFO - HTTP Request: POST https://api.deepseek.com/chat/completions "HTTP/1.1 200 OK"
2026-09-13 18:15:25,238 - INFO - HTTP Request: POST https://api.deepseek.com/chat/completions "HTTP/1.1 200 OK"
2026-09-13 18:15:31,003 - INFO - HTTP Request: POST https://api.deepseek.com/chat/completions "HTTP/1.1 200 OK"
2026-09-13 18:15:34,505 - INFO - HTTP Request: POST https://api.deepseek.com/chat/completions "HTTP/1.1 200 OK"
2026-09-13 18:15:39,538 - INFO - HTTP Request: POST https://api.deepseek.com/chat/completions "HTTP/1.1 200 OK"
2026-09-13 18:15:42,789 - INFO - HTTP Request: POST https://api.deepseek.com/chat/completions "HTTP/1.1 200 OK"
2026-09-13 18:15:46,866 - INFO - HTTP Request: POST https://api.deepseek.com/chat/completions "HTTP/1.1 200 OK"
2026-09-13 18:15:50,524 - INFO - HTTP Request: POST https://api.deepseek.com/chat/completions "HTTP/1.1 200 OK"
2026-09-13 18:15:53,549 - INFO - HTTP Request: POST https://api.deepseek.com/chat/completions "HTTP/1.1 200 OK"
2026-09-13 18:15:56,476 - INFO - HTTP Request: POST https://api.deepseek.com/chat/completions "HTTP/1.1 200 OK"
2026-09-13 18:15:59,714 - INFO - HTTP Request: POST https://api.deepseek.com/chat/completions "HTTP/1.1 200 OK"
2026-09-13 18:16:02,985 - INFO - HTTP Request: POST https://api.deepseek.com/chat/completions "HTTP/1.1 200 OK"
2026-09-13 18:16:07,178 - INFO - HTTP Request: POST https://api.deepseek.com/chat/completions "HTTP/1.1 200 OK"
2026-09-13 18:16:10,361 - INFO - HTTP Request: POST https://api.deepseek.com/chat/completions "HTTP/1.1 200 OK"
2026-09-13 18:16:14,709 - INFO - HTTP Request: POST https://api.deepseek.com/chat/completions "HTTP/1.1 200 OK"
2026-09-13 18:16:22,380 - INFO - HTTP Request: POST https://api.deepseek.com/chat/completions "HTTP/1.1 200 OK"
2026-09-13 18:16:25,525 - INFO - HTTP Request: POST https://api.deepseek.com/chat/completions "HTTP/1.1 200 OK"
2026-09-13 18:16:30,105 - INFO - HTTP Request: POST https://api.deepseek.com/chat/completions "HTTP/1.1 200 OK"
2026-09-13 18:16:33,164 - INFO - HTTP Request: POST https://api.deepseek.com/chat/completions "HTTP/1.1 200 OK"
2026-09-13 18:16:36,266 - INFO - HTTP Request: POST https://api.deepseek.com/chat/completions "HTTP/1.1 200 OK"
2026-09-13 18:16:50,406 - INFO - HTTP Request: POST https://api.deepseek.com/chat/completions "HTTP/1.1 200 OK"
2026-09-13 18:17:24,078 - INFO - HTTP Request: POST https://api.deepseek.com/chat/completions "HTTP/1.1 200 OK"
2026-09-13 18:17:28,052 - INFO - HTTP Request: POST https://api.deepseek.com/chat/completions "HTTP/1.1 200 OK"
2026-09-13 18:17:35,395 - INFO - HTTP Request: POST https://api.deepseek.com/chat/completions "HTTP/1.1 200 OK"
2026-09-13 18:17:38,530 - INFO - HTTP Request: POST https://api.deepseek.com/chat/completions "HTTP/1.1 200 OK"
2026-09-13 18:17:41,835 - INFO - HTTP Request: POST https://api.deepseek.com/chat/completions "HTTP/1.1 200 OK"
2026-09-13 18:17:44,980 - INFO - HTTP Request: POST https://api.deepseek.com/chat/completions "HTTP/1.1 200 OK"
2026-09-13 18:17:47,968 - INFO - HTTP Request: POST https://api.deepseek.com/chat/completions "HTTP/1.1 200 OK"
2026-09-13 18:17:56,887 - INFO - HTTP Request: POST https://api.deepseek.com/chat/completions "HTTP/1.1 200 OK"
2026-09-13 18:18:00,674 - INFO - HTTP Request: POST https://api.deepseek.com/chat/completions "HTTP/1.1 200 OK"
2026-09-13 18:18:29,394 - INFO - HTTP Request: POST https://api.deepseek.com/chat/completions "HTTP/1.1 200 OK"
2026-09-13 18:18:36,739 - INFO - HTTP Request: POST https://api.deepseek.com/chat/completions "HTTP/1.1 200 OK"
2026-09-13 18:18:39,935 - INFO - HTTP Request: POST https://api.deepseek.com/chat/completions "HTTP/1.1 200 OK"
2026-09-13 18:18:43,819 - INFO - HTTP Request: POST https://api.deepseek.com/chat/completions "HTTP/1.1 200 OK"
2026-09-13 18:18:47,453 - INFO - HTTP Request: POST https://api.deepseek.com/chat/completions "HTTP/1.1 200 OK"
2026-09-13 18:18:50,762 - INFO - HTTP Request: POST https://api.deepseek.com/chat/completions "HTTP/1.1 200 OK"
2026-09-13 18:18:53,531 - INFO - HTTP Request: POST https://api.deepseek.com/chat/completions "HTTP/1.1 200 OK"
2026-09-13 18:18:58,513 - INFO - HTTP Request: POST https://api.deepseek.com/chat/completions "HTTP/1.1 200 OK"
2026-09-13 18:19:01,386 - INFO - HTTP Request: POST https://api.deepseek.com/chat/completions "HTTP/1.1 200 OK"
2026-09-13 18:19:04,270 - INFO - HTTP Request: POST https://api.deepseek.com/chat/completions "HTTP/1.1 200 OK"
2026-09-13 18:19:07,209 - INFO - HTTP Request: POST https://api.deepseek.com/chat/completions "HTTP/1.1 200 OK"
2026-09-13 18:19:10,327 - INFO - HTTP Request: POST https://api.deepseek.com/chat/completions "HTTP/1.1 200 OK"
2026-09-13 18:19:13,516 - INFO - HTTP Request: POST https://api.deepseek.com/chat/completions "HTTP/1.1 200 OK"
2026-09-13 18:19:30,759 - INFO - HTTP Request: POST https://api.deepseek.com/chat/completions "HTTP/1.1 200 OK"
2026-09-13 18:19:34,442 - INFO - HTTP Request: POST https://api.deepseek.com/chat/completions "HTTP/1.1 200 OK"
2026-09-13 18:19:42,138 - INFO - HTTP Request: POST https://api.deepseek.com/chat/completions "HTTP/1.1 200 OK"
2026-09-13 18:19:45,415 - INFO - HTTP Request: POST https://api.deepseek.com/chat/completions "HTTP/1.1 200 OK"
2026-09-13 18:19:48,948 - INFO - HTTP Request: POST https://api.deepseek.com/chat/completions "HTTP/1.1 200 OK"
2026-09-13 18:20:24,599 - INFO - HTTP Request: POST https://api.deepseek.com/chat/completions "HTTP/1.1 200 OK"
2026-09-13 18:20:41,663 - INFO - HTTP Request: POST https://api.deepseek.com/chat/completions "HTTP/1.1 200 OK"
2026-09-13 18:20:44,903 - INFO - HTTP Request: POST https://api.deepseek.com/chat/completions "HTTP/1.1 200 OK"
2026-09-13 18:20:47,905 - INFO - HTTP Request: POST https://api.deepseek.com/chat/completions "HTTP/1.1 200 OK"
2026-09-13 18:20:52,051 - INFO - HTTP Request: POST https://api.deepseek.com/chat/completions "HTTP/1.1 200 OK"
2026-09-13 18:20:59,525 - INFO - HTTP Request: POST https://api.deepseek.com/chat/completions "HTTP/1.1 200 OK"
2026-09-13 18:21:18,312 - INFO - HTTP Request: POST https://api.deepseek.com/chat/completions "HTTP/1.1 200 OK"
2026-09-13 18:21:21,346 - INFO - HTTP Request: POST https://api.deepseek.com/chat/completions "HTTP/1.1 200 OK"
2026-09-13 18:21:27,191 - INFO - HTTP Request: POST https://api.deepseek.com/chat/completions "HTTP/1.1 200 OK"
2026-09-13 18:21:30,455 - INFO - HTTP Request: POST https://api.deepseek.com/chat/completions "HTTP/1.1 200 OK"
2026-09-13 18:21:46,920 - INFO - HTTP Request: POST https://api.deepseek.com/chat/completions "HTTP/1.1 200 OK"
2026-09-13 18:21:50,583 - INFO - HTTP Request: POST https://api.deepseek.com/chat/completions "HTTP/1.1 200 OK"
2026-09-13 18:21:54,975 - INFO - HTTP Request: POST https://api.deepseek.com/chat/completions "HTTP/1.1 200 OK"
2026-09-13 18:21:58,043 - INFO - HTTP Request: POST https://api.deepseek.com/chat/completions "HTTP/1.1 200 OK"
2026-09-13 18:22:42,759 - INFO - HTTP Request: POST https://api.deepseek.com/chat/completions "HTTP/1.1 200 OK"
2026-09-13 18:22:45,625 - INFO - HTTP Request: POST https://api.deepseek.com/chat/completions "HTTP/1.1 200 OK"
2026-09-13 18:22:49,373 - INFO - HTTP Request: POST https://api.deepseek.com/chat/completions "HTTP/1.1 200 OK"
2026-09-13 18:22:52,286 - INFO - HTTP Request: POST https://api.deepseek.com/chat/completions "HTTP/1.1 200 OK"
2026-09-13 18:22:55,125 - INFO - HTTP Request: POST https://api.deepseek.com/chat/completions "HTTP/1.1 200 OK"
2026-09-13 18:23:19,723 - INFO - HTTP Request: POST https://api.deepseek.com/chat/completions "HTTP/1.1 200 OK"
2026-09-13 18:23:23,427 - INFO - HTTP Request: POST https://api.deepseek.com/chat/completions "HTTP/1.1 200 OK"
2026-09-13 18:23:27,454 - INFO - HTTP Request: POST https://api.deepseek.com/chat/completions "HTTP/1.1 200 OK"
2026-09-13 18:23:34,725 - INFO - HTTP Request: POST https://api.deepseek.com/chat/completions "HTTP/1.1 200 OK"
2026-09-13 18:23:41,600 - INFO - HTTP Request: POST https://api.deepseek.com/chat/completions "HTTP/1.1 200 OK"
2026-09-13 18:23:44,964 - INFO - HTTP Request: POST https://api.deepseek.com/chat/completions "HTTP/1.1 200 OK"
2026-09-13 18:23:52,996 - INFO - HTTP Request: POST https://api.deepseek.com/chat/completions "HTTP/1.1 200 OK"
2026-09-13 18:24:00,895 - INFO - HTTP Request: POST https://api.deepseek.com/chat/completions "HTTP/1.1 200 OK"
2026-09-13 18:24:05,231 - INFO - HTTP Request: POST https://api.deepseek.com/chat/completions "HTTP/1.1 200 OK"
2026-09-13 18:24:15,450 - INFO - HTTP Request: POST https://api.deepseek.com/chat/completions "HTTP/1.1 200 OK"
2026-09-13 18:24:18,239 - INFO - HTTP Request: POST https://api.deepseek.com/chat/completions "HTTP/1.1 200 OK"
2026-09-13 18:24:30,340 - INFO - HTTP Request: POST https://api.deepseek.com/chat/completions "HTTP/1.1 200 OK"
2026-09-13 18:24:33,608 - INFO - HTTP Request: POST https://api.deepseek.com/chat/completions "HTTP/1.1 200 OK"
2026-09-13 18:24:36,776 - INFO - HTTP Request: POST https://api.deepseek.com/chat/completions "HTTP/1.1 200 OK"
2026-09-13 18:24:39,616 - INFO - HTTP Request: POST https://api.deepseek.com/chat/completions "HTTP/1.1 200 OK"
2026-09-13 18:24:49,040 - INFO - HTTP Request: POST https://api.deepseek.com/chat/completions "HTTP/1.1 200 OK"
2026-09-13 18:24:52,645 - INFO - HTTP Request: POST https://api.deepseek.com/chat/completions "HTTP/1.1 200 OK"
2026-09-13 18:25:03,877 - INFO - HTTP Request: POST https://api.deepseek.com/chat/completions "HTTP/1.1 200 OK"
2026-09-13 18:25:07,915 - INFO - HTTP Request: POST https://api.deepseek.com/chat/completions "HTTP/1.1 200 OK"
2026-09-13 18:25:10,816 - INFO - HTTP Request: POST https://api.deepseek.com/chat/completions "HTTP/1.1 200 OK"
2026-09-13 18:25:16,760 - INFO - HTTP Request: POST https://api.deepseek.com/chat/completions "HTTP/1.1 200 OK"
2026-09-13 18:25:20,107 - INFO - HTTP Request: POST https://api.deepseek.com/chat/completions "HTTP/1.1 200 OK"
2026-09-13 18:25:40,612 - INFO - HTTP Request: POST https://api.deepseek.com/chat/completions "HTTP/1.1 200 OK"
2026-09-13 18:25:43,573 - INFO - HTTP Request: POST https://api.deepseek.com/chat/completions "HTTP/1.1 200 OK"
2026-09-13 18:25:46,730 - INFO - HTTP Request: POST https://api.deepseek.com/chat/completions "HTTP/1.1 200 OK"
2026-09-13 18:25:50,005 - INFO - HTTP Request: POST https://api.deepseek.com/chat/completions "HTTP/1.1 200 OK"
2026-09-13 18:25:53,059 - INFO - HTTP Request: POST https://api.deepseek.com/chat/completions "HTTP/1.1 200 OK"
2026-09-13 18:25:56,772 - INFO - HTTP Request: POST https://api.deepseek.com/chat/completions "HTTP/1.1 200 OK"
2026-09-13 18:26:01,707 - INFO - HTTP Request: POST https://api.deepseek.com/chat/completions "HTTP/1.1 200 OK"
2026-09-13 18:26:13,401 - INFO - HTTP Request: POST https://api.deepseek.com/chat/completions "HTTP/1.1 200 OK"
2026-09-13 18:26:22,074 - INFO - HTTP Request: POST https://api.deepseek.com/chat/completions "HTTP/1.1 200 OK"
2026-09-13 18:26:26,489 - INFO - HTTP Request: POST https://api.deepseek.com/chat/completions "HTTP/1.1 200 OK"
2026-09-13 18:26:30,048 - INFO - HTTP Request: POST https://api.deepseek.com/chat/completions "HTTP/1.1 200 OK"
2026-09-13 18:26:33,581 - INFO - HTTP Request: POST https://api.deepseek.com/chat/completions "HTTP/1.1 200 OK"
2026-09-13 18:26:36,758 - INFO - HTTP Request: POST https://api.deepseek.com/chat/completions "HTTP/1.1 200 OK"
2026-09-13 18:26:42,472 - INFO - HTTP Request: POST https://api.deepseek.com/chat/completions "HTTP/1.1 200 OK"
2026-09-13 18:26:51,492 - INFO - HTTP Request: POST https://api.deepseek.com/chat/completions "HTTP/1.1 200 OK"
2026-09-13 18:26:54,514 - INFO - HTTP Request: POST https://api.deepseek.com/chat/completions "HTTP/1.1 200 OK"
2026-09-13 18:27:06,147 - INFO - HTTP Request: POST https://api.deepseek.com/chat/completions "HTTP/1.1 200 OK"
2026-09-13 18:27:13,337 - INFO - HTTP Request: POST https://api.deepseek.com/chat/completions "HTTP/1.1 200 OK"
2026-09-13 18:27:16,892 - INFO - HTTP Request: POST https://api.deepseek.com/chat/completions "HTTP/1.1 200 OK"
2026-09-13 18:27:19,521 - INFO - HTTP Request: POST https://api.deepseek.com/chat/completions "HTTP/1.1 200 OK"
2026-09-13 18:27:23,121 - INFO - HTTP Request: POST https://api.deepseek.com/chat/completions "HTTP/1.1 200 OK"
2026-09-13 18:27:26,209 - INFO - HTTP Request: POST https://api.deepseek.com/chat/completions "HTTP/1.1 200 OK"
2026-09-13 18:28:16,457 - INFO - HTTP Request: POST https://api.deepseek.com/chat/completions "HTTP/1.1 200 OK"
2026-09-13 18:28:33,070 - INFO - HTTP Request: POST https://api.deepseek.com/chat/completions "HTTP/1.1 200 OK"
2026-09-13 18:28:36,200 - INFO - HTTP Request: POST https://api.deepseek.com/chat/completions "HTTP/1.1 200 OK"
2026-09-13 18:28:44,543 - INFO - HTTP Request: POST https://api.deepseek.com/chat/completions "HTTP/1.1 200 OK"
2026-09-13 18:28:47,163 - INFO - HTTP Request: POST https://api.deepseek.com/chat/completions "HTTP/1.1 200 OK"
2026-09-13 18:28:53,812 - INFO - HTTP Request: POST https://api.deepseek.com/chat/completions "HTTP/1.1 200 OK"
2026-09-13 18:28:56,641 - INFO - HTTP Request: POST https://api.deepseek.com/chat/completions "HTTP/1.1 200 OK"
2026-09-13 18:28:59,750 - INFO - HTTP Request: POST https://api.deepseek.com/chat/completions "HTTP/1.1 200 OK"
2026-09-13 18:29:09,315 - INFO - HTTP Request: POST https://api.deepseek.com/chat/completions "HTTP/1.1 200 OK"
2026-09-13 18:29:12,107 - INFO - HTTP Request: POST https://api.deepseek.com/chat/completions "HTTP/1.1 200 OK"
2026-09-13 18:29:14,897 - INFO - HTTP Request: POST https://api.deepseek.com/chat/completions "HTTP/1.1 200 OK"
2026-09-13 18:29:19,413 - INFO - HTTP Request: POST https://api.deepseek.com/chat/completions "HTTP/1.1 200 OK"
2026-09-13 18:29:26,829 - INFO - HTTP Request: POST https://api.deepseek.com/chat/completions "HTTP/1.1 200 OK"
2026-09-13 18:29:30,271 - INFO - HTTP Request: POST https://api.deepseek.com/chat/completions "HTTP/1.1 200 OK"
2026-09-13 18:29:33,304 - INFO - HTTP Request: POST https://api.deepseek.com/chat/completions "HTTP/1.1 200 OK"
2026-09-13 18:29:35,930 - INFO - HTTP Request: POST https://api.deepseek.com/chat/completions "HTTP/1.1 200 OK"
2026-09-13 18:29:39,243 - INFO - HTTP Request: POST https://api.deepseek.com/chat/completions "HTTP/1.1 200 OK"
2026-09-13 18:29:42,369 - INFO - HTTP Request: POST https://api.deepseek.com/chat/completions "HTTP/1.1 200 OK"
2026-09-13 18:30:07,130 - INFO - HTTP Request: POST https://api.deepseek.com/chat/completions "HTTP/1.1 200 OK"
2026-09-13 18:30:09,804 - INFO - HTTP Request: POST https://api.deepseek.com/chat/completions "HTTP/1.1 200 OK"
2026-09-13 18:30:13,777 - INFO - HTTP Request: POST https://api.deepseek.com/chat/completions "HTTP/1.1 200 OK"
2026-09-13 18:30:19,158 - INFO - HTTP Request: POST https://api.deepseek.com/chat/completions "HTTP/1.1 200 OK"
2026-09-13 18:30:22,021 - INFO - HTTP Request: POST https://api.deepseek.com/chat/completions "HTTP/1.1 200 OK"
2026-09-13 18:30:25,032 - INFO - HTTP Request: POST https://api.deepseek.com/chat/completions "HTTP/1.1 200 OK"
2026-09-13 18:30:28,289 - INFO - HTTP Request: POST https://api.deepseek.com/chat/completions "HTTP/1.1 200 OK"
2026-09-13 18:30:31,233 - INFO - HTTP Request: POST https://api.deepseek.com/chat/completions "HTTP/1.1 200 OK"
2026-09-13 18:30:35,440 - INFO - HTTP Request: POST https://api.deepseek.com/chat/completions "HTTP/1.1 200 OK"
2026-09-13 18:30:38,331 - INFO - HTTP Request: POST https://api.deepseek.com/chat/completions "HTTP/1.1 200 OK"
2026-09-13 18:30:41,035 - INFO - HTTP Request: POST https://api.deepseek.com/chat/completions "HTTP/1.1 200 OK"
2026-09-13 18:30:44,377 - INFO - HTTP Request: POST https://api.deepseek.com/chat/completions "HTTP/1.1 200 OK"
2026-09-13 18:30:47,163 - INFO - HTTP Request: POST https://api.deepseek.com/chat/completions "HTTP/1.1 200 OK"
2026-09-13 18:30:57,055 - INFO - HTTP Request: POST https://api.deepseek.com/chat/completions "HTTP/1.1 200 OK"
2026-09-13 18:30:59,736 - INFO - HTTP Request: POST https://api.deepseek.com/chat/completions "HTTP/1.1 200 OK"
2026-09-13 18:31:02,756 - INFO - HTTP Request: POST https://api.deepseek.com/chat/completions "HTTP/1.1 200 OK"
2026-09-13 18:31:06,221 - INFO - HTTP Request: POST https://api.deepseek.com/chat/completions "HTTP/1.1 200 OK"
2026-09-13 18:31:09,233 - INFO - HTTP Request: POST https://api.deepseek.com/chat/completions "HTTP/1.1 200 OK"
2026-09-13 18:31:12,207 - INFO - HTTP Request: POST https://api.deepseek.com/chat/completions "HTTP/1.1 200 OK"
2026-09-13 18:31:20,821 - INFO - HTTP Request: POST https://api.deepseek.com/chat/completions "HTTP/1.1 200 OK"
2026-09-13 18:31:23,843 - INFO - HTTP Request: POST https://api.deepseek.com/chat/completions "HTTP/1.1 200 OK"
2026-09-13 18:31:27,361 - INFO - HTTP Request: POST https://api.deepseek.com/chat/completions "HTTP/1.1 200 OK"
2026-09-13 18:31:31,534 - INFO - HTTP Request: POST https://api.deepseek.com/chat/completions "HTTP/1.1 200 OK"
2026-09-13 18:31:34,668 - INFO - HTTP Request: POST https://api.deepseek.com/chat/completions "HTTP/1.1 200 OK"
2026-09-13 18:31:37,955 - INFO - HTTP Request: POST https://api.deepseek.com/chat/completions "HTTP/1.1 200 OK"
2026-09-13 18:31:41,004 - INFO - HTTP Request: POST https://api.deepseek.com/chat/completions "HTTP/1.1 200 OK"
2026-09-13 18:31:57,357 - INFO - HTTP Request: POST https://api.deepseek.com/chat/completions "HTTP/1.1 200 OK"
2026-09-13 18:32:11,327 - INFO - HTTP Request: POST https://api.deepseek.com/chat/completions "HTTP/1.1 200 OK"
2026-09-13 18:32:25,430 - INFO - HTTP Request: POST https://api.deepseek.com/chat/completions "HTTP/1.1 200 OK"
2026-09-13 18:32:29,245 - INFO - HTTP Request: POST https://api.deepseek.com/chat/completions "HTTP/1.1 200 OK"
2026-09-13 18:32:32,281 - INFO - HTTP Request: POST https://api.deepseek.com/chat/completions "HTTP/1.1 200 OK"
2026-09-13 18:32:36,214 - INFO - HTTP Request: POST https://api.deepseek.com/chat/completions "HTTP/1.1 200 OK"
2026-09-13 18:32:40,015 - INFO - HTTP Request: POST https://api.deepseek.com/chat/completions "HTTP/1.1 200 OK"
2026-09-13 18:32:42,901 - INFO - HTTP Request: POST https://api.deepseek.com/chat/completions "HTTP/1.1 200 OK"
2026-09-13 18:32:45,697 - INFO - HTTP Request: POST https://api.deepseek.com/chat/completions "HTTP/1.1 200 OK"
2026-09-13 18:32:58,297 - INFO - HTTP Request: POST https://api.deepseek.com/chat/completions "HTTP/1.1 200 OK"
2026-09-13 18:33:01,213 - INFO - HTTP Request: POST https://api.deepseek.com/chat/completions "HTTP/1.1 200 OK"
2026-09-13 18:33:05,954 - INFO - HTTP Request: POST https://api.deepseek.com/chat/completions "HTTP/1.1 200 OK"
2026-09-13 18:33:08,873 - INFO - HTTP Request: POST https://api.deepseek.com/chat/completions "HTTP/1.1 200 OK"
2026-09-13 18:33:14,206 - INFO - HTTP Request: POST https://api.deepseek.com/chat/completions "HTTP/1.1 200 OK"
2026-09-13 18:33:17,395 - INFO - HTTP Request: POST https://api.deepseek.com/chat/completions "HTTP/1.1 200 OK"
2026-09-13 18:33:23,421 - INFO - HTTP Request: POST https://api.deepseek.com/chat/completions "HTTP/1.1 200 OK"
2026-09-13 18:33:28,631 - INFO - HTTP Request: POST https://api.deepseek.com/chat/completions "HTTP/1.1 200 OK"
2026-09-13 18:33:36,258 - INFO - HTTP Request: POST https://api.deepseek.com/chat/completions "HTTP/1.1 200 OK"
2026-09-13 18:33:43,511 - INFO - HTTP Request: POST https://api.deepseek.com/chat/completions "HTTP/1.1 200 OK"
2026-09-13 18:33:48,600 - INFO - HTTP Request: POST https://api.deepseek.com/chat/completions "HTTP/1.1 200 OK"
2026-09-13 18:33:52,858 - INFO - HTTP Request: POST https://api.deepseek.com/chat/completions "HTTP/1.1 200 OK"
2026-09-13 18:33:56,111 - INFO - HTTP Request: POST https://api.deepseek.com/chat/completions "HTTP/1.1 200 OK"
2026-09-13 18:33:59,046 - INFO - HTTP Request: POST https://api.deepseek.com/chat/completions "HTTP/1.1 200 OK"
2026-09-13 18:34:03,220 - INFO - HTTP Request: POST https://api.deepseek.com/chat/completions "HTTP/1.1 200 OK"
2026-09-13 18:34:06,304 - INFO - HTTP Request: POST https://api.deepseek.com/chat/completions "HTTP/1.1 200 OK"
2026-09-13 18:34:09,445 - INFO - HTTP Request: POST https://api.deepseek.com/chat/completions "HTTP/1.1 200 OK"
2026-09-13 18:34:16,994 - INFO - HTTP Request: POST https://api.deepseek.com/chat/completions "HTTP/1.1 200 OK"
2026-09-13 18:34:20,625 - INFO - HTTP Request: POST https://api.deepseek.com/chat/completions "HTTP/1.1 200 OK"
2026-09-13 18:34:25,510 - INFO - HTTP Request: POST https://api.deepseek.com/chat/completions "HTTP/1.1 200 OK"
2026-09-13 18:34:28,461 - INFO - HTTP Request: POST https://api.deepseek.com/chat/completions "HTTP/1.1 200 OK"
2026-09-13 18:34:48,467 - INFO - HTTP Request: POST https://api.deepseek.com/chat/completions "HTTP/1.1 200 OK"
2026-09-13 18:34:51,903 - INFO - HTTP Request: POST https://api.deepseek.com/chat/completions "HTTP/1.1 200 OK"
2026-09-13 18:35:07,219 - INFO - HTTP Request: POST https://api.deepseek.com/chat/completions "HTTP/1.1 200 OK"
2026-09-13 18:35:09,888 - INFO - HTTP Request: POST https://api.deepseek.com/chat/completions "HTTP/1.1 200 OK"
2026-09-13 18:35:15,843 - INFO - HTTP Request: POST https://api.deepseek.com/chat/completions "HTTP/1.1 200 OK"
2026-09-13 18:35:18,816 - INFO - HTTP Request: POST https://api.deepseek.com/chat/completions "HTTP/1.1 200 OK"
2026-09-13 18:35:21,805 - INFO - HTTP Request: POST https://api.deepseek.com/chat/completions "HTTP/1.1 200 OK"
2026-09-13 18:35:24,763 - INFO - HTTP Request: POST https://api.deepseek.com/chat/completions "HTTP/1.1 200 OK"
2026-09-13 18:35:27,963 - INFO - HTTP Request: POST https://api.deepseek.com/chat/completions "HTTP/1.1 200 OK"
2026-09-13 18:35:31,050 - INFO - HTTP Request: POST https://api.deepseek.com/chat/completions "HTTP/1.1 200 OK"
2026-09-13 18:35:36,025 - INFO - HTTP Request: POST https://api.deepseek.com/chat/completions "HTTP/1.1 200 OK"
2026-09-13 18:35:39,169 - INFO - HTTP Request: POST https://api.deepseek.com/chat/completions "HTTP/1.1 200 OK"
2026-09-13 18:36:00,241 - INFO - HTTP Request: POST https://api.deepseek.com/chat/completions "HTTP/1.1 200 OK"
2026-09-13 18:36:05,128 - INFO - HTTP Request: POST https://api.deepseek.com/chat/completions "HTTP/1.1 200 OK"
2026-09-13 18:36:22,270 - INFO - HTTP Request: POST https://api.deepseek.com/chat/completions "HTTP/1.1 200 OK"
2026-09-13 18:36:26,008 - INFO - HTTP Request: POST https://api.deepseek.com/chat/completions "HTTP/1.1 200 OK"
2026-09-13 18:36:29,246 - INFO - HTTP Request: POST https://api.deepseek.com/chat/completions "HTTP/1.1 200 OK"
2026-09-13 18:36:54,163 - INFO - HTTP Request: POST https://api.deepseek.com/chat/completions "HTTP/1.1 200 OK"
2026-09-13 18:37:36,506 - INFO - HTTP Request: POST https://api.deepseek.com/chat/completions "HTTP/1.1 200 OK"
2026-09-13 18:37:41,730 - INFO - HTTP Request: POST https://api.deepseek.com/chat/completions "HTTP/1.1 200 OK"
2026-09-13 18:37:45,991 - INFO - HTTP Request: POST https://api.deepseek.com/chat/completions "HTTP/1.1 200 OK"
2026-09-13 18:37:49,145 - INFO - HTTP Request: POST https://api.deepseek.com/chat/completions "HTTP/1.1 200 OK"
2026-09-13 18:38:11,812 - INFO - HTTP Request: POST https://api.deepseek.com/chat/completions "HTTP/1.1 200 OK"
2026-09-13 18:38:15,525 - INFO - HTTP Request: POST https://api.deepseek.com/chat/completions "HTTP/1.1 200 OK"
2026-09-13 18:38:19,477 - INFO - HTTP Request: POST https://api.deepseek.com/chat/completions "HTTP/1.1 200 OK"
2026-09-13 18:38:22,750 - INFO - HTTP Request: POST https://api.deepseek.com/chat/completions "HTTP/1.1 200 OK"
2026-09-13 18:38:25,985 - INFO - HTTP Request: POST https://api.deepseek.com/chat/completions "HTTP/1.1 200 OK"
2026-09-13 18:38:29,160 - INFO - HTTP Request: POST https://api.deepseek.com/chat/completions "HTTP/1.1 200 OK"
2026-09-13 18:38:32,351 - INFO - HTTP Request: POST https://api.deepseek.com/chat/completions "HTTP/1.1 200 OK"
2026-09-13 18:38:36,764 - INFO - HTTP Request: POST https://api.deepseek.com/chat/completions "HTTP/1.1 200 OK"
2026-09-13 18:38:39,969 - INFO - HTTP Request: POST https://api.deepseek.com/chat/completions "HTTP/1.1 200 OK"
2026-09-13 18:38:43,083 - INFO - HTTP Request: POST https://api.deepseek.com/chat/completions "HTTP/1.1 200 OK"
2026-09-13 18:38:51,916 - INFO - HTTP Request: POST https://api.deepseek.com/chat/completions "HTTP/1.1 200 OK"
2026-09-13 18:38:58,662 - INFO - HTTP Request: POST https://api.deepseek.com/chat/completions "HTTP/1.1 200 OK"
2026-09-13 18:39:02,654 - INFO - HTTP Request: POST https://api.deepseek.com/chat/completions "HTTP/1.1 200 OK"
2026-09-13 18:39:05,362 - INFO - HTTP Request: POST https://api.deepseek.com/chat/completions "HTTP/1.1 200 OK"
2026-09-13 18:39:32,572 - INFO - HTTP Request: POST https://api.deepseek.com/chat/completions "HTTP/1.1 200 OK"
2026-09-13 18:39:35,546 - INFO - HTTP Request: POST https://api.deepseek.com/chat/completions "HTTP/1.1 200 OK"
2026-09-13 18:40:06,515 - INFO - HTTP Request: POST https://api.deepseek.com/chat/completions "HTTP/1.1 200 OK"
2026-09-13 18:40:30,956 - INFO - HTTP Request: POST https://api.deepseek.com/chat/completions "HTTP/1.1 200 OK"
2026-09-13 18:40:34,081 - INFO - HTTP Request: POST https://api.deepseek.com/chat/completions "HTTP/1.1 200 OK"
2026-09-13 18:40:37,999 - INFO - HTTP Request: POST https://api.deepseek.com/chat/completions "HTTP/1.1 200 OK"
2026-09-13 18:40:41,421 - INFO - HTTP Request: POST https://api.deepseek.com/chat/completions "HTTP/1.1 200 OK"
2026-09-13 18:40:45,760 - INFO - HTTP Request: POST https://api.deepseek.com/chat/completions "HTTP/1.1 200 OK"
2026-09-13 18:40:59,251 - INFO - HTTP Request: POST https://api.deepseek.com/chat/completions "HTTP/1.1 200 OK"
2026-09-13 18:41:08,036 - INFO - HTTP Request: POST https://api.deepseek.com/chat/completions "HTTP/1.1 200 OK"
2026-09-13 18:41:11,092 - INFO - HTTP Request: POST https://api.deepseek.com/chat/completions "HTTP/1.1 200 OK"
2026-09-13 18:41:24,940 - INFO - HTTP Request: POST https://api.deepseek.com/chat/completions "HTTP/1.1 200 OK"
2026-09-13 18:41:30,703 - INFO - HTTP Request: POST https://api.deepseek.com/chat/completions "HTTP/1.1 200 OK"
2026-09-13 18:41:33,665 - INFO - HTTP Request: POST https://api.deepseek.com/chat/completions "HTTP/1.1 200 OK"
2026-09-13 18:41:37,342 - INFO - HTTP Request: POST https://api.deepseek.com/chat/completions "HTTP/1.1 200 OK"
2026-09-13 18:41:40,522 - INFO - HTTP Request: POST https://api.deepseek.com/chat/completions "HTTP/1.1 200 OK"
2026-09-13 18:41:43,960 - INFO - HTTP Request: POST https://api.deepseek.com/chat/completions "HTTP/1.1 200 OK"
2026-09-13 18:41:53,931 - INFO - HTTP Request: POST https://api.deepseek.com/chat/completions "HTTP/1.1 200 OK"
2026-09-13 18:41:57,115 - INFO - HTTP Request: POST https://api.deepseek.com/chat/completions "HTTP/1.1 200 OK"
2026-09-13 18:42:02,028 - INFO - HTTP Request: POST https://api.deepseek.com/chat/completions "HTTP/1.1 200 OK"
2026-09-13 18:42:08,083 - INFO - HTTP Request: POST https://api.deepseek.com/chat/completions "HTTP/1.1 200 OK"
2026-09-13 18:42:58,179 - INFO - HTTP Request: POST https://api.deepseek.com/chat/completions "HTTP/1.1 200 OK"
2026-09-13 18:43:02,325 - INFO - HTTP Request: POST https://api.deepseek.com/chat/completions "HTTP/1.1 200 OK"
2026-09-13 18:43:07,895 - INFO - HTTP Request: POST https://api.deepseek.com/chat/completions "HTTP/1.1 200 OK"
2026-09-13 18:43:10,693 - INFO - HTTP Request: POST https://api.deepseek.com/chat/completions "HTTP/1.1 200 OK"
2026-09-13 18:43:38,818 - INFO - HTTP Request: POST https://api.deepseek.com/chat/completions "HTTP/1.1 200 OK"
2026-09-13 18:43:42,853 - INFO - HTTP Request: POST https://api.deepseek.com/chat/completions "HTTP/1.1 200 OK"
2026-09-13 18:43:46,520 - INFO - HTTP Request: POST https://api.deepseek.com/chat/completions "HTTP/1.1 200 OK"
2026-09-13 18:43:51,070 - INFO - HTTP Request: POST https://api.deepseek.com/chat/completions "HTTP/1.1 200 OK"
2026-09-13 18:43:56,642 - INFO - HTTP Request: POST https://api.deepseek.com/chat/completions "HTTP/1.1 200 OK"
2026-09-13 18:44:03,637 - INFO - HTTP Request: POST https://api.deepseek.com/chat/completions "HTTP/1.1 200 OK"
2026-09-13 18:44:07,285 - INFO - HTTP Request: POST https://api.deepseek.com/chat/completions "HTTP/1.1 200 OK"
2026-09-13 18:44:13,093 - INFO - HTTP Request: POST https://api.deepseek.com/chat/completions "HTTP/1.1 200 OK"
2026-09-13 18:44:18,775 - INFO - HTTP Request: POST https://api.deepseek.com/chat/completions "HTTP/1.1 200 OK"
2026-09-13 18:44:22,173 - INFO - HTTP Request: POST https://api.deepseek.com/chat/completions "HTTP/1.1 200 OK"
2026-09-13 18:44:25,318 - INFO - HTTP Request: POST https://api.deepseek.com/chat/completions "HTTP/1.1 200 OK"
2026-09-13 18:44:28,791 - INFO - HTTP Request: POST https://api.deepseek.com/chat/completions "HTTP/1.1 200 OK"
2026-09-13 18:44:46,209 - INFO - HTTP Request: POST https://api.deepseek.com/chat/completions "HTTP/1.1 200 OK"
2026-09-13 18:44:49,377 - INFO - HTTP Request: POST https://api.deepseek.com/chat/completions "HTTP/1.1 200 OK"
2026-09-13 18:45:10,181 - INFO - HTTP Request: POST https://api.deepseek.com/chat/completions "HTTP/1.1 200 OK"
2026-09-13 18:45:18,981 - INFO - HTTP Request: POST https://api.deepseek.com/chat/completions "HTTP/1.1 200 OK"
2026-09-13 18:45:51,509 - INFO - HTTP Request: POST https://api.deepseek.com/chat/completions "HTTP/1.1 200 OK"
2026-09-13 18:46:09,379 - INFO - HTTP Request: POST https://api.deepseek.com/chat/completions "HTTP/1.1 200 OK"
2026-09-13 18:46:12,525 - INFO - HTTP Request: POST https://api.deepseek.com/chat/completions "HTTP/1.1 200 OK"
2026-09-13 18:46:15,674 - INFO - HTTP Request: POST https://api.deepseek.com/chat/completions "HTTP/1.1 200 OK"
2026-09-13 18:46:19,212 - INFO - HTTP Request: POST https://api.deepseek.com/chat/completions "HTTP/1.1 200 OK"
2026-09-13 18:46:22,796 - INFO - HTTP Request: POST https://api.deepseek.com/chat/completions "HTTP/1.1 200 OK"
2026-09-13 18:46:26,614 - INFO - HTTP Request: POST https://api.deepseek.com/chat/completions "HTTP/1.1 200 OK"
2026-09-13 18:46:30,227 - INFO - HTTP Request: POST https://api.deepseek.com/chat/completions "HTTP/1.1 200 OK"
2026-09-13 18:46:33,734 - INFO - HTTP Request: POST https://api.deepseek.com/chat/completions "HTTP/1.1 200 OK"
2026-09-13 18:46:36,904 - INFO - HTTP Request: POST https://api.deepseek.com/chat/completions "HTTP/1.1 200 OK"
2026-09-13 18:46:56,687 - INFO - HTTP Request: POST https://api.deepseek.com/chat/completions "HTTP/1.1 200 OK"
2026-09-13 18:47:02,550 - INFO - HTTP Request: POST https://api.deepseek.com/chat/completions "HTTP/1.1 200 OK"
2026-09-13 18:47:06,368 - INFO - HTTP Request: POST https://api.deepseek.com/chat/completions "HTTP/1.1 200 OK"
2026-09-13 18:47:09,361 - INFO - HTTP Request: POST https://api.deepseek.com/chat/completions "HTTP/1.1 200 OK"
2026-09-13 18:47:12,133 - INFO - HTTP Request: POST https://api.deepseek.com/chat/completions "HTTP/1.1 200 OK"
2026-09-13 18:47:35,067 - INFO - HTTP Request: POST https://api.deepseek.com/chat/completions "HTTP/1.1 200 OK"
2026-09-13 18:47:38,358 - INFO - HTTP Request: POST https://api.deepseek.com/chat/completions "HTTP/1.1 200 OK"
2026-09-13 18:47:47,318 - INFO - HTTP Request: POST https://api.deepseek.com/chat/completions "HTTP/1.1 200 OK"
2026-09-13 18:47:50,256 - INFO - HTTP Request: POST https://api.deepseek.com/chat/completions "HTTP/1.1 200 OK"
2026-09-13 18:47:55,183 - INFO - HTTP Request: POST https://api.deepseek.com/chat/completions "HTTP/1.1 200 OK"
2026-09-13 18:47:57,798 - INFO - HTTP Request: POST https://api.deepseek.com/chat/completions "HTTP/1.1 200 OK"
2026-09-13 18:48:00,747 - INFO - HTTP Request: POST https://api.deepseek.com/chat/completions "HTTP/1.1 200 OK"
2026-09-13 18:48:04,549 - INFO - HTTP Request: POST https://api.deepseek.com/chat/completions "HTTP/1.1 200 OK"
2026-09-13 18:48:07,301 - INFO - HTTP Request: POST https://api.deepseek.com/chat/completions "HTTP/1.1 200 OK"
2026-09-13 18:48:09,939 - INFO - HTTP Request: POST https://api.deepseek.com/chat/completions "HTTP/1.1 200 OK"
2026-09-13 18:48:12,924 - INFO - HTTP Request: POST https://api.deepseek.com/chat/completions "HTTP/1.1 200 OK"
2026-09-13 18:48:16,064 - INFO - HTTP Request: POST https://api.deepseek.com/chat/completions "HTTP/1.1 200 OK"
2026-09-13 18:48:19,411 - INFO - HTTP Request: POST https://api.deepseek.com/chat/completions "HTTP/1.1 200 OK"
2026-09-13 18:48:22,765 - INFO - HTTP Request: POST https://api.deepseek.com/chat/completions "HTTP/1.1 200 OK"
2026-09-13 18:48:25,822 - INFO - HTTP Request: POST https://api.deepseek.com/chat/completions "HTTP/1.1 200 OK"
2026-09-13 18:48:29,051 - INFO - HTTP Request: POST https://api.deepseek.com/chat/completions "HTTP/1.1 200 OK"
2026-09-13 18:48:35,260 - INFO - HTTP Request: POST https://api.deepseek.com/chat/completions "HTTP/1.1 200 OK"
2026-09-13 18:48:37,972 - INFO - HTTP Request: POST https://api.deepseek.com/chat/completions "HTTP/1.1 200 OK"
2026-09-13 18:48:50,886 - INFO - HTTP Request: POST https://api.deepseek.com/chat/completions "HTTP/1.1 200 OK"
2026-09-13 18:48:54,131 - INFO - HTTP Request: POST https://api.deepseek.com/chat/completions "HTTP/1.1 200 OK"
2026-09-13 18:48:59,733 - INFO - HTTP Request: POST https://api.deepseek.com/chat/completions "HTTP/1.1 200 OK"
2026-09-13 18:49:07,102 - INFO - HTTP Request: POST https://api.deepseek.com/chat/completions "HTTP/1.1 200 OK"
2026-09-13 18:49:10,084 - INFO - HTTP Request: POST https://api.deepseek.com/chat/completions "HTTP/1.1 200 OK"
2026-09-13 18:49:14,497 - INFO - HTTP Request: POST https://api.deepseek.com/chat/completions "HTTP/1.1 200 OK"
2026-09-13 18:49:17,962 - INFO - HTTP Request: POST https://api.deepseek.com/chat/completions "HTTP/1.1 200 OK"
2026-09-13 18:49:21,093 - INFO - HTTP Request: POST https://api.deepseek.com/chat/completions "HTTP/1.1 200 OK"
2026-09-13 18:49:24,756 - INFO - HTTP Request: POST https://api.deepseek.com/chat/completions "HTTP/1.1 200 OK"
2026-09-13 18:49:33,301 - INFO - HTTP Request: POST https://api.deepseek.com/chat/completions "HTTP/1.1 200 OK"
2026-09-13 18:49:36,589 - INFO - HTTP Request: POST https://api.deepseek.com/chat/completions "HTTP/1.1 200 OK"
2026-09-13 18:49:40,169 - INFO - HTTP Request: POST https://api.deepseek.com/chat/completions "HTTP/1.1 200 OK"
2026-09-13 18:49:43,537 - INFO - HTTP Request: POST https://api.deepseek.com/chat/completions "HTTP/1.1 200 OK"
2026-09-13 18:49:46,508 - INFO - HTTP Request: POST https://api.deepseek.com/chat/completions "HTTP/1.1 200 OK"
2026-09-13 18:49:51,662 - INFO - HTTP Request: POST https://api.deepseek.com/chat/completions "HTTP/1.1 200 OK"
2026-09-13 18:49:56,449 - INFO - HTTP Request: POST https://api.deepseek.com/chat/completions "HTTP/1.1 200 OK"
2026-09-13 18:50:01,423 - INFO - Precision: 0.6812
2026-09-13 18:50:01,423 - INFO - Recall: 0.5253
2026-09-13 18:50:01,423 - INFO - F1: 0.5932
2026-10-02 10:15:34,641 - INFO - Config file: /Users/tuenglee/Desktop/bioAgent/MyBioAgent/config/baseline/bc2gm/bc2gm_deepseek.json
2026-10-02 10:15:34,641 - INFO - Output jsonl: /Users/tuenglee/Desktop/bioAgent/MyBioAgent/result/baseline/bc2gm/deepseek-v4-flash/bc2gm_deepseek_predictions.jsonl
2026-10-02 10:15:34,641 - INFO - Backed up previous output to: /Users/tuenglee/Desktop/bioAgent/MyBioAgent/result/baseline/bc2gm/deepseek-v4-flash/bc2gm_deepseek_predictions.jsonl.bak.20261002_101534
2026-10-02 10:15:34,641 - INFO - Experiment: bc2gm_deepseek
2026-10-02 10:15:34,641 - INFO - Model: deepseek-v4.1-flash
2026-10-02 10:15:37,565 - INFO - HTTP Request: POST https://zyapi.tuluo.top:8888/v1/chat/completions "HTTP/1.1 200 OK"
2026-10-02 10:15:50,769 - INFO - HTTP Request: POST https://zyapi.tuluo.top:8888/v1/chat/completions "HTTP/1.1 503 Service Unavailable"
2026-10-02 10:15:50,770 - WARNING - Request failed, attempt=1: InternalServerError
2026-10-02 10:16:07,290 - INFO - HTTP Request: POST https://zyapi.tuluo.top:8888/v1/chat/completions "HTTP/1.1 503 Service Unavailable"
2026-10-02 10:16:07,292 - WARNING - Request failed, attempt=2: InternalServerError
2026-10-02 10:16:22,112 - INFO - HTTP Request: POST https://zyapi.tuluo.top:8888/v1/chat/completions "HTTP/1.1 503 Service Unavailable"
2026-10-02 10:16:22,113 - WARNING - Request failed, attempt=3: InternalServerError
2026-10-02 10:16:30,300 - INFO - HTTP Request: POST https://zyapi.tuluo.top:8888/v1/chat/completions "HTTP/1.1 429 Too Many Requests"
2026-10-02 10:16:30,301 - WARNING - Request failed, attempt=4: RateLimitError
2026-10-02 10:27:39,385 - INFO - Config file: /Users/tuenglee/Desktop/bioAgent/MyBioAgent/config/baseline/bc2gm/bc2gm_deepseek.json
2026-10-02 10:27:39,385 - INFO - Output jsonl: /Users/tuenglee/Desktop/bioAgent/MyBioAgent/result/baseline/bc2gm/deepseek-v4-flash/bc2gm_deepseek_predictions.jsonl
2026-10-02 10:27:39,385 - INFO - Backed up previous output to: /Users/tuenglee/Desktop/bioAgent/MyBioAgent/result/baseline/bc2gm/deepseek-v4-flash/bc2gm_deepseek_predictions.jsonl.bak.20261002_102739
2026-10-02 10:27:39,385 - INFO - Experiment: bc2gm_deepseek
2026-10-02 10:27:39,385 - INFO - Model: deepseek-v4.1-flash
2026-10-02 10:27:42,288 - INFO - HTTP Request: POST https://zyapi.tuluo.top:8888/v1/chat/completions "HTTP/1.1 200 OK"
2026-10-02 10:27:53,424 - INFO - HTTP Request: POST https://zyapi.tuluo.top:8888/v1/chat/completions "HTTP/1.1 200 OK"
2026-10-02 10:28:00,277 - INFO - HTTP Request: POST https://zyapi.tuluo.top:8888/v1/chat/completions "HTTP/1.1 200 OK"
2026-10-02 10:28:05,467 - INFO - HTTP Request: POST https://zyapi.tuluo.top:8888/v1/chat/completions "HTTP/1.1 200 OK"
2026-10-02 10:28:12,375 - INFO - HTTP Request: POST https://zyapi.tuluo.top:8888/v1/chat/completions "HTTP/1.1 200 OK"
2026-10-02 10:28:33,705 - INFO - HTTP Request: POST https://zyapi.tuluo.top:8888/v1/chat/completions "HTTP/1.1 200 OK"
2026-10-02 10:28:39,653 - INFO - HTTP Request: POST https://zyapi.tuluo.top:8888/v1/chat/completions "HTTP/1.1 200 OK"
2026-10-02 10:28:46,363 - INFO - HTTP Request: POST https://zyapi.tuluo.top:8888/v1/chat/completions "HTTP/1.1 200 OK"
2026-10-02 10:28:57,843 - INFO - HTTP Request: POST https://zyapi.tuluo.top:8888/v1/chat/completions "HTTP/1.1 200 OK"
2026-10-02 10:29:03,318 - INFO - HTTP Request: POST https://zyapi.tuluo.top:8888/v1/chat/completions "HTTP/1.1 200 OK"
2026-10-02 10:29:45,657 - INFO - HTTP Request: POST https://zyapi.tuluo.top:8888/v1/chat/completions "HTTP/1.1 200 OK"
2026-10-02 10:29:54,054 - INFO - HTTP Request: POST https://zyapi.tuluo.top:8888/v1/chat/completions "HTTP/1.1 200 OK"
2026-10-02 10:30:00,696 - INFO - HTTP Request: POST https://zyapi.tuluo.top:8888/v1/chat/completions "HTTP/1.1 200 OK"
2026-10-02 10:30:08,899 - INFO - HTTP Request: POST https://zyapi.tuluo.top:8888/v1/chat/completions "HTTP/1.1 200 OK"
2026-10-02 10:30:56,224 - INFO - HTTP Request: POST https://zyapi.tuluo.top:8888/v1/chat/completions "HTTP/1.1 200 OK"
2026-10-02 10:31:03,376 - INFO - HTTP Request: POST https://zyapi.tuluo.top:8888/v1/chat/completions "HTTP/1.1 200 OK"
2026-10-02 10:31:19,352 - INFO - HTTP Request: POST https://zyapi.tuluo.top:8888/v1/chat/completions "HTTP/1.1 200 OK"
2026-10-02 10:31:36,669 - INFO - HTTP Request: POST https://zyapi.tuluo.top:8888/v1/chat/completions "HTTP/1.1 200 OK"
2026-10-02 10:31:52,119 - INFO - HTTP Request: POST https://zyapi.tuluo.top:8888/v1/chat/completions "HTTP/1.1 200 OK"
2026-10-02 10:32:04,511 - INFO - HTTP Request: POST https://zyapi.tuluo.top:8888/v1/chat/completions "HTTP/1.1 200 OK"
2026-10-02 10:32:11,895 - INFO - HTTP Request: POST https://zyapi.tuluo.top:8888/v1/chat/completions "HTTP/1.1 200 OK"
2026-10-02 10:32:20,008 - INFO - HTTP Request: POST https://zyapi.tuluo.top:8888/v1/chat/completions "HTTP/1.1 200 OK"
2026-10-02 10:32:30,389 - INFO - HTTP Request: POST https://zyapi.tuluo.top:8888/v1/chat/completions "HTTP/1.1 200 OK"
2026-10-02 10:32:42,297 - INFO - HTTP Request: POST https://zyapi.tuluo.top:8888/v1/chat/completions "HTTP/1.1 200 OK"
2026-10-02 10:32:53,970 - INFO - HTTP Request: POST https://zyapi.tuluo.top:8888/v1/chat/completions "HTTP/1.1 200 OK"
2026-10-02 10:33:09,535 - INFO - HTTP Request: POST https://zyapi.tuluo.top:8888/v1/chat/completions "HTTP/1.1 200 OK"
2026-10-02 10:33:29,627 - INFO - HTTP Request: POST https://zyapi.tuluo.top:8888/v1/chat/completions "HTTP/1.1 200 OK"
2026-10-02 10:33:43,022 - INFO - HTTP Request: POST https://zyapi.tuluo.top:8888/v1/chat/completions "HTTP/1.1 200 OK"
2026-10-02 10:33:54,025 - INFO - HTTP Request: POST https://zyapi.tuluo.top:8888/v1/chat/completions "HTTP/1.1 200 OK"
2026-10-02 10:34:01,373 - INFO - HTTP Request: POST https://zyapi.tuluo.top:8888/v1/chat/completions "HTTP/1.1 200 OK"
2026-10-02 10:34:11,257 - INFO - HTTP Request: POST https://zyapi.tuluo.top:8888/v1/chat/completions "HTTP/1.1 200 OK"
2026-10-02 10:34:21,630 - INFO - HTTP Request: POST https://zyapi.tuluo.top:8888/v1/chat/completions "HTTP/1.1 200 OK"
2026-10-02 10:34:34,370 - INFO - HTTP Request: POST https://zyapi.tuluo.top:8888/v1/chat/completions "HTTP/1.1 200 OK"
2026-10-02 10:34:51,324 - INFO - HTTP Request: POST https://zyapi.tuluo.top:8888/v1/chat/completions "HTTP/1.1 200 OK"
2026-10-02 10:35:04,737 - INFO - HTTP Request: POST https://zyapi.tuluo.top:8888/v1/chat/completions "HTTP/1.1 200 OK"
2026-10-02 10:35:18,617 - INFO - HTTP Request: POST https://zyapi.tuluo.top:8888/v1/chat/completions "HTTP/1.1 200 OK"
2026-10-02 10:35:39,402 - INFO - HTTP Request: POST https://zyapi.tuluo.top:8888/v1/chat/completions "HTTP/1.1 200 OK"
2026-10-02 10:36:16,040 - INFO - HTTP Request: POST https://zyapi.tuluo.top:8888/v1/chat/completions "HTTP/1.1 200 OK"
2026-10-02 10:36:21,854 - INFO - HTTP Request: POST https://zyapi.tuluo.top:8888/v1/chat/completions "HTTP/1.1 200 OK"
2026-10-02 10:36:21,855 - WARNING - Invalid response, attempt=1: Quote must exist exactly; repeated quotes require valid offsets
2026-10-02 10:36:27,273 - INFO - HTTP Request: POST https://zyapi.tuluo.top:8888/v1/chat/completions "HTTP/1.1 200 OK"
2026-10-02 10:36:27,274 - WARNING - Invalid response, attempt=2: Quote must exist exactly; repeated quotes require valid offsets
2026-10-02 10:36:34,184 - INFO - HTTP Request: POST https://zyapi.tuluo.top:8888/v1/chat/completions "HTTP/1.1 200 OK"
2026-10-02 10:36:34,186 - WARNING - Invalid response, attempt=3: Quote must exist exactly; repeated quotes require valid offsets
2026-10-02 10:36:45,194 - INFO - HTTP Request: POST https://zyapi.tuluo.top:8888/v1/chat/completions "HTTP/1.1 200 OK"
2026-10-02 10:36:45,195 - WARNING - Invalid response, attempt=4: Quote must exist exactly; repeated quotes require valid offsets
2026-10-02 10:37:03,810 - INFO - HTTP Request: POST https://zyapi.tuluo.top:8888/v1/chat/completions "HTTP/1.1 200 OK"
2026-10-02 10:37:03,811 - WARNING - Invalid response, attempt=5: Quote must exist exactly; repeated quotes require valid offsets
2026-10-02 10:37:36,905 - INFO - HTTP Request: POST https://zyapi.tuluo.top:8888/v1/chat/completions "HTTP/1.1 200 OK"
2026-10-02 10:37:36,907 - WARNING - Invalid response, attempt=6: Quote must exist exactly; repeated quotes require valid offsets
2026-10-02 10:38:10,391 - INFO - HTTP Request: POST https://zyapi.tuluo.top:8888/v1/chat/completions "HTTP/1.1 200 OK"
2026-10-02 10:38:10,393 - WARNING - Invalid response, attempt=7: Quote must exist exactly; repeated quotes require valid offsets
2026-10-02 10:38:44,004 - INFO - HTTP Request: POST https://zyapi.tuluo.top:8888/v1/chat/completions "HTTP/1.1 200 OK"
2026-10-02 10:38:44,008 - WARNING - Invalid response, attempt=8: Quote must exist exactly; repeated quotes require valid offsets
2026-10-02 10:39:16,645 - INFO - HTTP Request: POST https://zyapi.tuluo.top:8888/v1/chat/completions "HTTP/1.1 200 OK"
2026-10-02 10:39:16,647 - WARNING - Invalid response, attempt=9: Quote must exist exactly; repeated quotes require valid offsets
2026-10-02 10:39:49,946 - INFO - HTTP Request: POST https://zyapi.tuluo.top:8888/v1/chat/completions "HTTP/1.1 200 OK"
2026-10-02 10:39:49,948 - WARNING - Invalid response, attempt=10: Quote must exist exactly; repeated quotes require valid offsets
2026-10-02 10:40:23,120 - INFO - HTTP Request: POST https://zyapi.tuluo.top:8888/v1/chat/completions "HTTP/1.1 200 OK"
2026-10-02 10:40:23,122 - WARNING - Invalid response, attempt=11: Quote must exist exactly; repeated quotes require valid offsets
2026-10-02 10:40:57,576 - INFO - HTTP Request: POST https://zyapi.tuluo.top:8888/v1/chat/completions "HTTP/1.1 200 OK"
2026-10-02 10:40:57,581 - WARNING - Invalid response, attempt=12: Quote must exist exactly; repeated quotes require valid offsets
2026-10-02 10:41:31,016 - INFO - HTTP Request: POST https://zyapi.tuluo.top:8888/v1/chat/completions "HTTP/1.1 200 OK"
2026-10-02 10:41:31,020 - WARNING - Invalid response, attempt=13: Quote must exist exactly; repeated quotes require valid offsets
2026-10-02 10:42:05,403 - INFO - HTTP Request: POST https://zyapi.tuluo.top:8888/v1/chat/completions "HTTP/1.1 200 OK"
2026-10-02 10:42:05,404 - WARNING - Invalid response, attempt=14: Quote must exist exactly; repeated quotes require valid offsets
2026-10-02 10:42:38,944 - INFO - HTTP Request: POST https://zyapi.tuluo.top:8888/v1/chat/completions "HTTP/1.1 200 OK"
2026-10-02 10:42:38,948 - WARNING - Invalid response, attempt=15: Quote must exist exactly; repeated quotes require valid offsets
2026-10-02 10:43:17,417 - INFO - HTTP Request: POST https://zyapi.tuluo.top:8888/v1/chat/completions "HTTP/1.1 200 OK"
2026-10-02 10:43:17,419 - WARNING - Invalid response, attempt=16: Expecting value: line 1 column 1 (char 0)
2026-10-02 10:43:50,468 - INFO - HTTP Request: POST https://zyapi.tuluo.top:8888/v1/chat/completions "HTTP/1.1 200 OK"
2026-10-02 10:43:50,469 - WARNING - Invalid response, attempt=17: Quote must exist exactly; repeated quotes require valid offsets
2026-10-02 10:44:23,176 - INFO - HTTP Request: POST https://zyapi.tuluo.top:8888/v1/chat/completions "HTTP/1.1 200 OK"
2026-10-02 10:44:23,177 - WARNING - Invalid response, attempt=18: Quote must exist exactly; repeated quotes require valid offsets
2026-10-02 10:44:56,825 - INFO - HTTP Request: POST https://zyapi.tuluo.top:8888/v1/chat/completions "HTTP/1.1 200 OK"
2026-10-02 10:44:56,826 - WARNING - Invalid response, attempt=19: Quote must exist exactly; repeated quotes require valid offsets
2026-10-02 10:45:29,463 - INFO - HTTP Request: POST https://zyapi.tuluo.top:8888/v1/chat/completions "HTTP/1.1 200 OK"
2026-10-02 10:45:29,464 - WARNING - Invalid response, attempt=20: Quote must exist exactly; repeated quotes require valid offsets
2026-10-02 10:46:02,251 - INFO - HTTP Request: POST https://zyapi.tuluo.top:8888/v1/chat/completions "HTTP/1.1 200 OK"
2026-10-02 10:46:02,253 - WARNING - Invalid response, attempt=21: Quote must exist exactly; repeated quotes require valid offsets
2026-10-02 10:46:35,537 - INFO - HTTP Request: POST https://zyapi.tuluo.top:8888/v1/chat/completions "HTTP/1.1 200 OK"
2026-10-02 10:46:35,541 - WARNING - Invalid response, attempt=22: Quote must exist exactly; repeated quotes require valid offsets
2026-10-02 10:47:08,823 - INFO - HTTP Request: POST https://zyapi.tuluo.top:8888/v1/chat/completions "HTTP/1.1 200 OK"
2026-10-02 10:47:08,824 - WARNING - Invalid response, attempt=23: Quote must exist exactly; repeated quotes require valid offsets
2026-10-02 10:47:42,417 - INFO - HTTP Request: POST https://zyapi.tuluo.top:8888/v1/chat/completions "HTTP/1.1 200 OK"
2026-10-02 10:47:42,419 - WARNING - Invalid response, attempt=24: Quote must exist exactly; repeated quotes require valid offsets
2026-10-02 10:48:15,481 - INFO - HTTP Request: POST https://zyapi.tuluo.top:8888/v1/chat/completions "HTTP/1.1 200 OK"
2026-10-02 10:48:15,486 - WARNING - Invalid response, attempt=25: Quote must exist exactly; repeated quotes require valid offsets
2026-10-02 10:48:49,581 - INFO - HTTP Request: POST https://zyapi.tuluo.top:8888/v1/chat/completions "HTTP/1.1 200 OK"
2026-10-02 10:48:49,583 - WARNING - Invalid response, attempt=26: Quote must exist exactly; repeated quotes require valid offsets
2026-10-02 10:49:22,488 - INFO - HTTP Request: POST https://zyapi.tuluo.top:8888/v1/chat/completions "HTTP/1.1 200 OK"
2026-10-02 10:49:22,489 - WARNING - Invalid response, attempt=27: Quote must exist exactly; repeated quotes require valid offsets
2026-10-02 10:49:55,493 - INFO - HTTP Request: POST https://zyapi.tuluo.top:8888/v1/chat/completions "HTTP/1.1 200 OK"
2026-10-02 10:49:55,494 - WARNING - Invalid response, attempt=28: Quote must exist exactly; repeated quotes require valid offsets
2026-10-02 10:50:28,528 - INFO - HTTP Request: POST https://zyapi.tuluo.top:8888/v1/chat/completions "HTTP/1.1 200 OK"
2026-10-02 10:50:28,529 - WARNING - Invalid response, attempt=29: Quote must exist exactly; repeated quotes require valid offsets
2026-10-02 10:51:03,522 - INFO - HTTP Request: POST https://zyapi.tuluo.top:8888/v1/chat/completions "HTTP/1.1 200 OK"
2026-10-02 10:51:03,523 - WARNING - Invalid response, attempt=30: Quote must exist exactly; repeated quotes require valid offsets
2026-10-02 10:51:37,110 - INFO - HTTP Request: POST https://zyapi.tuluo.top:8888/v1/chat/completions "HTTP/1.1 200 OK"
2026-10-02 10:51:37,111 - WARNING - Invalid response, attempt=31: Quote must exist exactly; repeated quotes require valid offsets
2026-10-02 10:52:10,391 - INFO - HTTP Request: POST https://zyapi.tuluo.top:8888/v1/chat/completions "HTTP/1.1 200 OK"
2026-10-02 10:52:10,393 - WARNING - Invalid response, attempt=32: Quote must exist exactly; repeated quotes require valid offsets
2026-10-02 10:52:43,287 - INFO - HTTP Request: POST https://zyapi.tuluo.top:8888/v1/chat/completions "HTTP/1.1 200 OK"
2026-10-02 10:52:43,289 - WARNING - Invalid response, attempt=33: Quote must exist exactly; repeated quotes require valid offsets
2026-10-02 10:53:16,149 - INFO - HTTP Request: POST https://zyapi.tuluo.top:8888/v1/chat/completions "HTTP/1.1 200 OK"
2026-10-02 10:53:16,153 - WARNING - Invalid response, attempt=34: Quote must exist exactly; repeated quotes require valid offsets
2026-10-02 10:53:49,684 - INFO - HTTP Request: POST https://zyapi.tuluo.top:8888/v1/chat/completions "HTTP/1.1 200 OK"
2026-10-02 10:53:49,688 - WARNING - Invalid response, attempt=35: Quote must exist exactly; repeated quotes require valid offsets
2026-10-02 10:54:22,884 - INFO - HTTP Request: POST https://zyapi.tuluo.top:8888/v1/chat/completions "HTTP/1.1 200 OK"
2026-10-02 10:54:22,888 - WARNING - Invalid response, attempt=36: Quote must exist exactly; repeated quotes require valid offsets
2026-10-02 10:54:55,996 - INFO - HTTP Request: POST https://zyapi.tuluo.top:8888/v1/chat/completions "HTTP/1.1 200 OK"
2026-10-02 10:54:56,000 - WARNING - Invalid response, attempt=37: Quote must exist exactly; repeated quotes require valid offsets
2026-10-02 10:55:28,877 - INFO - HTTP Request: POST https://zyapi.tuluo.top:8888/v1/chat/completions "HTTP/1.1 200 OK"
2026-10-02 10:55:28,878 - WARNING - Invalid response, attempt=38: Quote must exist exactly; repeated quotes require valid offsets
2026-10-02 10:56:01,900 - INFO - HTTP Request: POST https://zyapi.tuluo.top:8888/v1/chat/completions "HTTP/1.1 200 OK"
2026-10-02 10:56:01,902 - WARNING - Invalid response, attempt=39: Quote must exist exactly; repeated quotes require valid offsets
2026-10-02 10:56:34,605 - INFO - HTTP Request: POST https://zyapi.tuluo.top:8888/v1/chat/completions "HTTP/1.1 200 OK"
2026-10-02 10:56:34,607 - WARNING - Invalid response, attempt=40: Quote must exist exactly; repeated quotes require valid offsets
2026-10-02 10:57:07,558 - INFO - HTTP Request: POST https://zyapi.tuluo.top:8888/v1/chat/completions "HTTP/1.1 200 OK"
2026-10-02 10:57:07,562 - WARNING - Invalid response, attempt=41: Quote must exist exactly; repeated quotes require valid offsets
2026-10-02 10:57:40,985 - INFO - HTTP Request: POST https://zyapi.tuluo.top:8888/v1/chat/completions "HTTP/1.1 200 OK"
2026-10-02 10:57:40,987 - WARNING - Invalid response, attempt=42: Quote must exist exactly; repeated quotes require valid offsets
2026-10-02 10:58:14,164 - INFO - HTTP Request: POST https://zyapi.tuluo.top:8888/v1/chat/completions "HTTP/1.1 200 OK"
2026-10-02 10:58:14,166 - WARNING - Invalid response, attempt=43: Quote must exist exactly; repeated quotes require valid offsets
2026-10-02 10:58:47,173 - INFO - HTTP Request: POST https://zyapi.tuluo.top:8888/v1/chat/completions "HTTP/1.1 200 OK"
2026-10-02 10:58:47,175 - WARNING - Invalid response, attempt=44: Quote must exist exactly; repeated quotes require valid offsets
2026-10-02 10:59:19,916 - INFO - HTTP Request: POST https://zyapi.tuluo.top:8888/v1/chat/completions "HTTP/1.1 200 OK"
2026-10-02 10:59:19,917 - WARNING - Invalid response, attempt=45: Quote must exist exactly; repeated quotes require valid offsets
2026-10-02 10:59:53,891 - INFO - HTTP Request: POST https://zyapi.tuluo.top:8888/v1/chat/completions "HTTP/1.1 200 OK"
2026-10-02 10:59:53,893 - WARNING - Invalid response, attempt=46: Quote must exist exactly; repeated quotes require valid offsets
2026-10-02 11:00:27,571 - INFO - HTTP Request: POST https://zyapi.tuluo.top:8888/v1/chat/completions "HTTP/1.1 200 OK"
2026-10-02 11:00:27,572 - WARNING - Invalid response, attempt=47: Quote must exist exactly; repeated quotes require valid offsets
2026-10-02 11:01:00,601 - INFO - HTTP Request: POST https://zyapi.tuluo.top:8888/v1/chat/completions "HTTP/1.1 200 OK"
2026-10-02 11:01:00,602 - WARNING - Invalid response, attempt=48: Quote must exist exactly; repeated quotes require valid offsets
2026-10-02 11:01:33,745 - INFO - HTTP Request: POST https://zyapi.tuluo.top:8888/v1/chat/completions "HTTP/1.1 200 OK"
2026-10-02 11:01:33,747 - WARNING - Invalid response, attempt=49: Quote must exist exactly; repeated quotes require valid offsets
2026-10-02 11:02:06,821 - INFO - HTTP Request: POST https://zyapi.tuluo.top:8888/v1/chat/completions "HTTP/1.1 200 OK"
2026-10-02 11:02:06,823 - WARNING - Invalid response, attempt=50: Quote must exist exactly; repeated quotes require valid offsets
2026-10-02 11:02:40,126 - INFO - HTTP Request: POST https://zyapi.tuluo.top:8888/v1/chat/completions "HTTP/1.1 200 OK"
2026-10-02 11:02:40,128 - WARNING - Invalid response, attempt=51: Quote must exist exactly; repeated quotes require valid offsets
2026-10-02 11:03:13,523 - INFO - HTTP Request: POST https://zyapi.tuluo.top:8888/v1/chat/completions "HTTP/1.1 200 OK"
2026-10-02 11:03:13,525 - WARNING - Invalid response, attempt=52: Quote must exist exactly; repeated quotes require valid offsets
2026-10-02 11:03:46,886 - INFO - HTTP Request: POST https://zyapi.tuluo.top:8888/v1/chat/completions "HTTP/1.1 200 OK"
2026-10-02 11:03:46,888 - WARNING - Invalid response, attempt=53: Quote must exist exactly; repeated quotes require valid offsets
2026-10-02 11:04:19,842 - INFO - HTTP Request: POST https://zyapi.tuluo.top:8888/v1/chat/completions "HTTP/1.1 200 OK"
2026-10-02 11:04:19,843 - WARNING - Invalid response, attempt=54: Quote must exist exactly; repeated quotes require valid offsets
2026-10-02 11:04:52,994 - INFO - HTTP Request: POST https://zyapi.tuluo.top:8888/v1/chat/completions "HTTP/1.1 200 OK"
2026-10-02 11:04:52,995 - WARNING - Invalid response, attempt=55: Quote must exist exactly; repeated quotes require valid offsets
2026-10-02 11:05:26,505 - INFO - HTTP Request: POST https://zyapi.tuluo.top:8888/v1/chat/completions "HTTP/1.1 200 OK"
2026-10-02 11:05:26,507 - WARNING - Invalid response, attempt=56: Quote must exist exactly; repeated quotes require valid offsets
2026-10-02 11:05:59,891 - INFO - HTTP Request: POST https://zyapi.tuluo.top:8888/v1/chat/completions "HTTP/1.1 200 OK"
2026-10-02 11:05:59,892 - WARNING - Invalid response, attempt=57: Quote must exist exactly; repeated quotes require valid offsets
2026-10-02 11:06:33,461 - INFO - HTTP Request: POST https://zyapi.tuluo.top:8888/v1/chat/completions "HTTP/1.1 200 OK"
2026-10-02 11:06:33,463 - WARNING - Invalid response, attempt=58: Quote must exist exactly; repeated quotes require valid offsets
2026-10-02 11:07:06,655 - INFO - HTTP Request: POST https://zyapi.tuluo.top:8888/v1/chat/completions "HTTP/1.1 200 OK"
2026-10-02 11:07:06,657 - WARNING - Invalid response, attempt=59: Quote must exist exactly; repeated quotes require valid offsets
2026-10-02 11:07:39,592 - INFO - HTTP Request: POST https://zyapi.tuluo.top:8888/v1/chat/completions "HTTP/1.1 200 OK"
2026-10-02 11:07:39,594 - WARNING - Invalid response, attempt=60: Quote must exist exactly; repeated quotes require valid offsets
2026-10-02 11:08:13,025 - INFO - HTTP Request: POST https://zyapi.tuluo.top:8888/v1/chat/completions "HTTP/1.1 200 OK"
2026-10-02 11:08:13,027 - WARNING - Invalid response, attempt=61: Quote must exist exactly; repeated quotes require valid offsets
2026-10-02 11:08:46,599 - INFO - HTTP Request: POST https://zyapi.tuluo.top:8888/v1/chat/completions "HTTP/1.1 200 OK"
2026-10-02 11:08:46,600 - WARNING - Invalid response, attempt=62: Quote must exist exactly; repeated quotes require valid offsets
2026-10-02 11:09:20,393 - INFO - HTTP Request: POST https://zyapi.tuluo.top:8888/v1/chat/completions "HTTP/1.1 200 OK"
2026-10-02 11:09:20,395 - WARNING - Invalid response, attempt=63: Quote must exist exactly; repeated quotes require valid offsets
2026-10-02 11:09:53,778 - INFO - HTTP Request: POST https://zyapi.tuluo.top:8888/v1/chat/completions "HTTP/1.1 200 OK"
2026-10-02 11:09:53,782 - WARNING - Invalid response, attempt=64: Expecting value: line 1 column 1 (char 0)
2026-10-02 11:10:27,839 - INFO - HTTP Request: POST https://zyapi.tuluo.top:8888/v1/chat/completions "HTTP/1.1 200 OK"
2026-10-02 11:10:27,841 - WARNING - Invalid response, attempt=65: Quote must exist exactly; repeated quotes require valid offsets
2026-10-02 11:11:01,220 - INFO - HTTP Request: POST https://zyapi.tuluo.top:8888/v1/chat/completions "HTTP/1.1 200 OK"
2026-10-02 11:11:01,222 - WARNING - Invalid response, attempt=66: Quote must exist exactly; repeated quotes require valid offsets
2026-10-02 11:11:34,555 - INFO - HTTP Request: POST https://zyapi.tuluo.top:8888/v1/chat/completions "HTTP/1.1 200 OK"
2026-10-02 11:11:34,557 - WARNING - Invalid response, attempt=67: Quote must exist exactly; repeated quotes require valid offsets
2026-10-02 11:12:07,632 - INFO - HTTP Request: POST https://zyapi.tuluo.top:8888/v1/chat/completions "HTTP/1.1 200 OK"
2026-10-02 11:12:07,634 - WARNING - Invalid response, attempt=68: Quote must exist exactly; repeated quotes require valid offsets
2026-10-02 11:12:40,708 - INFO - HTTP Request: POST https://zyapi.tuluo.top:8888/v1/chat/completions "HTTP/1.1 200 OK"
2026-10-02 11:12:40,710 - WARNING - Invalid response, attempt=69: Quote must exist exactly; repeated quotes require valid offsets
2026-10-02 11:13:13,857 - INFO - HTTP Request: POST https://zyapi.tuluo.top:8888/v1/chat/completions "HTTP/1.1 200 OK"
2026-10-02 11:13:13,859 - WARNING - Invalid response, attempt=70: Quote must exist exactly; repeated quotes require valid offsets
2026-10-02 11:13:47,570 - INFO - HTTP Request: POST https://zyapi.tuluo.top:8888/v1/chat/completions "HTTP/1.1 200 OK"
2026-10-02 11:13:47,572 - WARNING - Invalid response, attempt=71: Quote must exist exactly; repeated quotes require valid offsets
2026-10-02 11:14:21,289 - INFO - HTTP Request: POST https://zyapi.tuluo.top:8888/v1/chat/completions "HTTP/1.1 200 OK"
2026-10-02 11:14:21,290 - WARNING - Invalid response, attempt=72: Quote must exist exactly; repeated quotes require valid offsets
2026-10-02 11:14:54,526 - INFO - HTTP Request: POST https://zyapi.tuluo.top:8888/v1/chat/completions "HTTP/1.1 200 OK"
2026-10-02 11:14:54,528 - WARNING - Invalid response, attempt=73: Quote must exist exactly; repeated quotes require valid offsets
2026-10-02 11:15:27,650 - INFO - HTTP Request: POST https://zyapi.tuluo.top:8888/v1/chat/completions "HTTP/1.1 200 OK"
2026-10-02 11:15:27,652 - WARNING - Invalid response, attempt=74: Quote must exist exactly; repeated quotes require valid offsets
2026-10-02 11:16:00,792 - INFO - HTTP Request: POST https://zyapi.tuluo.top:8888/v1/chat/completions "HTTP/1.1 200 OK"
2026-10-02 11:16:00,794 - WARNING - Invalid response, attempt=75: Quote must exist exactly; repeated quotes require valid offsets
2026-10-02 11:16:33,692 - INFO - HTTP Request: POST https://zyapi.tuluo.top:8888/v1/chat/completions "HTTP/1.1 200 OK"
2026-10-02 11:16:33,693 - WARNING - Invalid response, attempt=76: Quote must exist exactly; repeated quotes require valid offsets
2026-10-02 11:17:06,443 - INFO - HTTP Request: POST https://zyapi.tuluo.top:8888/v1/chat/completions "HTTP/1.1 200 OK"
2026-10-02 11:17:06,444 - WARNING - Invalid response, attempt=77: Quote must exist exactly; repeated quotes require valid offsets
2026-10-02 11:17:39,239 - INFO - HTTP Request: POST https://zyapi.tuluo.top:8888/v1/chat/completions "HTTP/1.1 200 OK"
2026-10-02 11:17:39,241 - WARNING - Invalid response, attempt=78: Quote must exist exactly; repeated quotes require valid offsets
2026-10-02 11:18:13,313 - INFO - HTTP Request: POST https://zyapi.tuluo.top:8888/v1/chat/completions "HTTP/1.1 200 OK"
2026-10-02 11:18:13,314 - WARNING - Invalid response, attempt=79: Quote must exist exactly; repeated quotes require valid offsets
2026-10-02 11:18:46,388 - INFO - HTTP Request: POST https://zyapi.tuluo.top:8888/v1/chat/completions "HTTP/1.1 200 OK"
2026-10-02 11:18:46,390 - WARNING - Invalid response, attempt=80: Quote must exist exactly; repeated quotes require valid offsets
2026-10-02 11:19:19,363 - INFO - HTTP Request: POST https://zyapi.tuluo.top:8888/v1/chat/completions "HTTP/1.1 200 OK"
2026-10-02 11:19:19,367 - WARNING - Invalid response, attempt=81: Quote must exist exactly; repeated quotes require valid offsets
2026-10-02 11:19:52,336 - INFO - HTTP Request: POST https://zyapi.tuluo.top:8888/v1/chat/completions "HTTP/1.1 200 OK"
2026-10-02 11:19:52,340 - WARNING - Invalid response, attempt=82: Quote must exist exactly; repeated quotes require valid offsets
2026-10-02 11:20:25,001 - INFO - HTTP Request: POST https://zyapi.tuluo.top:8888/v1/chat/completions "HTTP/1.1 200 OK"
2026-10-02 11:20:25,003 - WARNING - Invalid response, attempt=83: Quote must exist exactly; repeated quotes require valid offsets
2026-10-02 11:20:57,848 - INFO - HTTP Request: POST https://zyapi.tuluo.top:8888/v1/chat/completions "HTTP/1.1 200 OK"
2026-10-02 11:20:57,850 - WARNING - Invalid response, attempt=84: Quote must exist exactly; repeated quotes require valid offsets
2026-10-02 11:21:31,612 - INFO - HTTP Request: POST https://zyapi.tuluo.top:8888/v1/chat/completions "HTTP/1.1 200 OK"
2026-10-02 11:21:31,613 - WARNING - Invalid response, attempt=85: Quote must exist exactly; repeated quotes require valid offsets
2026-10-02 11:22:05,253 - INFO - HTTP Request: POST https://zyapi.tuluo.top:8888/v1/chat/completions "HTTP/1.1 200 OK"
2026-10-02 11:22:05,255 - WARNING - Invalid response, attempt=86: Quote must exist exactly; repeated quotes require valid offsets
2026-10-02 11:22:38,603 - INFO - HTTP Request: POST https://zyapi.tuluo.top:8888/v1/chat/completions "HTTP/1.1 200 OK"
2026-10-02 11:22:38,604 - WARNING - Invalid response, attempt=87: Quote must exist exactly; repeated quotes require valid offsets
2026-10-02 11:23:11,917 - INFO - HTTP Request: POST https://zyapi.tuluo.top:8888/v1/chat/completions "HTTP/1.1 200 OK"
2026-10-02 11:23:11,918 - WARNING - Invalid response, attempt=88: Quote must exist exactly; repeated quotes require valid offsets
2026-10-02 11:23:44,793 - INFO - HTTP Request: POST https://zyapi.tuluo.top:8888/v1/chat/completions "HTTP/1.1 200 OK"
2026-10-02 11:23:44,794 - WARNING - Invalid response, attempt=89: Quote must exist exactly; repeated quotes require valid offsets
2026-10-02 11:24:17,967 - INFO - HTTP Request: POST https://zyapi.tuluo.top:8888/v1/chat/completions "HTTP/1.1 200 OK"
2026-10-02 11:24:17,968 - WARNING - Invalid response, attempt=90: Quote must exist exactly; repeated quotes require valid offsets
2026-10-02 11:24:51,227 - INFO - HTTP Request: POST https://zyapi.tuluo.top:8888/v1/chat/completions "HTTP/1.1 200 OK"
2026-10-02 11:24:51,229 - WARNING - Invalid response, attempt=91: Quote must exist exactly; repeated quotes require valid offsets
2026-10-02 11:25:24,182 - INFO - HTTP Request: POST https://zyapi.tuluo.top:8888/v1/chat/completions "HTTP/1.1 200 OK"
2026-10-02 11:25:24,184 - WARNING - Invalid response, attempt=92: Quote must exist exactly; repeated quotes require valid offsets
2026-10-02 11:25:57,084 - INFO - HTTP Request: POST https://zyapi.tuluo.top:8888/v1/chat/completions "HTTP/1.1 200 OK"
2026-10-02 11:25:57,086 - WARNING - Invalid response, attempt=93: Quote must exist exactly; repeated quotes require valid offsets
2026-10-02 11:26:30,061 - INFO - HTTP Request: POST https://zyapi.tuluo.top:8888/v1/chat/completions "HTTP/1.1 200 OK"
2026-10-02 11:26:30,062 - WARNING - Invalid response, attempt=94: Quote must exist exactly; repeated quotes require valid offsets
2026-10-02 11:27:02,516 - INFO - HTTP Request: POST https://zyapi.tuluo.top:8888/v1/chat/completions "HTTP/1.1 200 OK"
2026-10-02 11:27:02,518 - WARNING - Invalid response, attempt=95: Quote must exist exactly; repeated quotes require valid offsets
2026-10-02 11:27:35,877 - INFO - HTTP Request: POST https://zyapi.tuluo.top:8888/v1/chat/completions "HTTP/1.1 200 OK"
2026-10-02 11:27:35,879 - WARNING - Invalid response, attempt=96: Quote must exist exactly; repeated quotes require valid offsets
2026-10-02 11:28:24,317 - INFO - HTTP Request: POST https://zyapi.tuluo.top:8888/v1/chat/completions "HTTP/1.1 200 OK"
2026-10-02 11:28:30,945 - INFO - HTTP Request: POST https://zyapi.tuluo.top:8888/v1/chat/completions "HTTP/1.1 200 OK"
2026-10-02 11:28:38,858 - INFO - HTTP Request: POST https://zyapi.tuluo.top:8888/v1/chat/completions "HTTP/1.1 200 OK"
2026-10-02 11:28:45,738 - INFO - HTTP Request: POST https://zyapi.tuluo.top:8888/v1/chat/completions "HTTP/1.1 200 OK"
2026-10-02 11:28:53,502 - INFO - HTTP Request: POST https://zyapi.tuluo.top:8888/v1/chat/completions "HTTP/1.1 200 OK"
2026-10-02 11:29:01,518 - INFO - HTTP Request: POST https://zyapi.tuluo.top:8888/v1/chat/completions "HTTP/1.1 200 OK"
2026-10-02 11:29:34,053 - INFO - HTTP Request: POST https://zyapi.tuluo.top:8888/v1/chat/completions "HTTP/1.1 200 OK"
2026-10-02 11:29:40,503 - INFO - HTTP Request: POST https://zyapi.tuluo.top:8888/v1/chat/completions "HTTP/1.1 200 OK"
2026-10-02 11:29:56,790 - INFO - HTTP Request: POST https://zyapi.tuluo.top:8888/v1/chat/completions "HTTP/1.1 200 OK"
2026-10-02 11:30:03,129 - INFO - HTTP Request: POST https://zyapi.tuluo.top:8888/v1/chat/completions "HTTP/1.1 200 OK"
2026-10-02 11:30:09,074 - INFO - HTTP Request: POST https://zyapi.tuluo.top:8888/v1/chat/completions "HTTP/1.1 200 OK"
2026-10-02 11:30:22,136 - INFO - HTTP Request: POST https://zyapi.tuluo.top:8888/v1/chat/completions "HTTP/1.1 200 OK"
2026-10-02 11:30:40,717 - INFO - HTTP Request: POST https://zyapi.tuluo.top:8888/v1/chat/completions "HTTP/1.1 200 OK"
2026-10-02 11:31:00,545 - INFO - HTTP Request: POST https://zyapi.tuluo.top:8888/v1/chat/completions "HTTP/1.1 200 OK"
2026-10-02 11:31:13,212 - INFO - HTTP Request: POST https://zyapi.tuluo.top:8888/v1/chat/completions "HTTP/1.1 200 OK"
2026-10-02 11:31:38,162 - INFO - HTTP Request: POST https://zyapi.tuluo.top:8888/v1/chat/completions "HTTP/1.1 200 OK"
2026-10-02 11:31:52,105 - INFO - HTTP Request: POST https://zyapi.tuluo.top:8888/v1/chat/completions "HTTP/1.1 200 OK"
2026-10-02 11:31:57,423 - INFO - HTTP Request: POST https://zyapi.tuluo.top:8888/v1/chat/completions "HTTP/1.1 200 OK"
2026-10-02 11:32:15,539 - INFO - HTTP Request: POST https://zyapi.tuluo.top:8888/v1/chat/completions "HTTP/1.1 200 OK"
2026-10-02 11:32:40,784 - INFO - HTTP Request: POST https://zyapi.tuluo.top:8888/v1/chat/completions "HTTP/1.1 200 OK"
2026-10-02 11:32:53,793 - INFO - HTTP Request: POST https://zyapi.tuluo.top:8888/v1/chat/completions "HTTP/1.1 200 OK"
2026-10-02 11:32:59,469 - INFO - HTTP Request: POST https://zyapi.tuluo.top:8888/v1/chat/completions "HTTP/1.1 200 OK"
2026-10-02 11:33:22,519 - INFO - HTTP Request: POST https://zyapi.tuluo.top:8888/v1/chat/completions "HTTP/1.1 200 OK"
2026-10-02 11:33:29,968 - INFO - HTTP Request: POST https://zyapi.tuluo.top:8888/v1/chat/completions "HTTP/1.1 200 OK"
2026-10-02 11:33:47,805 - INFO - HTTP Request: POST https://zyapi.tuluo.top:8888/v1/chat/completions "HTTP/1.1 200 OK"
2026-10-02 11:33:59,889 - INFO - HTTP Request: POST https://zyapi.tuluo.top:8888/v1/chat/completions "HTTP/1.1 200 OK"
2026-10-02 11:34:25,739 - INFO - HTTP Request: POST https://zyapi.tuluo.top:8888/v1/chat/completions "HTTP/1.1 200 OK"
2026-10-02 11:34:41,796 - INFO - HTTP Request: POST https://zyapi.tuluo.top:8888/v1/chat/completions "HTTP/1.1 200 OK"
2026-10-02 11:34:49,138 - INFO - HTTP Request: POST https://zyapi.tuluo.top:8888/v1/chat/completions "HTTP/1.1 200 OK"
2026-10-02 11:34:55,652 - INFO - HTTP Request: POST https://zyapi.tuluo.top:8888/v1/chat/completions "HTTP/1.1 200 OK"
2026-10-02 11:35:07,063 - INFO - HTTP Request: POST https://zyapi.tuluo.top:8888/v1/chat/completions "HTTP/1.1 200 OK"
2026-10-02 11:35:12,953 - INFO - HTTP Request: POST https://zyapi.tuluo.top:8888/v1/chat/completions "HTTP/1.1 200 OK"
2026-10-02 11:35:19,116 - INFO - HTTP Request: POST https://zyapi.tuluo.top:8888/v1/chat/completions "HTTP/1.1 200 OK"
2026-10-02 11:35:25,495 - INFO - HTTP Request: POST https://zyapi.tuluo.top:8888/v1/chat/completions "HTTP/1.1 200 OK"
2026-10-02 11:35:31,945 - INFO - HTTP Request: POST https://zyapi.tuluo.top:8888/v1/chat/completions "HTTP/1.1 200 OK"
2026-10-02 11:36:00,866 - INFO - HTTP Request: POST https://zyapi.tuluo.top:8888/v1/chat/completions "HTTP/1.1 200 OK"
2026-10-02 11:36:12,497 - INFO - HTTP Request: POST https://zyapi.tuluo.top:8888/v1/chat/completions "HTTP/1.1 200 OK"
2026-10-02 11:36:19,665 - INFO - HTTP Request: POST https://zyapi.tuluo.top:8888/v1/chat/completions "HTTP/1.1 200 OK"
2026-10-02 11:36:32,253 - INFO - HTTP Request: POST https://zyapi.tuluo.top:8888/v1/chat/completions "HTTP/1.1 200 OK"
2026-10-02 11:36:37,659 - INFO - HTTP Request: POST https://zyapi.tuluo.top:8888/v1/chat/completions "HTTP/1.1 200 OK"
2026-10-02 11:36:43,473 - INFO - HTTP Request: POST https://zyapi.tuluo.top:8888/v1/chat/completions "HTTP/1.1 200 OK"
2026-10-02 11:36:49,501 - INFO - HTTP Request: POST https://zyapi.tuluo.top:8888/v1/chat/completions "HTTP/1.1 200 OK"
2026-10-02 11:37:03,166 - INFO - HTTP Request: POST https://zyapi.tuluo.top:8888/v1/chat/completions "HTTP/1.1 200 OK"
2026-10-02 11:37:22,107 - INFO - HTTP Request: POST https://zyapi.tuluo.top:8888/v1/chat/completions "HTTP/1.1 200 OK"
2026-10-02 11:37:32,717 - INFO - HTTP Request: POST https://zyapi.tuluo.top:8888/v1/chat/completions "HTTP/1.1 200 OK"
2026-10-02 11:37:50,598 - INFO - HTTP Request: POST https://zyapi.tuluo.top:8888/v1/chat/completions "HTTP/1.1 200 OK"
2026-10-02 11:37:56,492 - INFO - HTTP Request: POST https://zyapi.tuluo.top:8888/v1/chat/completions "HTTP/1.1 200 OK"
2026-10-02 11:38:13,081 - INFO - HTTP Request: POST https://zyapi.tuluo.top:8888/v1/chat/completions "HTTP/1.1 200 OK"
2026-10-02 11:38:19,521 - INFO - HTTP Request: POST https://zyapi.tuluo.top:8888/v1/chat/completions "HTTP/1.1 200 OK"
2026-10-02 11:38:28,290 - INFO - HTTP Request: POST https://zyapi.tuluo.top:8888/v1/chat/completions "HTTP/1.1 200 OK"
2026-10-02 11:38:35,175 - INFO - HTTP Request: POST https://zyapi.tuluo.top:8888/v1/chat/completions "HTTP/1.1 200 OK"
2026-10-02 11:38:49,867 - INFO - HTTP Request: POST https://zyapi.tuluo.top:8888/v1/chat/completions "HTTP/1.1 200 OK"
2026-10-02 11:38:55,420 - INFO - HTTP Request: POST https://zyapi.tuluo.top:8888/v1/chat/completions "HTTP/1.1 200 OK"
2026-10-02 11:39:07,395 - INFO - HTTP Request: POST https://zyapi.tuluo.top:8888/v1/chat/completions "HTTP/1.1 200 OK"
2026-10-02 11:39:14,466 - INFO - HTTP Request: POST https://zyapi.tuluo.top:8888/v1/chat/completions "HTTP/1.1 200 OK"
2026-10-02 11:39:31,260 - INFO - HTTP Request: POST https://zyapi.tuluo.top:8888/v1/chat/completions "HTTP/1.1 200 OK"
2026-10-02 11:39:36,473 - INFO - HTTP Request: POST https://zyapi.tuluo.top:8888/v1/chat/completions "HTTP/1.1 200 OK"
2026-10-02 11:39:42,242 - INFO - HTTP Request: POST https://zyapi.tuluo.top:8888/v1/chat/completions "HTTP/1.1 200 OK"
2026-10-02 11:39:58,745 - INFO - HTTP Request: POST https://zyapi.tuluo.top:8888/v1/chat/completions "HTTP/1.1 200 OK"
2026-10-02 11:40:10,027 - INFO - HTTP Request: POST https://zyapi.tuluo.top:8888/v1/chat/completions "HTTP/1.1 200 OK"
2026-10-02 11:40:15,445 - INFO - HTTP Request: POST https://zyapi.tuluo.top:8888/v1/chat/completions "HTTP/1.1 200 OK"
2026-10-02 11:40:33,590 - INFO - HTTP Request: POST https://zyapi.tuluo.top:8888/v1/chat/completions "HTTP/1.1 200 OK"
2026-10-02 11:40:51,283 - INFO - HTTP Request: POST https://zyapi.tuluo.top:8888/v1/chat/completions "HTTP/1.1 200 OK"
2026-10-02 11:41:07,210 - INFO - HTTP Request: POST https://zyapi.tuluo.top:8888/v1/chat/completions "HTTP/1.1 200 OK"
2026-10-02 11:41:21,035 - INFO - HTTP Request: POST https://zyapi.tuluo.top:8888/v1/chat/completions "HTTP/1.1 200 OK"
2026-10-02 11:41:29,165 - INFO - HTTP Request: POST https://zyapi.tuluo.top:8888/v1/chat/completions "HTTP/1.1 200 OK"
2026-10-02 11:41:36,744 - INFO - HTTP Request: POST https://zyapi.tuluo.top:8888/v1/chat/completions "HTTP/1.1 200 OK"
2026-10-02 11:41:49,293 - INFO - HTTP Request: POST https://zyapi.tuluo.top:8888/v1/chat/completions "HTTP/1.1 200 OK"
2026-10-02 11:42:02,106 - INFO - HTTP Request: POST https://zyapi.tuluo.top:8888/v1/chat/completions "HTTP/1.1 200 OK"
2026-10-02 11:42:08,674 - INFO - HTTP Request: POST https://zyapi.tuluo.top:8888/v1/chat/completions "HTTP/1.1 200 OK"
2026-10-02 11:42:16,560 - INFO - HTTP Request: POST https://zyapi.tuluo.top:8888/v1/chat/completions "HTTP/1.1 200 OK"
2026-10-02 11:42:23,705 - INFO - HTTP Request: POST https://zyapi.tuluo.top:8888/v1/chat/completions "HTTP/1.1 200 OK"
2026-10-02 11:43:12,859 - INFO - HTTP Request: POST https://zyapi.tuluo.top:8888/v1/chat/completions "HTTP/1.1 200 OK"
2026-10-02 11:43:41,837 - INFO - HTTP Request: POST https://zyapi.tuluo.top:8888/v1/chat/completions "HTTP/1.1 200 OK"
2026-10-02 11:43:56,036 - INFO - HTTP Request: POST https://zyapi.tuluo.top:8888/v1/chat/completions "HTTP/1.1 200 OK"
2026-10-02 11:44:10,653 - INFO - HTTP Request: POST https://zyapi.tuluo.top:8888/v1/chat/completions "HTTP/1.1 200 OK"
2026-10-02 11:44:29,556 - INFO - HTTP Request: POST https://zyapi.tuluo.top:8888/v1/chat/completions "HTTP/1.1 200 OK"
2026-10-02 11:44:36,417 - INFO - HTTP Request: POST https://zyapi.tuluo.top:8888/v1/chat/completions "HTTP/1.1 200 OK"
2026-10-02 11:44:58,917 - INFO - HTTP Request: POST https://zyapi.tuluo.top:8888/v1/chat/completions "HTTP/1.1 200 OK"
2026-10-02 11:45:21,167 - INFO - HTTP Request: POST https://zyapi.tuluo.top:8888/v1/chat/completions "HTTP/1.1 200 OK"
2026-10-02 11:45:27,222 - INFO - HTTP Request: POST https://zyapi.tuluo.top:8888/v1/chat/completions "HTTP/1.1 200 OK"
2026-10-02 11:45:35,581 - INFO - HTTP Request: POST https://zyapi.tuluo.top:8888/v1/chat/completions "HTTP/1.1 200 OK"
2026-10-02 11:45:41,604 - INFO - HTTP Request: POST https://zyapi.tuluo.top:8888/v1/chat/completions "HTTP/1.1 200 OK"
2026-10-02 11:46:03,684 - INFO - HTTP Request: POST https://zyapi.tuluo.top:8888/v1/chat/completions "HTTP/1.1 200 OK"
2026-10-02 11:46:09,286 - INFO - HTTP Request: POST https://zyapi.tuluo.top:8888/v1/chat/completions "HTTP/1.1 200 OK"
2026-10-02 11:46:15,850 - INFO - HTTP Request: POST https://zyapi.tuluo.top:8888/v1/chat/completions "HTTP/1.1 200 OK"
2026-10-02 11:46:27,011 - INFO - HTTP Request: POST https://zyapi.tuluo.top:8888/v1/chat/completions "HTTP/1.1 200 OK"
2026-10-02 11:46:34,127 - INFO - HTTP Request: POST https://zyapi.tuluo.top:8888/v1/chat/completions "HTTP/1.1 200 OK"
2026-10-02 11:46:40,707 - INFO - HTTP Request: POST https://zyapi.tuluo.top:8888/v1/chat/completions "HTTP/1.1 200 OK"
2026-10-02 11:46:48,896 - INFO - HTTP Request: POST https://zyapi.tuluo.top:8888/v1/chat/completions "HTTP/1.1 200 OK"
2026-10-02 11:47:01,727 - INFO - HTTP Request: POST https://zyapi.tuluo.top:8888/v1/chat/completions "HTTP/1.1 200 OK"
2026-10-02 11:47:09,581 - INFO - HTTP Request: POST https://zyapi.tuluo.top:8888/v1/chat/completions "HTTP/1.1 200 OK"
2026-10-02 11:47:35,351 - INFO - HTTP Request: POST https://zyapi.tuluo.top:8888/v1/chat/completions "HTTP/1.1 200 OK"
2026-10-02 11:47:48,114 - INFO - HTTP Request: POST https://zyapi.tuluo.top:8888/v1/chat/completions "HTTP/1.1 200 OK"
2026-10-02 11:48:31,534 - INFO - HTTP Request: POST https://zyapi.tuluo.top:8888/v1/chat/completions "HTTP/1.1 200 OK"
2026-10-02 11:48:38,040 - INFO - HTTP Request: POST https://zyapi.tuluo.top:8888/v1/chat/completions "HTTP/1.1 200 OK"
2026-10-02 11:49:09,492 - INFO - HTTP Request: POST https://zyapi.tuluo.top:8888/v1/chat/completions "HTTP/1.1 200 OK"
2026-10-02 11:49:27,853 - INFO - HTTP Request: POST https://zyapi.tuluo.top:8888/v1/chat/completions "HTTP/1.1 200 OK"
2026-10-02 11:49:45,978 - INFO - HTTP Request: POST https://zyapi.tuluo.top:8888/v1/chat/completions "HTTP/1.1 200 OK"
2026-10-02 11:50:18,425 - INFO - HTTP Request: POST https://zyapi.tuluo.top:8888/v1/chat/completions "HTTP/1.1 200 OK"
2026-10-02 11:50:32,859 - INFO - HTTP Request: POST https://zyapi.tuluo.top:8888/v1/chat/completions "HTTP/1.1 200 OK"
2026-10-02 11:50:39,741 - INFO - HTTP Request: POST https://zyapi.tuluo.top:8888/v1/chat/completions "HTTP/1.1 200 OK"
2026-10-02 11:50:46,908 - INFO - HTTP Request: POST https://zyapi.tuluo.top:8888/v1/chat/completions "HTTP/1.1 200 OK"
2026-10-02 11:50:53,973 - INFO - HTTP Request: POST https://zyapi.tuluo.top:8888/v1/chat/completions "HTTP/1.1 200 OK"
2026-10-02 11:51:27,154 - INFO - HTTP Request: POST https://zyapi.tuluo.top:8888/v1/chat/completions "HTTP/1.1 200 OK"
2026-10-02 11:51:54,442 - INFO - HTTP Request: POST https://zyapi.tuluo.top:8888/v1/chat/completions "HTTP/1.1 200 OK"
2026-10-02 11:52:02,299 - INFO - HTTP Request: POST https://zyapi.tuluo.top:8888/v1/chat/completions "HTTP/1.1 200 OK"
2026-10-02 11:52:22,655 - INFO - HTTP Request: POST https://zyapi.tuluo.top:8888/v1/chat/completions "HTTP/1.1 200 OK"
2026-10-02 11:52:36,597 - INFO - HTTP Request: POST https://zyapi.tuluo.top:8888/v1/chat/completions "HTTP/1.1 200 OK"
2026-10-02 11:52:46,107 - INFO - HTTP Request: POST https://zyapi.tuluo.top:8888/v1/chat/completions "HTTP/1.1 200 OK"
2026-10-02 11:52:54,132 - INFO - HTTP Request: POST https://zyapi.tuluo.top:8888/v1/chat/completions "HTTP/1.1 200 OK"
2026-10-02 11:53:01,259 - INFO - HTTP Request: POST https://zyapi.tuluo.top:8888/v1/chat/completions "HTTP/1.1 200 OK"
2026-10-02 11:53:22,251 - INFO - HTTP Request: POST https://zyapi.tuluo.top:8888/v1/chat/completions "HTTP/1.1 200 OK"
2026-10-02 11:53:32,714 - INFO - HTTP Request: POST https://zyapi.tuluo.top:8888/v1/chat/completions "HTTP/1.1 200 OK"
2026-10-02 11:53:40,581 - INFO - HTTP Request: POST https://zyapi.tuluo.top:8888/v1/chat/completions "HTTP/1.1 200 OK"
2026-10-02 11:53:49,084 - INFO - HTTP Request: POST https://zyapi.tuluo.top:8888/v1/chat/completions "HTTP/1.1 200 OK"
2026-10-02 11:53:54,281 - INFO - HTTP Request: POST https://zyapi.tuluo.top:8888/v1/chat/completions "HTTP/1.1 200 OK"
2026-10-02 11:54:09,385 - INFO - HTTP Request: POST https://zyapi.tuluo.top:8888/v1/chat/completions "HTTP/1.1 200 OK"
2026-10-02 11:54:25,343 - INFO - HTTP Request: POST https://zyapi.tuluo.top:8888/v1/chat/completions "HTTP/1.1 200 OK"
2026-10-02 11:54:45,972 - INFO - HTTP Request: POST https://zyapi.tuluo.top:8888/v1/chat/completions "HTTP/1.1 200 OK"
2026-10-02 11:54:53,430 - INFO - HTTP Request: POST https://zyapi.tuluo.top:8888/v1/chat/completions "HTTP/1.1 200 OK"
2026-10-02 11:54:58,703 - INFO - HTTP Request: POST https://zyapi.tuluo.top:8888/v1/chat/completions "HTTP/1.1 200 OK"
2026-10-02 11:55:31,372 - INFO - HTTP Request: POST https://zyapi.tuluo.top:8888/v1/chat/completions "HTTP/1.1 200 OK"
2026-10-02 11:55:51,818 - INFO - HTTP Request: POST https://zyapi.tuluo.top:8888/v1/chat/completions "HTTP/1.1 200 OK"
2026-10-02 11:55:57,713 - INFO - HTTP Request: POST https://zyapi.tuluo.top:8888/v1/chat/completions "HTTP/1.1 200 OK"
2026-10-02 11:56:03,537 - INFO - HTTP Request: POST https://zyapi.tuluo.top:8888/v1/chat/completions "HTTP/1.1 200 OK"
2026-10-02 11:56:09,453 - INFO - HTTP Request: POST https://zyapi.tuluo.top:8888/v1/chat/completions "HTTP/1.1 200 OK"
2026-10-02 11:56:20,537 - INFO - HTTP Request: POST https://zyapi.tuluo.top:8888/v1/chat/completions "HTTP/1.1 200 OK"
2026-10-02 11:56:30,791 - INFO - HTTP Request: POST https://zyapi.tuluo.top:8888/v1/chat/completions "HTTP/1.1 200 OK"
2026-10-02 11:56:39,370 - INFO - HTTP Request: POST https://zyapi.tuluo.top:8888/v1/chat/completions "HTTP/1.1 200 OK"
2026-10-02 11:56:50,639 - INFO - HTTP Request: POST https://zyapi.tuluo.top:8888/v1/chat/completions "HTTP/1.1 200 OK"
2026-10-02 11:57:05,556 - INFO - HTTP Request: POST https://zyapi.tuluo.top:8888/v1/chat/completions "HTTP/1.1 200 OK"
2026-10-02 11:57:12,616 - INFO - HTTP Request: POST https://zyapi.tuluo.top:8888/v1/chat/completions "HTTP/1.1 200 OK"
2026-10-02 11:57:25,763 - INFO - HTTP Request: POST https://zyapi.tuluo.top:8888/v1/chat/completions "HTTP/1.1 200 OK"
2026-10-02 11:57:39,102 - INFO - HTTP Request: POST https://zyapi.tuluo.top:8888/v1/chat/completions "HTTP/1.1 200 OK"
2026-10-02 11:57:49,429 - INFO - HTTP Request: POST https://zyapi.tuluo.top:8888/v1/chat/completions "HTTP/1.1 200 OK"
2026-10-02 11:57:54,570 - INFO - HTTP Request: POST https://zyapi.tuluo.top:8888/v1/chat/completions "HTTP/1.1 200 OK"
2026-10-02 11:58:02,525 - INFO - HTTP Request: POST https://zyapi.tuluo.top:8888/v1/chat/completions "HTTP/1.1 200 OK"
2026-10-02 11:58:08,990 - INFO - HTTP Request: POST https://zyapi.tuluo.top:8888/v1/chat/completions "HTTP/1.1 200 OK"
2026-10-02 11:58:15,801 - INFO - HTTP Request: POST https://zyapi.tuluo.top:8888/v1/chat/completions "HTTP/1.1 200 OK"
2026-10-02 11:59:14,385 - INFO - HTTP Request: POST https://zyapi.tuluo.top:8888/v1/chat/completions "HTTP/1.1 200 OK"
2026-10-02 11:59:26,114 - INFO - HTTP Request: POST https://zyapi.tuluo.top:8888/v1/chat/completions "HTTP/1.1 200 OK"
2026-10-02 11:59:36,976 - INFO - HTTP Request: POST https://zyapi.tuluo.top:8888/v1/chat/completions "HTTP/1.1 200 OK"
2026-10-02 12:00:14,526 - INFO - HTTP Request: POST https://zyapi.tuluo.top:8888/v1/chat/completions "HTTP/1.1 200 OK"
2026-10-02 12:00:21,644 - INFO - HTTP Request: POST https://zyapi.tuluo.top:8888/v1/chat/completions "HTTP/1.1 200 OK"
2026-10-02 12:00:26,990 - INFO - HTTP Request: POST https://zyapi.tuluo.top:8888/v1/chat/completions "HTTP/1.1 200 OK"
2026-10-02 12:00:34,303 - INFO - HTTP Request: POST https://zyapi.tuluo.top:8888/v1/chat/completions "HTTP/1.1 200 OK"
2026-10-02 12:00:45,358 - INFO - HTTP Request: POST https://zyapi.tuluo.top:8888/v1/chat/completions "HTTP/1.1 200 OK"
2026-10-02 12:01:00,795 - INFO - HTTP Request: POST https://zyapi.tuluo.top:8888/v1/chat/completions "HTTP/1.1 200 OK"
2026-10-02 12:01:08,514 - INFO - HTTP Request: POST https://zyapi.tuluo.top:8888/v1/chat/completions "HTTP/1.1 200 OK"
2026-10-02 12:01:14,073 - INFO - HTTP Request: POST https://zyapi.tuluo.top:8888/v1/chat/completions "HTTP/1.1 200 OK"
2026-10-02 12:01:21,532 - INFO - HTTP Request: POST https://zyapi.tuluo.top:8888/v1/chat/completions "HTTP/1.1 200 OK"
2026-10-02 12:01:36,367 - INFO - HTTP Request: POST https://zyapi.tuluo.top:8888/v1/chat/completions "HTTP/1.1 200 OK"
2026-10-02 12:01:50,385 - INFO - HTTP Request: POST https://zyapi.tuluo.top:8888/v1/chat/completions "HTTP/1.1 200 OK"
2026-10-02 12:02:02,980 - INFO - HTTP Request: POST https://zyapi.tuluo.top:8888/v1/chat/completions "HTTP/1.1 200 OK"
2026-10-02 12:02:18,680 - INFO - HTTP Request: POST https://zyapi.tuluo.top:8888/v1/chat/completions "HTTP/1.1 200 OK"
2026-10-02 12:02:30,299 - INFO - HTTP Request: POST https://zyapi.tuluo.top:8888/v1/chat/completions "HTTP/1.1 200 OK"
2026-10-02 12:02:37,153 - INFO - HTTP Request: POST https://zyapi.tuluo.top:8888/v1/chat/completions "HTTP/1.1 200 OK"
2026-10-02 12:02:44,892 - INFO - HTTP Request: POST https://zyapi.tuluo.top:8888/v1/chat/completions "HTTP/1.1 200 OK"
2026-10-02 12:02:51,591 - INFO - HTTP Request: POST https://zyapi.tuluo.top:8888/v1/chat/completions "HTTP/1.1 200 OK"
2026-10-02 12:02:57,459 - INFO - HTTP Request: POST https://zyapi.tuluo.top:8888/v1/chat/completions "HTTP/1.1 200 OK"
2026-10-02 12:03:03,396 - INFO - HTTP Request: POST https://zyapi.tuluo.top:8888/v1/chat/completions "HTTP/1.1 200 OK"
2026-10-02 12:03:13,945 - INFO - HTTP Request: POST https://zyapi.tuluo.top:8888/v1/chat/completions "HTTP/1.1 200 OK"
2026-10-02 12:03:20,499 - INFO - HTTP Request: POST https://zyapi.tuluo.top:8888/v1/chat/completions "HTTP/1.1 200 OK"
2026-10-02 12:03:35,333 - INFO - HTTP Request: POST https://zyapi.tuluo.top:8888/v1/chat/completions "HTTP/1.1 200 OK"
2026-10-02 12:03:55,103 - INFO - HTTP Request: POST https://zyapi.tuluo.top:8888/v1/chat/completions "HTTP/1.1 200 OK"
2026-10-02 12:04:01,403 - INFO - HTTP Request: POST https://zyapi.tuluo.top:8888/v1/chat/completions "HTTP/1.1 200 OK"
2026-10-02 12:04:07,806 - INFO - HTTP Request: POST https://zyapi.tuluo.top:8888/v1/chat/completions "HTTP/1.1 200 OK"
2026-10-02 12:04:15,189 - INFO - HTTP Request: POST https://zyapi.tuluo.top:8888/v1/chat/completions "HTTP/1.1 200 OK"
2026-10-02 12:04:21,939 - INFO - HTTP Request: POST https://zyapi.tuluo.top:8888/v1/chat/completions "HTTP/1.1 200 OK"
2026-10-02 12:04:41,571 - INFO - HTTP Request: POST https://zyapi.tuluo.top:8888/v1/chat/completions "HTTP/1.1 200 OK"
2026-10-02 12:04:48,896 - INFO - HTTP Request: POST https://zyapi.tuluo.top:8888/v1/chat/completions "HTTP/1.1 200 OK"
2026-10-02 12:04:54,278 - INFO - HTTP Request: POST https://zyapi.tuluo.top:8888/v1/chat/completions "HTTP/1.1 200 OK"
2026-10-02 12:05:01,466 - INFO - HTTP Request: POST https://zyapi.tuluo.top:8888/v1/chat/completions "HTTP/1.1 200 OK"
2026-10-02 12:05:01,468 - WARNING - Invalid response, attempt=1: Quote must exist exactly; repeated quotes require valid offsets
2026-10-02 12:05:24,168 - INFO - HTTP Request: POST https://zyapi.tuluo.top:8888/v1/chat/completions "HTTP/1.1 200 OK"
2026-10-02 12:05:24,169 - WARNING - Invalid response, attempt=2: Quote must exist exactly; repeated quotes require valid offsets
2026-10-02 12:05:31,572 - INFO - HTTP Request: POST https://zyapi.tuluo.top:8888/v1/chat/completions "HTTP/1.1 200 OK"
2026-10-02 12:05:31,574 - WARNING - Invalid response, attempt=3: Quote must exist exactly; repeated quotes require valid offsets
2026-10-02 12:05:43,139 - INFO - HTTP Request: POST https://zyapi.tuluo.top:8888/v1/chat/completions "HTTP/1.1 200 OK"
2026-10-02 12:05:43,141 - WARNING - Invalid response, attempt=4: Quote must exist exactly; repeated quotes require valid offsets
2026-10-02 12:06:02,804 - INFO - HTTP Request: POST https://zyapi.tuluo.top:8888/v1/chat/completions "HTTP/1.1 200 OK"
2026-10-02 12:06:02,806 - WARNING - Invalid response, attempt=5: Quote must exist exactly; repeated quotes require valid offsets
2026-10-02 12:06:36,290 - INFO - HTTP Request: POST https://zyapi.tuluo.top:8888/v1/chat/completions "HTTP/1.1 200 OK"
2026-10-02 12:06:36,291 - WARNING - Invalid response, attempt=6: Quote must exist exactly; repeated quotes require valid offsets
2026-10-02 12:07:09,568 - INFO - HTTP Request: POST https://zyapi.tuluo.top:8888/v1/chat/completions "HTTP/1.1 200 OK"
2026-10-02 12:07:09,570 - WARNING - Invalid response, attempt=7: Quote must exist exactly; repeated quotes require valid offsets
2026-10-02 12:07:43,100 - INFO - HTTP Request: POST https://zyapi.tuluo.top:8888/v1/chat/completions "HTTP/1.1 200 OK"
2026-10-02 12:07:43,101 - WARNING - Invalid response, attempt=8: Quote must exist exactly; repeated quotes require valid offsets
2026-10-02 12:08:17,772 - INFO - HTTP Request: POST https://zyapi.tuluo.top:8888/v1/chat/completions "HTTP/1.1 200 OK"
2026-10-02 12:08:17,774 - WARNING - Invalid response, attempt=9: Quote must exist exactly; repeated quotes require valid offsets
2026-10-02 12:08:51,256 - INFO - HTTP Request: POST https://zyapi.tuluo.top:8888/v1/chat/completions "HTTP/1.1 200 OK"
2026-10-02 12:08:51,257 - WARNING - Invalid response, attempt=10: Quote must exist exactly; repeated quotes require valid offsets
2026-10-02 12:09:25,356 - INFO - HTTP Request: POST https://zyapi.tuluo.top:8888/v1/chat/completions "HTTP/1.1 200 OK"
2026-10-02 12:09:25,357 - WARNING - Invalid response, attempt=11: Quote must exist exactly; repeated quotes require valid offsets
2026-10-02 12:09:59,622 - INFO - HTTP Request: POST https://zyapi.tuluo.top:8888/v1/chat/completions "HTTP/1.1 200 OK"
2026-10-02 12:09:59,624 - WARNING - Invalid response, attempt=12: Quote must exist exactly; repeated quotes require valid offsets
2026-10-02 12:10:33,930 - INFO - HTTP Request: POST https://zyapi.tuluo.top:8888/v1/chat/completions "HTTP/1.1 200 OK"
2026-10-02 12:10:33,932 - WARNING - Invalid response, attempt=13: Quote must exist exactly; repeated quotes require valid offsets
2026-10-02 12:11:07,656 - INFO - HTTP Request: POST https://zyapi.tuluo.top:8888/v1/chat/completions "HTTP/1.1 200 OK"
2026-10-02 12:11:07,658 - WARNING - Invalid response, attempt=14: Quote must exist exactly; repeated quotes require valid offsets
2026-10-02 12:11:41,346 - INFO - HTTP Request: POST https://zyapi.tuluo.top:8888/v1/chat/completions "HTTP/1.1 200 OK"
2026-10-02 12:11:41,348 - WARNING - Invalid response, attempt=15: Quote must exist exactly; repeated quotes require valid offsets
2026-10-02 12:12:15,302 - INFO - HTTP Request: POST https://zyapi.tuluo.top:8888/v1/chat/completions "HTTP/1.1 200 OK"
2026-10-02 12:12:15,304 - WARNING - Invalid response, attempt=16: Quote must exist exactly; repeated quotes require valid offsets
2026-10-02 12:12:51,385 - INFO - HTTP Request: POST https://zyapi.tuluo.top:8888/v1/chat/completions "HTTP/1.1 200 OK"
2026-10-02 12:12:51,387 - WARNING - Invalid response, attempt=17: Quote must exist exactly; repeated quotes require valid offsets
2026-10-02 12:13:25,591 - INFO - HTTP Request: POST https://zyapi.tuluo.top:8888/v1/chat/completions "HTTP/1.1 200 OK"
2026-10-02 12:13:25,593 - WARNING - Invalid response, attempt=18: Quote must exist exactly; repeated quotes require valid offsets
2026-10-02 12:13:59,272 - INFO - HTTP Request: POST https://zyapi.tuluo.top:8888/v1/chat/completions "HTTP/1.1 200 OK"
2026-10-02 12:13:59,274 - WARNING - Invalid response, attempt=19: Quote must exist exactly; repeated quotes require valid offsets
2026-10-02 12:14:32,462 - INFO - HTTP Request: POST https://zyapi.tuluo.top:8888/v1/chat/completions "HTTP/1.1 200 OK"
2026-10-02 12:14:32,463 - WARNING - Invalid response, attempt=20: Quote must exist exactly; repeated quotes require valid offsets
2026-10-02 12:15:06,145 - INFO - HTTP Request: POST https://zyapi.tuluo.top:8888/v1/chat/completions "HTTP/1.1 200 OK"
2026-10-02 12:15:06,147 - WARNING - Invalid response, attempt=21: Quote must exist exactly; repeated quotes require valid offsets
2026-10-02 12:15:40,411 - INFO - HTTP Request: POST https://zyapi.tuluo.top:8888/v1/chat/completions "HTTP/1.1 200 OK"
2026-10-02 12:15:40,413 - WARNING - Invalid response, attempt=22: Quote must exist exactly; repeated quotes require valid offsets
2026-10-02 12:16:19,749 - INFO - HTTP Request: POST https://zyapi.tuluo.top:8888/v1/chat/completions "HTTP/1.1 200 OK"
2026-10-02 12:16:19,751 - WARNING - Invalid response, attempt=23: Quote must exist exactly; repeated quotes require valid offsets
2026-10-02 12:16:53,644 - INFO - HTTP Request: POST https://zyapi.tuluo.top:8888/v1/chat/completions "HTTP/1.1 200 OK"
2026-10-02 12:16:53,646 - WARNING - Invalid response, attempt=24: Quote must exist exactly; repeated quotes require valid offsets
2026-10-02 12:17:26,859 - INFO - HTTP Request: POST https://zyapi.tuluo.top:8888/v1/chat/completions "HTTP/1.1 200 OK"
2026-10-02 12:17:26,861 - WARNING - Invalid response, attempt=25: Quote must exist exactly; repeated quotes require valid offsets
2026-10-02 12:18:03,378 - INFO - HTTP Request: POST https://zyapi.tuluo.top:8888/v1/chat/completions "HTTP/1.1 200 OK"
2026-10-02 12:18:03,380 - WARNING - Invalid response, attempt=26: Quote must exist exactly; repeated quotes require valid offsets
2026-10-02 12:18:37,185 - INFO - HTTP Request: POST https://zyapi.tuluo.top:8888/v1/chat/completions "HTTP/1.1 200 OK"
2026-10-02 12:18:37,187 - WARNING - Invalid response, attempt=27: Quote must exist exactly; repeated quotes require valid offsets
2026-10-02 12:19:10,404 - INFO - HTTP Request: POST https://zyapi.tuluo.top:8888/v1/chat/completions "HTTP/1.1 200 OK"
2026-10-02 12:19:10,406 - WARNING - Invalid response, attempt=28: Quote must exist exactly; repeated quotes require valid offsets
2026-10-02 12:19:43,579 - INFO - HTTP Request: POST https://zyapi.tuluo.top:8888/v1/chat/completions "HTTP/1.1 200 OK"
2026-10-02 12:19:43,581 - WARNING - Invalid response, attempt=29: Quote must exist exactly; repeated quotes require valid offsets
2026-10-02 12:20:17,719 - INFO - HTTP Request: POST https://zyapi.tuluo.top:8888/v1/chat/completions "HTTP/1.1 200 OK"
2026-10-02 12:20:17,720 - WARNING - Invalid response, attempt=30: Quote must exist exactly; repeated quotes require valid offsets
2026-10-02 12:20:51,404 - INFO - HTTP Request: POST https://zyapi.tuluo.top:8888/v1/chat/completions "HTTP/1.1 200 OK"
2026-10-02 12:20:51,408 - WARNING - Invalid response, attempt=31: Quote must exist exactly; repeated quotes require valid offsets
2026-10-02 12:21:26,006 - INFO - HTTP Request: POST https://zyapi.tuluo.top:8888/v1/chat/completions "HTTP/1.1 200 OK"
2026-10-02 12:21:26,008 - WARNING - Invalid response, attempt=32: Quote must exist exactly; repeated quotes require valid offsets
2026-10-02 12:21:59,584 - INFO - HTTP Request: POST https://zyapi.tuluo.top:8888/v1/chat/completions "HTTP/1.1 200 OK"
2026-10-02 12:21:59,585 - WARNING - Invalid response, attempt=33: Quote must exist exactly; repeated quotes require valid offsets
2026-10-02 12:22:32,900 - INFO - HTTP Request: POST https://zyapi.tuluo.top:8888/v1/chat/completions "HTTP/1.1 200 OK"
2026-10-02 12:22:32,902 - WARNING - Invalid response, attempt=34: Quote must exist exactly; repeated quotes require valid offsets
2026-10-02 12:23:06,182 - INFO - HTTP Request: POST https://zyapi.tuluo.top:8888/v1/chat/completions "HTTP/1.1 200 OK"
2026-10-02 12:23:06,184 - WARNING - Invalid response, attempt=35: Quote must exist exactly; repeated quotes require valid offsets
2026-10-02 12:23:39,698 - INFO - HTTP Request: POST https://zyapi.tuluo.top:8888/v1/chat/completions "HTTP/1.1 200 OK"
2026-10-02 12:23:39,700 - WARNING - Invalid response, attempt=36: Quote must exist exactly; repeated quotes require valid offsets
2026-10-02 12:24:13,561 - INFO - HTTP Request: POST https://zyapi.tuluo.top:8888/v1/chat/completions "HTTP/1.1 200 OK"
2026-10-02 12:24:13,563 - WARNING - Invalid response, attempt=37: Quote must exist exactly; repeated quotes require valid offsets
2026-10-02 12:24:47,660 - INFO - HTTP Request: POST https://zyapi.tuluo.top:8888/v1/chat/completions "HTTP/1.1 200 OK"
2026-10-02 12:24:47,662 - WARNING - Invalid response, attempt=38: Quote must exist exactly; repeated quotes require valid offsets
2026-10-02 12:25:20,941 - INFO - HTTP Request: POST https://zyapi.tuluo.top:8888/v1/chat/completions "HTTP/1.1 200 OK"
2026-10-02 12:25:20,942 - WARNING - Invalid response, attempt=39: Quote must exist exactly; repeated quotes require valid offsets
2026-10-02 12:25:54,427 - INFO - HTTP Request: POST https://zyapi.tuluo.top:8888/v1/chat/completions "HTTP/1.1 200 OK"
2026-10-02 12:25:54,429 - WARNING - Invalid response, attempt=40: Quote must exist exactly; repeated quotes require valid offsets
2026-10-02 12:26:30,456 - INFO - HTTP Request: POST https://zyapi.tuluo.top:8888/v1/chat/completions "HTTP/1.1 200 OK"
2026-10-02 12:26:30,457 - WARNING - Invalid response, attempt=41: Quote must exist exactly; repeated quotes require valid offsets
2026-10-02 12:27:04,580 - INFO - HTTP Request: POST https://zyapi.tuluo.top:8888/v1/chat/completions "HTTP/1.1 200 OK"
2026-10-02 12:27:04,581 - WARNING - Invalid response, attempt=42: Quote must exist exactly; repeated quotes require valid offsets
2026-10-02 12:27:37,824 - INFO - HTTP Request: POST https://zyapi.tuluo.top:8888/v1/chat/completions "HTTP/1.1 200 OK"
2026-10-02 12:27:37,825 - WARNING - Invalid response, attempt=43: Quote must exist exactly; repeated quotes require valid offsets
2026-10-02 12:28:11,702 - INFO - HTTP Request: POST https://zyapi.tuluo.top:8888/v1/chat/completions "HTTP/1.1 200 OK"
2026-10-02 12:28:11,703 - WARNING - Invalid response, attempt=44: Quote must exist exactly; repeated quotes require valid offsets
2026-10-02 12:28:45,433 - INFO - HTTP Request: POST https://zyapi.tuluo.top:8888/v1/chat/completions "HTTP/1.1 200 OK"
2026-10-02 12:28:45,435 - WARNING - Invalid response, attempt=45: Quote must exist exactly; repeated quotes require valid offsets
2026-10-02 12:29:18,820 - INFO - HTTP Request: POST https://zyapi.tuluo.top:8888/v1/chat/completions "HTTP/1.1 200 OK"
2026-10-02 12:29:18,822 - WARNING - Invalid response, attempt=46: Quote must exist exactly; repeated quotes require valid offsets
2026-10-02 12:29:52,715 - INFO - HTTP Request: POST https://zyapi.tuluo.top:8888/v1/chat/completions "HTTP/1.1 200 OK"
2026-10-02 12:29:52,717 - WARNING - Invalid response, attempt=47: Quote must exist exactly; repeated quotes require valid offsets
2026-10-02 12:30:26,720 - INFO - HTTP Request: POST https://zyapi.tuluo.top:8888/v1/chat/completions "HTTP/1.1 200 OK"
2026-10-02 12:30:26,722 - WARNING - Invalid response, attempt=48: Quote must exist exactly; repeated quotes require valid offsets
2026-10-02 12:30:59,982 - INFO - HTTP Request: POST https://zyapi.tuluo.top:8888/v1/chat/completions "HTTP/1.1 200 OK"
2026-10-02 12:30:59,984 - WARNING - Invalid response, attempt=49: Quote must exist exactly; repeated quotes require valid offsets
2026-10-02 12:31:33,582 - INFO - HTTP Request: POST https://zyapi.tuluo.top:8888/v1/chat/completions "HTTP/1.1 200 OK"
2026-10-02 12:31:33,583 - WARNING - Invalid response, attempt=50: Quote must exist exactly; repeated quotes require valid offsets
2026-10-02 12:32:07,067 - INFO - HTTP Request: POST https://zyapi.tuluo.top:8888/v1/chat/completions "HTTP/1.1 200 OK"
2026-10-02 12:32:07,068 - WARNING - Invalid response, attempt=51: Quote must exist exactly; repeated quotes require valid offsets
2026-10-02 12:32:40,740 - INFO - HTTP Request: POST https://zyapi.tuluo.top:8888/v1/chat/completions "HTTP/1.1 200 OK"
2026-10-02 12:32:40,742 - WARNING - Invalid response, attempt=52: Quote must exist exactly; repeated quotes require valid offsets
2026-10-02 12:33:14,988 - INFO - HTTP Request: POST https://zyapi.tuluo.top:8888/v1/chat/completions "HTTP/1.1 200 OK"
2026-10-02 12:33:14,990 - WARNING - Invalid response, attempt=53: Quote must exist exactly; repeated quotes require valid offsets
2026-10-02 12:33:47,959 - INFO - HTTP Request: POST https://zyapi.tuluo.top:8888/v1/chat/completions "HTTP/1.1 200 OK"
2026-10-02 12:33:47,961 - WARNING - Invalid response, attempt=54: Quote must exist exactly; repeated quotes require valid offsets
2026-10-02 12:34:21,401 - INFO - HTTP Request: POST https://zyapi.tuluo.top:8888/v1/chat/completions "HTTP/1.1 200 OK"
2026-10-02 12:34:21,403 - WARNING - Invalid response, attempt=55: Quote must exist exactly; repeated quotes require valid offsets
2026-10-02 12:34:54,232 - INFO - HTTP Request: POST https://zyapi.tuluo.top:8888/v1/chat/completions "HTTP/1.1 200 OK"
2026-10-02 12:34:54,233 - WARNING - Invalid response, attempt=56: Quote must exist exactly; repeated quotes require valid offsets
2026-10-02 12:35:27,570 - INFO - HTTP Request: POST https://zyapi.tuluo.top:8888/v1/chat/completions "HTTP/1.1 200 OK"
2026-10-02 12:35:27,572 - WARNING - Invalid response, attempt=57: Quote must exist exactly; repeated quotes require valid offsets
2026-10-02 12:36:00,526 - INFO - HTTP Request: POST https://zyapi.tuluo.top:8888/v1/chat/completions "HTTP/1.1 200 OK"
2026-10-02 12:36:00,527 - WARNING - Invalid response, attempt=58: Quote must exist exactly; repeated quotes require valid offsets
2026-10-02 12:36:33,602 - INFO - HTTP Request: POST https://zyapi.tuluo.top:8888/v1/chat/completions "HTTP/1.1 200 OK"
2026-10-02 12:36:33,603 - WARNING - Invalid response, attempt=59: Quote must exist exactly; repeated quotes require valid offsets
2026-10-02 12:37:06,561 - INFO - HTTP Request: POST https://zyapi.tuluo.top:8888/v1/chat/completions "HTTP/1.1 200 OK"
2026-10-02 12:37:06,562 - WARNING - Invalid response, attempt=60: Quote must exist exactly; repeated quotes require valid offsets
2026-10-02 12:37:39,856 - INFO - HTTP Request: POST https://zyapi.tuluo.top:8888/v1/chat/completions "HTTP/1.1 200 OK"
2026-10-02 12:37:39,857 - WARNING - Invalid response, attempt=61: Quote must exist exactly; repeated quotes require valid offsets
2026-10-02 12:38:13,750 - INFO - HTTP Request: POST https://zyapi.tuluo.top:8888/v1/chat/completions "HTTP/1.1 200 OK"
2026-10-02 12:38:13,752 - WARNING - Invalid response, attempt=62: Quote must exist exactly; repeated quotes require valid offsets
2026-10-02 12:38:47,363 - INFO - HTTP Request: POST https://zyapi.tuluo.top:8888/v1/chat/completions "HTTP/1.1 200 OK"
2026-10-02 12:38:47,365 - WARNING - Invalid response, attempt=63: Quote must exist exactly; repeated quotes require valid offsets
2026-10-02 12:39:20,913 - INFO - HTTP Request: POST https://zyapi.tuluo.top:8888/v1/chat/completions "HTTP/1.1 200 OK"
2026-10-02 12:39:20,914 - WARNING - Invalid response, attempt=64: Quote must exist exactly; repeated quotes require valid offsets
2026-10-02 12:39:54,411 - INFO - HTTP Request: POST https://zyapi.tuluo.top:8888/v1/chat/completions "HTTP/1.1 200 OK"
2026-10-02 12:39:54,413 - WARNING - Invalid response, attempt=65: Quote must exist exactly; repeated quotes require valid offsets
2026-10-02 12:40:27,999 - INFO - HTTP Request: POST https://zyapi.tuluo.top:8888/v1/chat/completions "HTTP/1.1 200 OK"
2026-10-02 12:40:28,000 - WARNING - Invalid response, attempt=66: Quote must exist exactly; repeated quotes require valid offsets
2026-10-02 12:41:02,100 - INFO - HTTP Request: POST https://zyapi.tuluo.top:8888/v1/chat/completions "HTTP/1.1 200 OK"
2026-10-02 12:41:02,104 - WARNING - Invalid response, attempt=67: Quote must exist exactly; repeated quotes require valid offsets
2026-10-02 12:41:35,258 - INFO - HTTP Request: POST https://zyapi.tuluo.top:8888/v1/chat/completions "HTTP/1.1 200 OK"
2026-10-02 12:41:35,260 - WARNING - Invalid response, attempt=68: Quote must exist exactly; repeated quotes require valid offsets
2026-10-02 12:42:08,623 - INFO - HTTP Request: POST https://zyapi.tuluo.top:8888/v1/chat/completions "HTTP/1.1 200 OK"
2026-10-02 12:42:08,624 - WARNING - Invalid response, attempt=69: Quote must exist exactly; repeated quotes require valid offsets
2026-10-02 12:42:42,042 - INFO - HTTP Request: POST https://zyapi.tuluo.top:8888/v1/chat/completions "HTTP/1.1 200 OK"
2026-10-02 12:42:42,043 - WARNING - Invalid response, attempt=70: Quote must exist exactly; repeated quotes require valid offsets
2026-10-02 12:43:15,628 - INFO - HTTP Request: POST https://zyapi.tuluo.top:8888/v1/chat/completions "HTTP/1.1 200 OK"
2026-10-02 12:43:15,630 - WARNING - Invalid response, attempt=71: Quote must exist exactly; repeated quotes require valid offsets
2026-10-02 12:43:50,497 - INFO - HTTP Request: POST https://zyapi.tuluo.top:8888/v1/chat/completions "HTTP/1.1 200 OK"
2026-10-02 12:43:50,498 - WARNING - Invalid response, attempt=72: Quote must exist exactly; repeated quotes require valid offsets
2026-10-02 12:44:24,153 - INFO - HTTP Request: POST https://zyapi.tuluo.top:8888/v1/chat/completions "HTTP/1.1 200 OK"
2026-10-02 12:44:24,155 - WARNING - Invalid response, attempt=73: Quote must exist exactly; repeated quotes require valid offsets
2026-10-02 12:44:57,519 - INFO - HTTP Request: POST https://zyapi.tuluo.top:8888/v1/chat/completions "HTTP/1.1 200 OK"
2026-10-02 12:44:57,521 - WARNING - Invalid response, attempt=74: Quote must exist exactly; repeated quotes require valid offsets
2026-10-02 12:45:32,132 - INFO - HTTP Request: POST https://zyapi.tuluo.top:8888/v1/chat/completions "HTTP/1.1 200 OK"
2026-10-02 12:45:32,133 - WARNING - Invalid response, attempt=75: Quote must exist exactly; repeated quotes require valid offsets
2026-10-02 12:46:06,148 - INFO - HTTP Request: POST https://zyapi.tuluo.top:8888/v1/chat/completions "HTTP/1.1 200 OK"
2026-10-02 12:46:06,149 - WARNING - Invalid response, attempt=76: Quote must exist exactly; repeated quotes require valid offsets
2026-10-02 12:46:39,680 - INFO - HTTP Request: POST https://zyapi.tuluo.top:8888/v1/chat/completions "HTTP/1.1 200 OK"
2026-10-02 12:46:39,682 - WARNING - Invalid response, attempt=77: Quote must exist exactly; repeated quotes require valid offsets
2026-10-02 12:47:13,239 - INFO - HTTP Request: POST https://zyapi.tuluo.top:8888/v1/chat/completions "HTTP/1.1 200 OK"
2026-10-02 12:47:13,240 - WARNING - Invalid response, attempt=78: Quote must exist exactly; repeated quotes require valid offsets
2026-10-02 12:47:46,281 - INFO - HTTP Request: POST https://zyapi.tuluo.top:8888/v1/chat/completions "HTTP/1.1 200 OK"
2026-10-02 12:47:46,282 - WARNING - Invalid response, attempt=79: Quote must exist exactly; repeated quotes require valid offsets
2026-10-02 12:48:19,864 - INFO - HTTP Request: POST https://zyapi.tuluo.top:8888/v1/chat/completions "HTTP/1.1 200 OK"
2026-10-02 12:48:19,865 - WARNING - Invalid response, attempt=80: Quote must exist exactly; repeated quotes require valid offsets
2026-10-02 12:48:54,418 - INFO - HTTP Request: POST https://zyapi.tuluo.top:8888/v1/chat/completions "HTTP/1.1 200 OK"
2026-10-02 12:48:54,419 - WARNING - Invalid response, attempt=81: Quote must exist exactly; repeated quotes require valid offsets
2026-10-02 12:49:27,756 - INFO - HTTP Request: POST https://zyapi.tuluo.top:8888/v1/chat/completions "HTTP/1.1 200 OK"
2026-10-02 12:49:27,758 - WARNING - Invalid response, attempt=82: Quote must exist exactly; repeated quotes require valid offsets
2026-10-02 12:50:01,007 - INFO - HTTP Request: POST https://zyapi.tuluo.top:8888/v1/chat/completions "HTTP/1.1 200 OK"
2026-10-02 12:50:01,009 - WARNING - Invalid response, attempt=83: Quote must exist exactly; repeated quotes require valid offsets
2026-10-02 12:50:34,112 - INFO - HTTP Request: POST https://zyapi.tuluo.top:8888/v1/chat/completions "HTTP/1.1 200 OK"
2026-10-02 12:50:34,114 - WARNING - Invalid response, attempt=84: Quote must exist exactly; repeated quotes require valid offsets
2026-10-02 12:51:08,009 - INFO - HTTP Request: POST https://zyapi.tuluo.top:8888/v1/chat/completions "HTTP/1.1 200 OK"
2026-10-02 12:51:08,010 - WARNING - Invalid response, attempt=85: Quote must exist exactly; repeated quotes require valid offsets
2026-10-02 12:51:42,235 - INFO - HTTP Request: POST https://zyapi.tuluo.top:8888/v1/chat/completions "HTTP/1.1 200 OK"
2026-10-02 12:51:42,236 - WARNING - Invalid response, attempt=86: Quote must exist exactly; repeated quotes require valid offsets
2026-10-02 12:52:15,752 - INFO - HTTP Request: POST https://zyapi.tuluo.top:8888/v1/chat/completions "HTTP/1.1 200 OK"
2026-10-02 12:52:15,753 - WARNING - Invalid response, attempt=87: Quote must exist exactly; repeated quotes require valid offsets
2026-10-02 12:52:48,783 - INFO - HTTP Request: POST https://zyapi.tuluo.top:8888/v1/chat/completions "HTTP/1.1 200 OK"
2026-10-02 12:52:48,785 - WARNING - Invalid response, attempt=88: Quote must exist exactly; repeated quotes require valid offsets
2026-10-02 12:53:22,482 - INFO - HTTP Request: POST https://zyapi.tuluo.top:8888/v1/chat/completions "HTTP/1.1 200 OK"
2026-10-02 12:53:22,483 - WARNING - Invalid response, attempt=89: Quote must exist exactly; repeated quotes require valid offsets
2026-10-02 12:53:55,968 - INFO - HTTP Request: POST https://zyapi.tuluo.top:8888/v1/chat/completions "HTTP/1.1 200 OK"
2026-10-02 12:53:55,969 - WARNING - Invalid response, attempt=90: Quote must exist exactly; repeated quotes require valid offsets
2026-10-02 12:54:28,816 - INFO - HTTP Request: POST https://zyapi.tuluo.top:8888/v1/chat/completions "HTTP/1.1 200 OK"
2026-10-02 12:54:28,817 - WARNING - Invalid response, attempt=91: Quote must exist exactly; repeated quotes require valid offsets
2026-10-02 12:55:04,677 - INFO - HTTP Request: POST https://zyapi.tuluo.top:8888/v1/chat/completions "HTTP/1.1 200 OK"
2026-10-02 12:55:04,678 - WARNING - Invalid response, attempt=92: Quote must exist exactly; repeated quotes require valid offsets
2026-10-02 12:55:40,218 - INFO - HTTP Request: POST https://zyapi.tuluo.top:8888/v1/chat/completions "HTTP/1.1 200 OK"
2026-10-02 12:55:40,219 - WARNING - Invalid response, attempt=93: Quote must exist exactly; repeated quotes require valid offsets
2026-10-02 12:56:13,780 - INFO - HTTP Request: POST https://zyapi.tuluo.top:8888/v1/chat/completions "HTTP/1.1 200 OK"
2026-10-02 12:56:13,782 - WARNING - Invalid response, attempt=94: Quote must exist exactly; repeated quotes require valid offsets
2026-10-02 12:56:47,127 - INFO - HTTP Request: POST https://zyapi.tuluo.top:8888/v1/chat/completions "HTTP/1.1 200 OK"
2026-10-02 12:56:47,128 - WARNING - Invalid response, attempt=95: Quote must exist exactly; repeated quotes require valid offsets
2026-10-02 12:57:20,747 - INFO - HTTP Request: POST https://zyapi.tuluo.top:8888/v1/chat/completions "HTTP/1.1 200 OK"
2026-10-02 12:57:20,748 - WARNING - Invalid response, attempt=96: Quote must exist exactly; repeated quotes require valid offsets
2026-10-02 12:57:53,693 - INFO - HTTP Request: POST https://zyapi.tuluo.top:8888/v1/chat/completions "HTTP/1.1 200 OK"
2026-10-02 12:57:53,695 - WARNING - Invalid response, attempt=97: Quote must exist exactly; repeated quotes require valid offsets
2026-10-02 12:58:27,104 - INFO - HTTP Request: POST https://zyapi.tuluo.top:8888/v1/chat/completions "HTTP/1.1 200 OK"
2026-10-02 12:58:27,105 - WARNING - Invalid response, attempt=98: Quote must exist exactly; repeated quotes require valid offsets
2026-10-02 12:59:00,499 - INFO - HTTP Request: POST https://zyapi.tuluo.top:8888/v1/chat/completions "HTTP/1.1 200 OK"
2026-10-02 12:59:00,500 - WARNING - Invalid response, attempt=99: Quote must exist exactly; repeated quotes require valid offsets
2026-10-02 12:59:33,863 - INFO - HTTP Request: POST https://zyapi.tuluo.top:8888/v1/chat/completions "HTTP/1.1 200 OK"
2026-10-02 12:59:33,864 - WARNING - Invalid response, attempt=100: Quote must exist exactly; repeated quotes require valid offsets
2026-10-02 13:00:07,150 - INFO - HTTP Request: POST https://zyapi.tuluo.top:8888/v1/chat/completions "HTTP/1.1 200 OK"
2026-10-02 13:00:07,152 - WARNING - Invalid response, attempt=101: Quote must exist exactly; repeated quotes require valid offsets
2026-10-02 13:00:40,237 - INFO - HTTP Request: POST https://zyapi.tuluo.top:8888/v1/chat/completions "HTTP/1.1 200 OK"
2026-10-02 13:00:40,238 - WARNING - Invalid response, attempt=102: Quote must exist exactly; repeated quotes require valid offsets
2026-10-02 13:01:13,456 - INFO - HTTP Request: POST https://zyapi.tuluo.top:8888/v1/chat/completions "HTTP/1.1 200 OK"
2026-10-02 13:01:13,460 - WARNING - Invalid response, attempt=103: Quote must exist exactly; repeated quotes require valid offsets
2026-10-02 13:01:46,788 - INFO - HTTP Request: POST https://zyapi.tuluo.top:8888/v1/chat/completions "HTTP/1.1 200 OK"
2026-10-02 13:01:46,789 - WARNING - Invalid response, attempt=104: Quote must exist exactly; repeated quotes require valid offsets
2026-10-02 13:02:21,091 - INFO - HTTP Request: POST https://zyapi.tuluo.top:8888/v1/chat/completions "HTTP/1.1 200 OK"
2026-10-02 13:02:21,093 - WARNING - Invalid response, attempt=105: Quote must exist exactly; repeated quotes require valid offsets
2026-10-02 13:02:54,878 - INFO - HTTP Request: POST https://zyapi.tuluo.top:8888/v1/chat/completions "HTTP/1.1 200 OK"
2026-10-02 13:02:54,879 - WARNING - Invalid response, attempt=106: Quote must exist exactly; repeated quotes require valid offsets
2026-10-02 13:03:27,985 - INFO - HTTP Request: POST https://zyapi.tuluo.top:8888/v1/chat/completions "HTTP/1.1 200 OK"
2026-10-02 13:03:27,987 - WARNING - Invalid response, attempt=107: Quote must exist exactly; repeated quotes require valid offsets
2026-10-02 13:04:02,084 - INFO - HTTP Request: POST https://zyapi.tuluo.top:8888/v1/chat/completions "HTTP/1.1 200 OK"
2026-10-02 13:04:02,085 - WARNING - Invalid response, attempt=108: Quote must exist exactly; repeated quotes require valid offsets
2026-10-02 13:04:36,372 - INFO - HTTP Request: POST https://zyapi.tuluo.top:8888/v1/chat/completions "HTTP/1.1 200 OK"
2026-10-02 13:04:36,374 - WARNING - Invalid response, attempt=109: Quote must exist exactly; repeated quotes require valid offsets
2026-10-02 13:05:10,843 - INFO - HTTP Request: POST https://zyapi.tuluo.top:8888/v1/chat/completions "HTTP/1.1 200 OK"
2026-10-02 13:05:10,845 - WARNING - Invalid response, attempt=110: Quote must exist exactly; repeated quotes require valid offsets
2026-10-02 13:05:44,895 - INFO - HTTP Request: POST https://zyapi.tuluo.top:8888/v1/chat/completions "HTTP/1.1 200 OK"
2026-10-02 13:05:44,897 - WARNING - Invalid response, attempt=111: Quote must exist exactly; repeated quotes require valid offsets
2026-10-02 13:06:18,062 - INFO - HTTP Request: POST https://zyapi.tuluo.top:8888/v1/chat/completions "HTTP/1.1 200 OK"
2026-10-02 13:06:18,063 - WARNING - Invalid response, attempt=112: Quote must exist exactly; repeated quotes require valid offsets
2026-10-02 13:06:50,933 - INFO - HTTP Request: POST https://zyapi.tuluo.top:8888/v1/chat/completions "HTTP/1.1 200 OK"
2026-10-02 13:06:50,934 - WARNING - Invalid response, attempt=113: Quote must exist exactly; repeated quotes require valid offsets
2026-10-02 13:07:24,425 - INFO - HTTP Request: POST https://zyapi.tuluo.top:8888/v1/chat/completions "HTTP/1.1 200 OK"
2026-10-02 13:07:24,426 - WARNING - Invalid response, attempt=114: Quote must exist exactly; repeated quotes require valid offsets
2026-10-02 13:07:57,705 - INFO - HTTP Request: POST https://zyapi.tuluo.top:8888/v1/chat/completions "HTTP/1.1 200 OK"
2026-10-02 13:07:57,707 - WARNING - Invalid response, attempt=115: Quote must exist exactly; repeated quotes require valid offsets
2026-10-02 13:08:32,056 - INFO - HTTP Request: POST https://zyapi.tuluo.top:8888/v1/chat/completions "HTTP/1.1 200 OK"
2026-10-02 13:08:32,058 - WARNING - Invalid response, attempt=116: Quote must exist exactly; repeated quotes require valid offsets
2026-10-02 13:09:05,706 - INFO - HTTP Request: POST https://zyapi.tuluo.top:8888/v1/chat/completions "HTTP/1.1 200 OK"
2026-10-02 13:09:05,708 - WARNING - Invalid response, attempt=117: Quote must exist exactly; repeated quotes require valid offsets
2026-10-02 13:09:38,883 - INFO - HTTP Request: POST https://zyapi.tuluo.top:8888/v1/chat/completions "HTTP/1.1 200 OK"
2026-10-02 13:09:38,884 - WARNING - Invalid response, attempt=118: Quote must exist exactly; repeated quotes require valid offsets
2026-10-02 13:10:15,653 - INFO - HTTP Request: POST https://zyapi.tuluo.top:8888/v1/chat/completions "HTTP/1.1 200 OK"
2026-10-02 13:10:15,655 - WARNING - Invalid response, attempt=119: Quote must exist exactly; repeated quotes require valid offsets
2026-10-02 13:10:49,132 - INFO - HTTP Request: POST https://zyapi.tuluo.top:8888/v1/chat/completions "HTTP/1.1 200 OK"
2026-10-02 13:10:49,133 - WARNING - Invalid response, attempt=120: Quote must exist exactly; repeated quotes require valid offsets
2026-10-02 13:11:22,513 - INFO - HTTP Request: POST https://zyapi.tuluo.top:8888/v1/chat/completions "HTTP/1.1 200 OK"
2026-10-02 13:11:22,515 - WARNING - Invalid response, attempt=121: Quote must exist exactly; repeated quotes require valid offsets
2026-10-02 13:11:56,101 - INFO - HTTP Request: POST https://zyapi.tuluo.top:8888/v1/chat/completions "HTTP/1.1 200 OK"
2026-10-02 13:11:56,103 - WARNING - Invalid response, attempt=122: Quote must exist exactly; repeated quotes require valid offsets
2026-10-02 13:12:29,647 - INFO - HTTP Request: POST https://zyapi.tuluo.top:8888/v1/chat/completions "HTTP/1.1 200 OK"
2026-10-02 13:12:29,649 - WARNING - Invalid response, attempt=123: Quote must exist exactly; repeated quotes require valid offsets
2026-10-02 13:13:03,790 - INFO - HTTP Request: POST https://zyapi.tuluo.top:8888/v1/chat/completions "HTTP/1.1 200 OK"
2026-10-02 13:13:03,791 - WARNING - Invalid response, attempt=124: Quote must exist exactly; repeated quotes require valid offsets
2026-10-02 13:13:38,496 - INFO - HTTP Request: POST https://zyapi.tuluo.top:8888/v1/chat/completions "HTTP/1.1 200 OK"
2026-10-02 13:13:38,498 - WARNING - Invalid response, attempt=125: Quote must exist exactly; repeated quotes require valid offsets
2026-10-02 13:14:11,887 - INFO - HTTP Request: POST https://zyapi.tuluo.top:8888/v1/chat/completions "HTTP/1.1 200 OK"
2026-10-02 13:14:11,889 - WARNING - Invalid response, attempt=126: Quote must exist exactly; repeated quotes require valid offsets
2026-10-02 13:14:45,371 - INFO - HTTP Request: POST https://zyapi.tuluo.top:8888/v1/chat/completions "HTTP/1.1 200 OK"
2026-10-02 13:14:45,373 - WARNING - Invalid response, attempt=127: Quote must exist exactly; repeated quotes require valid offsets
2026-10-02 13:15:18,789 - INFO - HTTP Request: POST https://zyapi.tuluo.top:8888/v1/chat/completions "HTTP/1.1 200 OK"
2026-10-02 13:15:18,791 - WARNING - Invalid response, attempt=128: Quote must exist exactly; repeated quotes require valid offsets
2026-10-02 13:15:52,138 - INFO - HTTP Request: POST https://zyapi.tuluo.top:8888/v1/chat/completions "HTTP/1.1 200 OK"
2026-10-02 13:15:52,139 - WARNING - Invalid response, attempt=129: Quote must exist exactly; repeated quotes require valid offsets
2026-10-02 13:16:25,241 - INFO - HTTP Request: POST https://zyapi.tuluo.top:8888/v1/chat/completions "HTTP/1.1 200 OK"
2026-10-02 13:16:25,243 - WARNING - Invalid response, attempt=130: Quote must exist exactly; repeated quotes require valid offsets
2026-10-02 13:17:00,136 - INFO - HTTP Request: POST https://zyapi.tuluo.top:8888/v1/chat/completions "HTTP/1.1 200 OK"
2026-10-02 13:17:00,137 - WARNING - Invalid response, attempt=131: Quote must exist exactly; repeated quotes require valid offsets
2026-10-02 13:17:34,643 - INFO - HTTP Request: POST https://zyapi.tuluo.top:8888/v1/chat/completions "HTTP/1.1 200 OK"
2026-10-02 13:17:34,645 - WARNING - Invalid response, attempt=132: Quote must exist exactly; repeated quotes require valid offsets
2026-10-02 13:18:08,155 - INFO - HTTP Request: POST https://zyapi.tuluo.top:8888/v1/chat/completions "HTTP/1.1 200 OK"
2026-10-02 13:18:08,157 - WARNING - Invalid response, attempt=133: Quote must exist exactly; repeated quotes require valid offsets
2026-10-02 13:18:41,660 - INFO - HTTP Request: POST https://zyapi.tuluo.top:8888/v1/chat/completions "HTTP/1.1 200 OK"
2026-10-02 13:18:41,662 - WARNING - Invalid response, attempt=134: Quote must exist exactly; repeated quotes require valid offsets
2026-10-02 13:19:15,454 - INFO - HTTP Request: POST https://zyapi.tuluo.top:8888/v1/chat/completions "HTTP/1.1 200 OK"
2026-10-02 13:19:15,456 - WARNING - Invalid response, attempt=135: Quote must exist exactly; repeated quotes require valid offsets
2026-10-02 13:19:48,735 - INFO - HTTP Request: POST https://zyapi.tuluo.top:8888/v1/chat/completions "HTTP/1.1 200 OK"
2026-10-02 13:19:48,737 - WARNING - Invalid response, attempt=136: Quote must exist exactly; repeated quotes require valid offsets
2026-10-02 13:20:22,219 - INFO - HTTP Request: POST https://zyapi.tuluo.top:8888/v1/chat/completions "HTTP/1.1 200 OK"
2026-10-02 13:20:22,221 - WARNING - Invalid response, attempt=137: Quote must exist exactly; repeated quotes require valid offsets
2026-10-02 13:20:55,432 - INFO - HTTP Request: POST https://zyapi.tuluo.top:8888/v1/chat/completions "HTTP/1.1 200 OK"
2026-10-02 13:20:55,433 - WARNING - Invalid response, attempt=138: Quote must exist exactly; repeated quotes require valid offsets
2026-10-02 13:21:28,472 - INFO - HTTP Request: POST https://zyapi.tuluo.top:8888/v1/chat/completions "HTTP/1.1 200 OK"
2026-10-02 13:21:28,474 - WARNING - Invalid response, attempt=139: Quote must exist exactly; repeated quotes require valid offsets
2026-10-02 13:22:03,596 - INFO - HTTP Request: POST https://zyapi.tuluo.top:8888/v1/chat/completions "HTTP/1.1 200 OK"
2026-10-02 13:22:03,597 - WARNING - Invalid response, attempt=140: Quote must exist exactly; repeated quotes require valid offsets
2026-10-02 13:22:37,298 - INFO - HTTP Request: POST https://zyapi.tuluo.top:8888/v1/chat/completions "HTTP/1.1 200 OK"
2026-10-02 13:22:37,300 - WARNING - Invalid response, attempt=141: Quote must exist exactly; repeated quotes require valid offsets
2026-10-02 13:23:11,461 - INFO - HTTP Request: POST https://zyapi.tuluo.top:8888/v1/chat/completions "HTTP/1.1 200 OK"
2026-10-02 13:23:11,463 - WARNING - Invalid response, attempt=142: Quote must exist exactly; repeated quotes require valid offsets
2026-10-02 13:23:45,225 - INFO - HTTP Request: POST https://zyapi.tuluo.top:8888/v1/chat/completions "HTTP/1.1 200 OK"
2026-10-02 13:23:45,227 - WARNING - Invalid response, attempt=143: Quote must exist exactly; repeated quotes require valid offsets
2026-10-02 13:24:18,356 - INFO - HTTP Request: POST https://zyapi.tuluo.top:8888/v1/chat/completions "HTTP/1.1 200 OK"
2026-10-02 13:24:18,358 - WARNING - Invalid response, attempt=144: Quote must exist exactly; repeated quotes require valid offsets
2026-10-02 13:24:51,737 - INFO - HTTP Request: POST https://zyapi.tuluo.top:8888/v1/chat/completions "HTTP/1.1 200 OK"
2026-10-02 13:24:51,739 - WARNING - Invalid response, attempt=145: Quote must exist exactly; repeated quotes require valid offsets
2026-10-02 13:25:24,607 - INFO - HTTP Request: POST https://zyapi.tuluo.top:8888/v1/chat/completions "HTTP/1.1 200 OK"
2026-10-02 13:25:24,608 - WARNING - Invalid response, attempt=146: Quote must exist exactly; repeated quotes require valid offsets
2026-10-02 13:25:58,196 - INFO - HTTP Request: POST https://zyapi.tuluo.top:8888/v1/chat/completions "HTTP/1.1 200 OK"
2026-10-02 13:25:58,197 - WARNING - Invalid response, attempt=147: Quote must exist exactly; repeated quotes require valid offsets
2026-10-02 13:26:31,681 - INFO - HTTP Request: POST https://zyapi.tuluo.top:8888/v1/chat/completions "HTTP/1.1 200 OK"
2026-10-02 13:26:31,682 - WARNING - Invalid response, attempt=148: Quote must exist exactly; repeated quotes require valid offsets
2026-10-02 13:27:05,176 - INFO - HTTP Request: POST https://zyapi.tuluo.top:8888/v1/chat/completions "HTTP/1.1 200 OK"
2026-10-02 13:27:05,178 - WARNING - Invalid response, attempt=149: Quote must exist exactly; repeated quotes require valid offsets
2026-10-02 13:27:38,242 - INFO - HTTP Request: POST https://zyapi.tuluo.top:8888/v1/chat/completions "HTTP/1.1 200 OK"
2026-10-02 13:27:38,244 - WARNING - Invalid response, attempt=150: Quote must exist exactly; repeated quotes require valid offsets
2026-10-02 13:28:32,514 - INFO - HTTP Request: POST https://zyapi.tuluo.top:8888/v1/chat/completions "HTTP/1.1 200 OK"
2026-10-02 13:28:32,516 - WARNING - Invalid response, attempt=151: Quote must exist exactly; repeated quotes require valid offsets
2026-10-02 13:29:06,281 - INFO - HTTP Request: POST https://zyapi.tuluo.top:8888/v1/chat/completions "HTTP/1.1 200 OK"
2026-10-02 13:29:06,283 - WARNING - Invalid response, attempt=152: Quote must exist exactly; repeated quotes require valid offsets
2026-10-02 13:29:39,586 - INFO - HTTP Request: POST https://zyapi.tuluo.top:8888/v1/chat/completions "HTTP/1.1 200 OK"
2026-10-02 13:29:39,588 - WARNING - Invalid response, attempt=153: Quote must exist exactly; repeated quotes require valid offsets
2026-10-02 13:30:13,071 - INFO - HTTP Request: POST https://zyapi.tuluo.top:8888/v1/chat/completions "HTTP/1.1 200 OK"
2026-10-02 13:30:13,073 - WARNING - Invalid response, attempt=154: Quote must exist exactly; repeated quotes require valid offsets
2026-10-02 13:30:46,534 - INFO - HTTP Request: POST https://zyapi.tuluo.top:8888/v1/chat/completions "HTTP/1.1 200 OK"
2026-10-02 13:30:46,535 - WARNING - Invalid response, attempt=155: Quote must exist exactly; repeated quotes require valid offsets
2026-10-02 13:31:20,177 - INFO - HTTP Request: POST https://zyapi.tuluo.top:8888/v1/chat/completions "HTTP/1.1 200 OK"
2026-10-02 13:31:20,179 - WARNING - Invalid response, attempt=156: Quote must exist exactly; repeated quotes require valid offsets
2026-10-02 13:31:56,804 - INFO - HTTP Request: POST https://zyapi.tuluo.top:8888/v1/chat/completions "HTTP/1.1 200 OK"
2026-10-02 13:31:56,805 - WARNING - Invalid response, attempt=157: Quote must exist exactly; repeated quotes require valid offsets
2026-10-02 13:32:30,397 - INFO - HTTP Request: POST https://zyapi.tuluo.top:8888/v1/chat/completions "HTTP/1.1 200 OK"
2026-10-02 13:32:30,398 - WARNING - Invalid response, attempt=158: Quote must exist exactly; repeated quotes require valid offsets
2026-10-02 13:33:04,697 - INFO - HTTP Request: POST https://zyapi.tuluo.top:8888/v1/chat/completions "HTTP/1.1 200 OK"
2026-10-02 13:33:04,698 - WARNING - Invalid response, attempt=159: Quote must exist exactly; repeated quotes require valid offsets
2026-10-02 13:33:37,581 - INFO - HTTP Request: POST https://zyapi.tuluo.top:8888/v1/chat/completions "HTTP/1.1 200 OK"
2026-10-02 13:33:37,582 - WARNING - Invalid response, attempt=160: Quote must exist exactly; repeated quotes require valid offsets
2026-10-02 13:34:11,051 - INFO - HTTP Request: POST https://zyapi.tuluo.top:8888/v1/chat/completions "HTTP/1.1 200 OK"
2026-10-02 13:34:11,053 - WARNING - Invalid response, attempt=161: Quote must exist exactly; repeated quotes require valid offsets
2026-10-02 13:34:43,968 - INFO - HTTP Request: POST https://zyapi.tuluo.top:8888/v1/chat/completions "HTTP/1.1 200 OK"
2026-10-02 13:34:43,970 - WARNING - Invalid response, attempt=162: Quote must exist exactly; repeated quotes require valid offsets
2026-10-02 13:35:17,408 - INFO - HTTP Request: POST https://zyapi.tuluo.top:8888/v1/chat/completions "HTTP/1.1 200 OK"
2026-10-02 13:35:17,409 - WARNING - Invalid response, attempt=163: Quote must exist exactly; repeated quotes require valid offsets
2026-10-02 13:35:50,509 - INFO - HTTP Request: POST https://zyapi.tuluo.top:8888/v1/chat/completions "HTTP/1.1 200 OK"
2026-10-02 13:35:50,511 - WARNING - Invalid response, attempt=164: Quote must exist exactly; repeated quotes require valid offsets
2026-10-02 13:36:24,787 - INFO - HTTP Request: POST https://zyapi.tuluo.top:8888/v1/chat/completions "HTTP/1.1 200 OK"
2026-10-02 13:36:24,788 - WARNING - Invalid response, attempt=165: Quote must exist exactly; repeated quotes require valid offsets
2026-10-02 13:36:57,928 - INFO - HTTP Request: POST https://zyapi.tuluo.top:8888/v1/chat/completions "HTTP/1.1 200 OK"
2026-10-02 13:36:57,930 - WARNING - Invalid response, attempt=166: Quote must exist exactly; repeated quotes require valid offsets
2026-10-02 13:37:32,679 - INFO - HTTP Request: POST https://zyapi.tuluo.top:8888/v1/chat/completions "HTTP/1.1 200 OK"
2026-10-02 13:37:32,681 - WARNING - Invalid response, attempt=167: Quote must exist exactly; repeated quotes require valid offsets
2026-10-02 13:38:06,143 - INFO - HTTP Request: POST https://zyapi.tuluo.top:8888/v1/chat/completions "HTTP/1.1 200 OK"
2026-10-02 13:38:06,145 - WARNING - Invalid response, attempt=168: Quote must exist exactly; repeated quotes require valid offsets
2026-10-02 13:38:40,808 - INFO - HTTP Request: POST https://zyapi.tuluo.top:8888/v1/chat/completions "HTTP/1.1 200 OK"
2026-10-02 13:38:40,810 - WARNING - Invalid response, attempt=169: Quote must exist exactly; repeated quotes require valid offsets
2026-10-02 13:39:14,826 - INFO - HTTP Request: POST https://zyapi.tuluo.top:8888/v1/chat/completions "HTTP/1.1 200 OK"
2026-10-02 13:39:14,830 - WARNING - Invalid response, attempt=170: Quote must exist exactly; repeated quotes require valid offsets
2026-10-02 13:39:49,568 - INFO - HTTP Request: POST https://zyapi.tuluo.top:8888/v1/chat/completions "HTTP/1.1 200 OK"
2026-10-02 13:39:49,570 - WARNING - Invalid response, attempt=171: Quote must exist exactly; repeated quotes require valid offsets
2026-10-02 13:40:22,847 - INFO - HTTP Request: POST https://zyapi.tuluo.top:8888/v1/chat/completions "HTTP/1.1 200 OK"
2026-10-02 13:40:22,850 - WARNING - Invalid response, attempt=172: Quote must exist exactly; repeated quotes require valid offsets
2026-10-02 13:40:56,216 - INFO - HTTP Request: POST https://zyapi.tuluo.top:8888/v1/chat/completions "HTTP/1.1 200 OK"
2026-10-02 13:40:56,218 - WARNING - Invalid response, attempt=173: Quote must exist exactly; repeated quotes require valid offsets
2026-10-02 13:41:30,821 - INFO - HTTP Request: POST https://zyapi.tuluo.top:8888/v1/chat/completions "HTTP/1.1 200 OK"
2026-10-02 13:41:30,823 - WARNING - Invalid response, attempt=174: Quote must exist exactly; repeated quotes require valid offsets
2026-10-02 13:42:04,590 - INFO - HTTP Request: POST https://zyapi.tuluo.top:8888/v1/chat/completions "HTTP/1.1 200 OK"
2026-10-02 13:42:04,591 - WARNING - Invalid response, attempt=175: Quote must exist exactly; repeated quotes require valid offsets
2026-10-02 13:42:38,463 - INFO - HTTP Request: POST https://zyapi.tuluo.top:8888/v1/chat/completions "HTTP/1.1 200 OK"
2026-10-02 13:42:38,464 - WARNING - Invalid response, attempt=176: Quote must exist exactly; repeated quotes require valid offsets
2026-10-02 13:43:12,548 - INFO - HTTP Request: POST https://zyapi.tuluo.top:8888/v1/chat/completions "HTTP/1.1 200 OK"
2026-10-02 13:43:12,550 - WARNING - Invalid response, attempt=177: Quote must exist exactly; repeated quotes require valid offsets
2026-10-02 13:43:46,442 - INFO - HTTP Request: POST https://zyapi.tuluo.top:8888/v1/chat/completions "HTTP/1.1 200 OK"
2026-10-02 13:43:46,444 - WARNING - Invalid response, attempt=178: Quote must exist exactly; repeated quotes require valid offsets
2026-10-02 13:44:21,667 - INFO - HTTP Request: POST https://zyapi.tuluo.top:8888/v1/chat/completions "HTTP/1.1 200 OK"
2026-10-02 13:44:21,669 - WARNING - Invalid response, attempt=179: Quote must exist exactly; repeated quotes require valid offsets
2026-10-02 13:44:55,767 - INFO - HTTP Request: POST https://zyapi.tuluo.top:8888/v1/chat/completions "HTTP/1.1 200 OK"
2026-10-02 13:44:55,769 - WARNING - Invalid response, attempt=180: Quote must exist exactly; repeated quotes require valid offsets
2026-10-02 13:45:29,871 - INFO - HTTP Request: POST https://zyapi.tuluo.top:8888/v1/chat/completions "HTTP/1.1 200 OK"
2026-10-02 13:45:29,873 - WARNING - Invalid response, attempt=181: Quote must exist exactly; repeated quotes require valid offsets
2026-10-02 13:46:03,249 - INFO - HTTP Request: POST https://zyapi.tuluo.top:8888/v1/chat/completions "HTTP/1.1 200 OK"
2026-10-02 13:46:03,251 - WARNING - Invalid response, attempt=182: Quote must exist exactly; repeated quotes require valid offsets
2026-10-02 13:46:36,833 - INFO - HTTP Request: POST https://zyapi.tuluo.top:8888/v1/chat/completions "HTTP/1.1 200 OK"
2026-10-02 13:46:36,834 - WARNING - Invalid response, attempt=183: Quote must exist exactly; repeated quotes require valid offsets
2026-10-02 13:47:10,527 - INFO - HTTP Request: POST https://zyapi.tuluo.top:8888/v1/chat/completions "HTTP/1.1 200 OK"
2026-10-02 13:47:10,528 - WARNING - Invalid response, attempt=184: Quote must exist exactly; repeated quotes require valid offsets
2026-10-02 13:47:45,009 - INFO - HTTP Request: POST https://zyapi.tuluo.top:8888/v1/chat/completions "HTTP/1.1 200 OK"
2026-10-02 13:47:45,011 - WARNING - Invalid response, attempt=185: Quote must exist exactly; repeated quotes require valid offsets
2026-10-02 13:48:18,662 - INFO - HTTP Request: POST https://zyapi.tuluo.top:8888/v1/chat/completions "HTTP/1.1 200 OK"
2026-10-02 13:48:18,664 - WARNING - Invalid response, attempt=186: Quote must exist exactly; repeated quotes require valid offsets
2026-10-02 13:48:52,213 - INFO - HTTP Request: POST https://zyapi.tuluo.top:8888/v1/chat/completions "HTTP/1.1 200 OK"
2026-10-02 13:48:52,214 - WARNING - Invalid response, attempt=187: Quote must exist exactly; repeated quotes require valid offsets
2026-10-02 13:49:25,847 - INFO - HTTP Request: POST https://zyapi.tuluo.top:8888/v1/chat/completions "HTTP/1.1 200 OK"
2026-10-02 13:49:25,848 - WARNING - Invalid response, attempt=188: Quote must exist exactly; repeated quotes require valid offsets
2026-10-02 13:49:59,270 - INFO - HTTP Request: POST https://zyapi.tuluo.top:8888/v1/chat/completions "HTTP/1.1 200 OK"
2026-10-02 13:49:59,271 - WARNING - Invalid response, attempt=189: Quote must exist exactly; repeated quotes require valid offsets
2026-10-02 13:50:33,648 - INFO - HTTP Request: POST https://zyapi.tuluo.top:8888/v1/chat/completions "HTTP/1.1 200 OK"
2026-10-02 13:50:33,650 - WARNING - Invalid response, attempt=190: Quote must exist exactly; repeated quotes require valid offsets
2026-10-02 13:51:06,974 - INFO - HTTP Request: POST https://zyapi.tuluo.top:8888/v1/chat/completions "HTTP/1.1 200 OK"
2026-10-02 13:51:06,976 - WARNING - Invalid response, attempt=191: Quote must exist exactly; repeated quotes require valid offsets
2026-10-02 13:51:40,558 - INFO - HTTP Request: POST https://zyapi.tuluo.top:8888/v1/chat/completions "HTTP/1.1 200 OK"
2026-10-02 13:51:40,559 - WARNING - Invalid response, attempt=192: Quote must exist exactly; repeated quotes require valid offsets
2026-10-02 13:52:13,531 - INFO - HTTP Request: POST https://zyapi.tuluo.top:8888/v1/chat/completions "HTTP/1.1 200 OK"
2026-10-02 13:52:13,532 - WARNING - Invalid response, attempt=193: Quote must exist exactly; repeated quotes require valid offsets
2026-10-02 13:52:47,050 - INFO - HTTP Request: POST https://zyapi.tuluo.top:8888/v1/chat/completions "HTTP/1.1 200 OK"
2026-10-02 13:52:47,052 - WARNING - Invalid response, attempt=194: Quote must exist exactly; repeated quotes require valid offsets
2026-10-02 13:53:20,512 - INFO - HTTP Request: POST https://zyapi.tuluo.top:8888/v1/chat/completions "HTTP/1.1 200 OK"
2026-10-02 13:53:20,514 - WARNING - Invalid response, attempt=195: Quote must exist exactly; repeated quotes require valid offsets
2026-10-02 13:53:54,193 - INFO - HTTP Request: POST https://zyapi.tuluo.top:8888/v1/chat/completions "HTTP/1.1 200 OK"
2026-10-02 13:53:54,195 - WARNING - Invalid response, attempt=196: Quote must exist exactly; repeated quotes require valid offsets
2026-10-02 13:54:28,937 - INFO - HTTP Request: POST https://zyapi.tuluo.top:8888/v1/chat/completions "HTTP/1.1 200 OK"
2026-10-02 13:54:28,939 - WARNING - Invalid response, attempt=197: Quote must exist exactly; repeated quotes require valid offsets
2026-10-02 13:55:03,676 - INFO - HTTP Request: POST https://zyapi.tuluo.top:8888/v1/chat/completions "HTTP/1.1 200 OK"
2026-10-02 13:55:03,678 - WARNING - Invalid response, attempt=198: Quote must exist exactly; repeated quotes require valid offsets
2026-10-02 13:55:37,114 - INFO - HTTP Request: POST https://zyapi.tuluo.top:8888/v1/chat/completions "HTTP/1.1 200 OK"
2026-10-02 13:55:37,116 - WARNING - Invalid response, attempt=199: Quote must exist exactly; repeated quotes require valid offsets
2026-10-02 13:56:10,796 - INFO - HTTP Request: POST https://zyapi.tuluo.top:8888/v1/chat/completions "HTTP/1.1 200 OK"
2026-10-02 13:56:10,797 - WARNING - Invalid response, attempt=200: Quote must exist exactly; repeated quotes require valid offsets
2026-10-02 13:56:44,076 - INFO - HTTP Request: POST https://zyapi.tuluo.top:8888/v1/chat/completions "HTTP/1.1 200 OK"
2026-10-02 13:56:44,078 - WARNING - Invalid response, attempt=201: Quote must exist exactly; repeated quotes require valid offsets
2026-10-02 13:57:17,868 - INFO - HTTP Request: POST https://zyapi.tuluo.top:8888/v1/chat/completions "HTTP/1.1 200 OK"
2026-10-02 13:57:17,870 - WARNING - Invalid response, attempt=202: Quote must exist exactly; repeated quotes require valid offsets
2026-10-02 13:57:51,302 - INFO - HTTP Request: POST https://zyapi.tuluo.top:8888/v1/chat/completions "HTTP/1.1 200 OK"
2026-10-02 13:57:51,304 - WARNING - Invalid response, attempt=203: Quote must exist exactly; repeated quotes require valid offsets
2026-10-02 13:58:25,349 - INFO - HTTP Request: POST https://zyapi.tuluo.top:8888/v1/chat/completions "HTTP/1.1 200 OK"
2026-10-02 13:58:25,351 - WARNING - Invalid response, attempt=204: Quote must exist exactly; repeated quotes require valid offsets
2026-10-02 13:58:59,013 - INFO - HTTP Request: POST https://zyapi.tuluo.top:8888/v1/chat/completions "HTTP/1.1 200 OK"
2026-10-02 13:58:59,015 - WARNING - Invalid response, attempt=205: Quote must exist exactly; repeated quotes require valid offsets
2026-10-02 13:59:31,922 - INFO - HTTP Request: POST https://zyapi.tuluo.top:8888/v1/chat/completions "HTTP/1.1 200 OK"
2026-10-02 13:59:31,922 - WARNING - Invalid response, attempt=206: Quote must exist exactly; repeated quotes require valid offsets
2026-10-02 14:00:06,338 - INFO - HTTP Request: POST https://zyapi.tuluo.top:8888/v1/chat/completions "HTTP/1.1 200 OK"
2026-10-02 14:00:06,340 - WARNING - Invalid response, attempt=207: Quote must exist exactly; repeated quotes require valid offsets
2026-10-02 14:00:39,701 - INFO - HTTP Request: POST https://zyapi.tuluo.top:8888/v1/chat/completions "HTTP/1.1 200 OK"
2026-10-02 14:00:39,703 - WARNING - Invalid response, attempt=208: Quote must exist exactly; repeated quotes require valid offsets
2026-10-02 14:01:13,082 - INFO - HTTP Request: POST https://zyapi.tuluo.top:8888/v1/chat/completions "HTTP/1.1 200 OK"
2026-10-02 14:01:13,084 - WARNING - Invalid response, attempt=209: Quote must exist exactly; repeated quotes require valid offsets
2026-10-02 14:01:46,597 - INFO - HTTP Request: POST https://zyapi.tuluo.top:8888/v1/chat/completions "HTTP/1.1 200 OK"
2026-10-02 14:01:46,599 - WARNING - Invalid response, attempt=210: Quote must exist exactly; repeated quotes require valid offsets
2026-10-02 14:02:21,692 - INFO - HTTP Request: POST https://zyapi.tuluo.top:8888/v1/chat/completions "HTTP/1.1 200 OK"
2026-10-02 14:02:21,693 - WARNING - Invalid response, attempt=211: Quote must exist exactly; repeated quotes require valid offsets
2026-10-02 14:02:56,174 - INFO - HTTP Request: POST https://zyapi.tuluo.top:8888/v1/chat/completions "HTTP/1.1 200 OK"
2026-10-02 14:02:56,175 - WARNING - Invalid response, attempt=212: Quote must exist exactly; repeated quotes require valid offsets
2026-10-02 14:03:29,166 - INFO - HTTP Request: POST https://zyapi.tuluo.top:8888/v1/chat/completions "HTTP/1.1 200 OK"
2026-10-02 14:03:29,167 - WARNING - Invalid response, attempt=213: Quote must exist exactly; repeated quotes require valid offsets
2026-10-02 14:04:05,629 - INFO - HTTP Request: POST https://zyapi.tuluo.top:8888/v1/chat/completions "HTTP/1.1 200 OK"
2026-10-02 14:04:05,631 - WARNING - Invalid response, attempt=214: Quote must exist exactly; repeated quotes require valid offsets
2026-10-02 14:04:40,238 - INFO - HTTP Request: POST https://zyapi.tuluo.top:8888/v1/chat/completions "HTTP/1.1 200 OK"
2026-10-02 14:04:40,240 - WARNING - Invalid response, attempt=215: Quote must exist exactly; repeated quotes require valid offsets
2026-10-02 14:05:13,615 - INFO - HTTP Request: POST https://zyapi.tuluo.top:8888/v1/chat/completions "HTTP/1.1 200 OK"
2026-10-02 14:05:13,617 - WARNING - Invalid response, attempt=216: Quote must exist exactly; repeated quotes require valid offsets
2026-10-02 14:05:47,209 - INFO - HTTP Request: POST https://zyapi.tuluo.top:8888/v1/chat/completions "HTTP/1.1 200 OK"
2026-10-02 14:05:47,210 - WARNING - Invalid response, attempt=217: Quote must exist exactly; repeated quotes require valid offsets
2026-10-02 14:06:20,983 - INFO - HTTP Request: POST https://zyapi.tuluo.top:8888/v1/chat/completions "HTTP/1.1 200 OK"
2026-10-02 14:06:20,984 - WARNING - Invalid response, attempt=218: Quote must exist exactly; repeated quotes require valid offsets
2026-10-02 14:06:54,834 - INFO - HTTP Request: POST https://zyapi.tuluo.top:8888/v1/chat/completions "HTTP/1.1 200 OK"
2026-10-02 14:06:54,836 - WARNING - Invalid response, attempt=219: Quote must exist exactly; repeated quotes require valid offsets
2026-10-02 14:07:28,675 - INFO - HTTP Request: POST https://zyapi.tuluo.top:8888/v1/chat/completions "HTTP/1.1 200 OK"
2026-10-02 14:07:28,677 - WARNING - Invalid response, attempt=220: Quote must exist exactly; repeated quotes require valid offsets
2026-10-02 14:08:02,228 - INFO - HTTP Request: POST https://zyapi.tuluo.top:8888/v1/chat/completions "HTTP/1.1 200 OK"
2026-10-02 14:08:02,229 - WARNING - Invalid response, attempt=221: Quote must exist exactly; repeated quotes require valid offsets
2026-10-02 14:08:34,978 - INFO - HTTP Request: POST https://zyapi.tuluo.top:8888/v1/chat/completions "HTTP/1.1 200 OK"
2026-10-02 14:08:34,980 - WARNING - Invalid response, attempt=222: Quote must exist exactly; repeated quotes require valid offsets
2026-10-02 14:09:08,630 - INFO - HTTP Request: POST https://zyapi.tuluo.top:8888/v1/chat/completions "HTTP/1.1 200 OK"
2026-10-02 14:09:08,669 - WARNING - Invalid response, attempt=223: Quote must exist exactly; repeated quotes require valid offsets
2026-10-02 14:09:42,232 - INFO - HTTP Request: POST https://zyapi.tuluo.top:8888/v1/chat/completions "HTTP/1.1 200 OK"
2026-10-02 14:09:42,234 - WARNING - Invalid response, attempt=224: Quote must exist exactly; repeated quotes require valid offsets
2026-10-02 14:10:16,375 - INFO - HTTP Request: POST https://zyapi.tuluo.top:8888/v1/chat/completions "HTTP/1.1 200 OK"
2026-10-02 14:10:16,377 - WARNING - Invalid response, attempt=225: Quote must exist exactly; repeated quotes require valid offsets
2026-10-02 14:10:49,749 - INFO - HTTP Request: POST https://zyapi.tuluo.top:8888/v1/chat/completions "HTTP/1.1 200 OK"
2026-10-02 14:10:49,750 - WARNING - Invalid response, attempt=226: Quote must exist exactly; repeated quotes require valid offsets
2026-10-02 14:11:24,677 - INFO - HTTP Request: POST https://zyapi.tuluo.top:8888/v1/chat/completions "HTTP/1.1 200 OK"
2026-10-02 14:11:24,679 - WARNING - Invalid response, attempt=227: Quote must exist exactly; repeated quotes require valid offsets
2026-10-02 14:11:57,649 - INFO - HTTP Request: POST https://zyapi.tuluo.top:8888/v1/chat/completions "HTTP/1.1 200 OK"
2026-10-02 14:11:57,650 - WARNING - Invalid response, attempt=228: Quote must exist exactly; repeated quotes require valid offsets
2026-10-02 14:12:31,442 - INFO - HTTP Request: POST https://zyapi.tuluo.top:8888/v1/chat/completions "HTTP/1.1 200 OK"
2026-10-02 14:12:31,443 - WARNING - Invalid response, attempt=229: Quote must exist exactly; repeated quotes require valid offsets
2026-10-02 14:13:05,951 - INFO - HTTP Request: POST https://zyapi.tuluo.top:8888/v1/chat/completions "HTTP/1.1 200 OK"
2026-10-02 14:13:05,953 - WARNING - Invalid response, attempt=230: Quote must exist exactly; repeated quotes require valid offsets
2026-10-02 14:13:40,360 - INFO - HTTP Request: POST https://zyapi.tuluo.top:8888/v1/chat/completions "HTTP/1.1 200 OK"
2026-10-02 14:13:40,361 - WARNING - Invalid response, attempt=231: Quote must exist exactly; repeated quotes require valid offsets
2026-10-02 14:14:13,639 - INFO - HTTP Request: POST https://zyapi.tuluo.top:8888/v1/chat/completions "HTTP/1.1 200 OK"
2026-10-02 14:14:13,640 - WARNING - Invalid response, attempt=232: Quote must exist exactly; repeated quotes require valid offsets
2026-10-02 14:14:46,817 - INFO - HTTP Request: POST https://zyapi.tuluo.top:8888/v1/chat/completions "HTTP/1.1 200 OK"
2026-10-02 14:14:46,819 - WARNING - Invalid response, attempt=233: Quote must exist exactly; repeated quotes require valid offsets
2026-10-02 14:15:20,405 - INFO - HTTP Request: POST https://zyapi.tuluo.top:8888/v1/chat/completions "HTTP/1.1 200 OK"
2026-10-02 14:15:20,407 - WARNING - Invalid response, attempt=234: Quote must exist exactly; repeated quotes require valid offsets
2026-10-02 14:15:54,208 - INFO - HTTP Request: POST https://zyapi.tuluo.top:8888/v1/chat/completions "HTTP/1.1 200 OK"
2026-10-02 14:15:54,210 - WARNING - Invalid response, attempt=235: Quote must exist exactly; repeated quotes require valid offsets
2026-10-02 14:16:27,683 - INFO - HTTP Request: POST https://zyapi.tuluo.top:8888/v1/chat/completions "HTTP/1.1 200 OK"
2026-10-02 14:16:27,685 - WARNING - Invalid response, attempt=236: Quote must exist exactly; repeated quotes require valid offsets
2026-10-02 14:17:03,726 - INFO - HTTP Request: POST https://zyapi.tuluo.top:8888/v1/chat/completions "HTTP/1.1 200 OK"
2026-10-02 14:17:03,727 - WARNING - Invalid response, attempt=237: Quote must exist exactly; repeated quotes require valid offsets
2026-10-02 14:17:39,057 - INFO - HTTP Request: POST https://zyapi.tuluo.top:8888/v1/chat/completions "HTTP/1.1 200 OK"
2026-10-02 14:17:39,058 - WARNING - Invalid response, attempt=238: Quote must exist exactly; repeated quotes require valid offsets
2026-10-02 14:18:12,740 - INFO - HTTP Request: POST https://zyapi.tuluo.top:8888/v1/chat/completions "HTTP/1.1 200 OK"
2026-10-02 14:18:12,742 - WARNING - Invalid response, attempt=239: Quote must exist exactly; repeated quotes require valid offsets
2026-10-02 14:18:46,197 - INFO - HTTP Request: POST https://zyapi.tuluo.top:8888/v1/chat/completions "HTTP/1.1 200 OK"
2026-10-02 14:18:46,199 - WARNING - Invalid response, attempt=240: Quote must exist exactly; repeated quotes require valid offsets
2026-10-02 14:19:19,469 - INFO - HTTP Request: POST https://zyapi.tuluo.top:8888/v1/chat/completions "HTTP/1.1 200 OK"
2026-10-02 14:19:19,471 - WARNING - Invalid response, attempt=241: Quote must exist exactly; repeated quotes require valid offsets
2026-10-02 14:19:53,204 - INFO - HTTP Request: POST https://zyapi.tuluo.top:8888/v1/chat/completions "HTTP/1.1 200 OK"
2026-10-02 14:19:53,205 - WARNING - Invalid response, attempt=242: Quote must exist exactly; repeated quotes require valid offsets
2026-10-02 14:20:26,694 - INFO - HTTP Request: POST https://zyapi.tuluo.top:8888/v1/chat/completions "HTTP/1.1 200 OK"
2026-10-02 14:20:26,695 - WARNING - Invalid response, attempt=243: Quote must exist exactly; repeated quotes require valid offsets
2026-10-02 14:20:59,764 - INFO - HTTP Request: POST https://zyapi.tuluo.top:8888/v1/chat/completions "HTTP/1.1 200 OK"
2026-10-02 14:20:59,766 - WARNING - Invalid response, attempt=244: Quote must exist exactly; repeated quotes require valid offsets
2026-10-02 14:21:35,093 - INFO - HTTP Request: POST https://zyapi.tuluo.top:8888/v1/chat/completions "HTTP/1.1 200 OK"
2026-10-02 14:21:35,095 - WARNING - Invalid response, attempt=245: Quote must exist exactly; repeated quotes require valid offsets
2026-10-02 14:22:27,233 - INFO - HTTP Request: POST https://zyapi.tuluo.top:8888/v1/chat/completions "HTTP/1.1 200 OK"
2026-10-02 14:22:27,234 - WARNING - Invalid response, attempt=246: Quote must exist exactly; repeated quotes require valid offsets
2026-10-02 14:23:01,689 - INFO - HTTP Request: POST https://zyapi.tuluo.top:8888/v1/chat/completions "HTTP/1.1 200 OK"
2026-10-02 14:23:01,691 - WARNING - Invalid response, attempt=247: Quote must exist exactly; repeated quotes require valid offsets
2026-10-02 14:23:34,903 - INFO - HTTP Request: POST https://zyapi.tuluo.top:8888/v1/chat/completions "HTTP/1.1 200 OK"
2026-10-02 14:23:34,905 - WARNING - Invalid response, attempt=248: Quote must exist exactly; repeated quotes require valid offsets
2026-10-02 14:24:10,436 - INFO - HTTP Request: POST https://zyapi.tuluo.top:8888/v1/chat/completions "HTTP/1.1 200 OK"
2026-10-02 14:24:10,438 - WARNING - Invalid response, attempt=249: Quote must exist exactly; repeated quotes require valid offsets
2026-10-02 14:24:43,717 - INFO - HTTP Request: POST https://zyapi.tuluo.top:8888/v1/chat/completions "HTTP/1.1 200 OK"
2026-10-02 14:24:43,721 - WARNING - Invalid response, attempt=250: Quote must exist exactly; repeated quotes require valid offsets
2026-10-02 14:25:17,203 - INFO - HTTP Request: POST https://zyapi.tuluo.top:8888/v1/chat/completions "HTTP/1.1 200 OK"
2026-10-02 14:25:17,205 - WARNING - Invalid response, attempt=251: Quote must exist exactly; repeated quotes require valid offsets
2026-10-02 14:25:51,406 - INFO - HTTP Request: POST https://zyapi.tuluo.top:8888/v1/chat/completions "HTTP/1.1 200 OK"
2026-10-02 14:25:51,408 - WARNING - Invalid response, attempt=252: Quote must exist exactly; repeated quotes require valid offsets
2026-10-02 14:26:25,403 - INFO - HTTP Request: POST https://zyapi.tuluo.top:8888/v1/chat/completions "HTTP/1.1 200 OK"
2026-10-02 14:26:25,404 - WARNING - Invalid response, attempt=253: Quote must exist exactly; repeated quotes require valid offsets
2026-10-02 14:26:58,785 - INFO - HTTP Request: POST https://zyapi.tuluo.top:8888/v1/chat/completions "HTTP/1.1 200 OK"
2026-10-02 14:26:58,787 - WARNING - Invalid response, attempt=254: Quote must exist exactly; repeated quotes require valid offsets
2026-10-02 14:27:31,990 - INFO - HTTP Request: POST https://zyapi.tuluo.top:8888/v1/chat/completions "HTTP/1.1 200 OK"
2026-10-02 14:27:31,992 - WARNING - Invalid response, attempt=255: Quote must exist exactly; repeated quotes require valid offsets
2026-10-02 14:28:05,141 - INFO - HTTP Request: POST https://zyapi.tuluo.top:8888/v1/chat/completions "HTTP/1.1 200 OK"
2026-10-02 14:28:05,143 - WARNING - Invalid response, attempt=256: Quote must exist exactly; repeated quotes require valid offsets
2026-10-02 14:28:38,934 - INFO - HTTP Request: POST https://zyapi.tuluo.top:8888/v1/chat/completions "HTTP/1.1 200 OK"
2026-10-02 14:28:38,935 - WARNING - Invalid response, attempt=257: Quote must exist exactly; repeated quotes require valid offsets
2026-10-02 14:29:12,293 - INFO - HTTP Request: POST https://zyapi.tuluo.top:8888/v1/chat/completions "HTTP/1.1 200 OK"
2026-10-02 14:29:12,294 - WARNING - Invalid response, attempt=258: Quote must exist exactly; repeated quotes require valid offsets
2026-10-02 14:29:45,932 - INFO - HTTP Request: POST https://zyapi.tuluo.top:8888/v1/chat/completions "HTTP/1.1 200 OK"
2026-10-02 14:29:45,933 - WARNING - Invalid response, attempt=259: Quote must exist exactly; repeated quotes require valid offsets
2026-10-02 14:30:18,981 - INFO - HTTP Request: POST https://zyapi.tuluo.top:8888/v1/chat/completions "HTTP/1.1 200 OK"
2026-10-02 14:30:18,983 - WARNING - Invalid response, attempt=260: Quote must exist exactly; repeated quotes require valid offsets
2026-10-02 14:30:52,159 - INFO - HTTP Request: POST https://zyapi.tuluo.top:8888/v1/chat/completions "HTTP/1.1 200 OK"
2026-10-02 14:30:52,160 - WARNING - Invalid response, attempt=261: Quote must exist exactly; repeated quotes require valid offsets
2026-10-02 14:31:25,933 - INFO - HTTP Request: POST https://zyapi.tuluo.top:8888/v1/chat/completions "HTTP/1.1 200 OK"
2026-10-02 14:31:25,935 - WARNING - Invalid response, attempt=262: Quote must exist exactly; repeated quotes require valid offsets
2026-10-02 14:31:59,949 - INFO - HTTP Request: POST https://zyapi.tuluo.top:8888/v1/chat/completions "HTTP/1.1 200 OK"
2026-10-02 14:31:59,950 - WARNING - Invalid response, attempt=263: Quote must exist exactly; repeated quotes require valid offsets
2026-10-02 14:32:33,912 - INFO - HTTP Request: POST https://zyapi.tuluo.top:8888/v1/chat/completions "HTTP/1.1 200 OK"
2026-10-02 14:32:33,916 - WARNING - Invalid response, attempt=264: Quote must exist exactly; repeated quotes require valid offsets
2026-10-02 14:33:07,302 - INFO - HTTP Request: POST https://zyapi.tuluo.top:8888/v1/chat/completions "HTTP/1.1 200 OK"
2026-10-02 14:33:07,306 - WARNING - Invalid response, attempt=265: Quote must exist exactly; repeated quotes require valid offsets
2026-10-02 14:33:41,431 - INFO - HTTP Request: POST https://zyapi.tuluo.top:8888/v1/chat/completions "HTTP/1.1 200 OK"
2026-10-02 14:33:41,432 - WARNING - Invalid response, attempt=266: Quote must exist exactly; repeated quotes require valid offsets
2026-10-02 14:34:15,694 - INFO - HTTP Request: POST https://zyapi.tuluo.top:8888/v1/chat/completions "HTTP/1.1 200 OK"
2026-10-02 14:34:15,695 - WARNING - Invalid response, attempt=267: Quote must exist exactly; repeated quotes require valid offsets
2026-10-02 14:34:49,731 - INFO - HTTP Request: POST https://zyapi.tuluo.top:8888/v1/chat/completions "HTTP/1.1 200 OK"
2026-10-02 14:34:49,732 - WARNING - Invalid response, attempt=268: Quote must exist exactly; repeated quotes require valid offsets
2026-10-02 14:35:22,671 - INFO - HTTP Request: POST https://zyapi.tuluo.top:8888/v1/chat/completions "HTTP/1.1 200 OK"
2026-10-02 14:35:22,672 - WARNING - Invalid response, attempt=269: Quote must exist exactly; repeated quotes require valid offsets
2026-10-02 14:35:56,394 - INFO - HTTP Request: POST https://zyapi.tuluo.top:8888/v1/chat/completions "HTTP/1.1 200 OK"
2026-10-02 14:35:56,395 - WARNING - Invalid response, attempt=270: Quote must exist exactly; repeated quotes require valid offsets
2026-10-02 14:36:29,516 - INFO - HTTP Request: POST https://zyapi.tuluo.top:8888/v1/chat/completions "HTTP/1.1 200 OK"
2026-10-02 14:36:29,518 - WARNING - Invalid response, attempt=271: Quote must exist exactly; repeated quotes require valid offsets
2026-10-02 14:37:02,968 - INFO - HTTP Request: POST https://zyapi.tuluo.top:8888/v1/chat/completions "HTTP/1.1 200 OK"
2026-10-02 14:37:02,969 - WARNING - Invalid response, attempt=272: Quote must exist exactly; repeated quotes require valid offsets
2026-10-02 14:37:36,543 - INFO - HTTP Request: POST https://zyapi.tuluo.top:8888/v1/chat/completions "HTTP/1.1 200 OK"
2026-10-02 14:37:36,545 - WARNING - Invalid response, attempt=273: Quote must exist exactly; repeated quotes require valid offsets
2026-10-02 14:38:10,483 - INFO - HTTP Request: POST https://zyapi.tuluo.top:8888/v1/chat/completions "HTTP/1.1 200 OK"
2026-10-02 14:38:10,484 - WARNING - Invalid response, attempt=274: Quote must exist exactly; repeated quotes require valid offsets
2026-10-02 14:38:44,115 - INFO - HTTP Request: POST https://zyapi.tuluo.top:8888/v1/chat/completions "HTTP/1.1 200 OK"
2026-10-02 14:38:44,117 - WARNING - Invalid response, attempt=275: Quote must exist exactly; repeated quotes require valid offsets
2026-10-02 14:39:17,716 - INFO - HTTP Request: POST https://zyapi.tuluo.top:8888/v1/chat/completions "HTTP/1.1 200 OK"
2026-10-02 14:39:17,718 - WARNING - Invalid response, attempt=276: Quote must exist exactly; repeated quotes require valid offsets
2026-10-02 14:39:51,201 - INFO - HTTP Request: POST https://zyapi.tuluo.top:8888/v1/chat/completions "HTTP/1.1 200 OK"
2026-10-02 14:39:51,203 - WARNING - Invalid response, attempt=277: Quote must exist exactly; repeated quotes require valid offsets
2026-10-02 14:40:25,301 - INFO - HTTP Request: POST https://zyapi.tuluo.top:8888/v1/chat/completions "HTTP/1.1 200 OK"
2026-10-02 14:40:25,303 - WARNING - Invalid response, attempt=278: Quote must exist exactly; repeated quotes require valid offsets
2026-10-02 14:40:58,848 - INFO - HTTP Request: POST https://zyapi.tuluo.top:8888/v1/chat/completions "HTTP/1.1 200 OK"
2026-10-02 14:40:58,850 - WARNING - Invalid response, attempt=279: Quote must exist exactly; repeated quotes require valid offsets
2026-10-02 14:41:32,479 - INFO - HTTP Request: POST https://zyapi.tuluo.top:8888/v1/chat/completions "HTTP/1.1 200 OK"
2026-10-02 14:41:32,480 - WARNING - Invalid response, attempt=280: Quote must exist exactly; repeated quotes require valid offsets
2026-10-02 14:42:05,843 - INFO - HTTP Request: POST https://zyapi.tuluo.top:8888/v1/chat/completions "HTTP/1.1 200 OK"
2026-10-02 14:42:05,845 - WARNING - Invalid response, attempt=281: Quote must exist exactly; repeated quotes require valid offsets
2026-10-02 14:42:39,912 - INFO - HTTP Request: POST https://zyapi.tuluo.top:8888/v1/chat/completions "HTTP/1.1 200 OK"
2026-10-02 14:42:39,913 - WARNING - Invalid response, attempt=282: Quote must exist exactly; repeated quotes require valid offsets
2026-10-02 14:43:15,070 - INFO - HTTP Request: POST https://zyapi.tuluo.top:8888/v1/chat/completions "HTTP/1.1 200 OK"
2026-10-02 14:43:15,072 - WARNING - Invalid response, attempt=283: Quote must exist exactly; repeated quotes require valid offsets
2026-10-02 14:43:48,378 - INFO - HTTP Request: POST https://zyapi.tuluo.top:8888/v1/chat/completions "HTTP/1.1 200 OK"
2026-10-02 14:43:48,380 - WARNING - Invalid response, attempt=284: Quote must exist exactly; repeated quotes require valid offsets
2026-10-02 14:44:21,818 - INFO - HTTP Request: POST https://zyapi.tuluo.top:8888/v1/chat/completions "HTTP/1.1 200 OK"
2026-10-02 14:44:21,820 - WARNING - Invalid response, attempt=285: Quote must exist exactly; repeated quotes require valid offsets
2026-10-02 14:44:55,847 - INFO - HTTP Request: POST https://zyapi.tuluo.top:8888/v1/chat/completions "HTTP/1.1 200 OK"
2026-10-02 14:44:55,847 - WARNING - Invalid response, attempt=286: Quote must exist exactly; repeated quotes require valid offsets
2026-10-02 14:45:29,432 - INFO - HTTP Request: POST https://zyapi.tuluo.top:8888/v1/chat/completions "HTTP/1.1 200 OK"
2026-10-02 14:45:29,434 - WARNING - Invalid response, attempt=287: Quote must exist exactly; repeated quotes require valid offsets
2026-10-02 14:46:02,991 - INFO - HTTP Request: POST https://zyapi.tuluo.top:8888/v1/chat/completions "HTTP/1.1 200 OK"
2026-10-02 14:46:02,993 - WARNING - Invalid response, attempt=288: Quote must exist exactly; repeated quotes require valid offsets
2026-10-02 14:46:37,446 - INFO - HTTP Request: POST https://zyapi.tuluo.top:8888/v1/chat/completions "HTTP/1.1 200 OK"
2026-10-02 14:46:37,447 - WARNING - Invalid response, attempt=289: Quote must exist exactly; repeated quotes require valid offsets
2026-10-02 14:47:12,233 - INFO - HTTP Request: POST https://zyapi.tuluo.top:8888/v1/chat/completions "HTTP/1.1 200 OK"
2026-10-02 14:47:12,235 - WARNING - Invalid response, attempt=290: Quote must exist exactly; repeated quotes require valid offsets
2026-10-02 14:47:45,322 - INFO - HTTP Request: POST https://zyapi.tuluo.top:8888/v1/chat/completions "HTTP/1.1 200 OK"
2026-10-02 14:47:45,324 - WARNING - Invalid response, attempt=291: Quote must exist exactly; repeated quotes require valid offsets
2026-10-02 14:48:18,707 - INFO - HTTP Request: POST https://zyapi.tuluo.top:8888/v1/chat/completions "HTTP/1.1 200 OK"
2026-10-02 14:48:18,708 - WARNING - Invalid response, attempt=292: Quote must exist exactly; repeated quotes require valid offsets
2026-10-02 14:48:52,437 - INFO - HTTP Request: POST https://zyapi.tuluo.top:8888/v1/chat/completions "HTTP/1.1 200 OK"
2026-10-02 14:48:52,438 - WARNING - Invalid response, attempt=293: Quote must exist exactly; repeated quotes require valid offsets
2026-10-02 14:49:26,188 - INFO - HTTP Request: POST https://zyapi.tuluo.top:8888/v1/chat/completions "HTTP/1.1 200 OK"
2026-10-02 14:49:26,190 - WARNING - Invalid response, attempt=294: Quote must exist exactly; repeated quotes require valid offsets
2026-10-02 14:50:01,341 - INFO - HTTP Request: POST https://zyapi.tuluo.top:8888/v1/chat/completions "HTTP/1.1 200 OK"
2026-10-02 14:50:01,343 - WARNING - Invalid response, attempt=295: Quote must exist exactly; repeated quotes require valid offsets
2026-10-02 14:50:34,190 - INFO - HTTP Request: POST https://zyapi.tuluo.top:8888/v1/chat/completions "HTTP/1.1 200 OK"
2026-10-02 14:50:34,192 - WARNING - Invalid response, attempt=296: Quote must exist exactly; repeated quotes require valid offsets
2026-10-02 14:51:07,808 - INFO - HTTP Request: POST https://zyapi.tuluo.top:8888/v1/chat/completions "HTTP/1.1 200 OK"
2026-10-02 14:51:07,809 - WARNING - Invalid response, attempt=297: Quote must exist exactly; repeated quotes require valid offsets
2026-10-02 14:51:40,855 - INFO - HTTP Request: POST https://zyapi.tuluo.top:8888/v1/chat/completions "HTTP/1.1 200 OK"
2026-10-02 14:51:40,856 - WARNING - Invalid response, attempt=298: Quote must exist exactly; repeated quotes require valid offsets
2026-10-02 14:52:13,978 - INFO - HTTP Request: POST https://zyapi.tuluo.top:8888/v1/chat/completions "HTTP/1.1 200 OK"
2026-10-02 14:52:13,979 - WARNING - Invalid response, attempt=299: Quote must exist exactly; repeated quotes require valid offsets
2026-10-02 14:52:47,920 - INFO - HTTP Request: POST https://zyapi.tuluo.top:8888/v1/chat/completions "HTTP/1.1 200 OK"
2026-10-02 14:52:47,921 - WARNING - Invalid response, attempt=300: Quote must exist exactly; repeated quotes require valid offsets
2026-10-02 14:53:21,609 - INFO - HTTP Request: POST https://zyapi.tuluo.top:8888/v1/chat/completions "HTTP/1.1 200 OK"
2026-10-02 14:53:21,611 - WARNING - Invalid response, attempt=301: Quote must exist exactly; repeated quotes require valid offsets
2026-10-02 14:53:54,892 - INFO - HTTP Request: POST https://zyapi.tuluo.top:8888/v1/chat/completions "HTTP/1.1 200 OK"
2026-10-02 14:53:54,893 - WARNING - Invalid response, attempt=302: Quote must exist exactly; repeated quotes require valid offsets
2026-10-02 14:54:28,609 - INFO - HTTP Request: POST https://zyapi.tuluo.top:8888/v1/chat/completions "HTTP/1.1 200 OK"
2026-10-02 14:54:28,610 - WARNING - Invalid response, attempt=303: Quote must exist exactly; repeated quotes require valid offsets
2026-10-02 14:55:02,651 - INFO - HTTP Request: POST https://zyapi.tuluo.top:8888/v1/chat/completions "HTTP/1.1 200 OK"
2026-10-02 14:55:02,653 - WARNING - Invalid response, attempt=304: Quote must exist exactly; repeated quotes require valid offsets
2026-10-02 14:55:36,484 - INFO - HTTP Request: POST https://zyapi.tuluo.top:8888/v1/chat/completions "HTTP/1.1 200 OK"
2026-10-02 14:55:36,486 - WARNING - Invalid response, attempt=305: Quote must exist exactly; repeated quotes require valid offsets
2026-10-02 14:56:09,441 - INFO - HTTP Request: POST https://zyapi.tuluo.top:8888/v1/chat/completions "HTTP/1.1 200 OK"
2026-10-02 14:56:09,442 - WARNING - Invalid response, attempt=306: Quote must exist exactly; repeated quotes require valid offsets
2026-10-02 14:56:44,024 - INFO - HTTP Request: POST https://zyapi.tuluo.top:8888/v1/chat/completions "HTTP/1.1 200 OK"
2026-10-02 14:56:44,026 - WARNING - Invalid response, attempt=307: Quote must exist exactly; repeated quotes require valid offsets
2026-10-02 14:57:17,318 - INFO - HTTP Request: POST https://zyapi.tuluo.top:8888/v1/chat/completions "HTTP/1.1 200 OK"
2026-10-02 14:57:17,319 - WARNING - Invalid response, attempt=308: Quote must exist exactly; repeated quotes require valid offsets
2026-10-02 14:57:50,442 - INFO - HTTP Request: POST https://zyapi.tuluo.top:8888/v1/chat/completions "HTTP/1.1 200 OK"
2026-10-02 14:57:50,444 - WARNING - Invalid response, attempt=309: Quote must exist exactly; repeated quotes require valid offsets
2026-10-02 14:58:23,721 - INFO - HTTP Request: POST https://zyapi.tuluo.top:8888/v1/chat/completions "HTTP/1.1 200 OK"
2026-10-02 14:58:23,723 - WARNING - Invalid response, attempt=310: Quote must exist exactly; repeated quotes require valid offsets
2026-10-02 14:58:57,207 - INFO - HTTP Request: POST https://zyapi.tuluo.top:8888/v1/chat/completions "HTTP/1.1 200 OK"
2026-10-02 14:58:57,208 - WARNING - Invalid response, attempt=311: Quote must exist exactly; repeated quotes require valid offsets
2026-10-02 14:59:30,509 - INFO - HTTP Request: POST https://zyapi.tuluo.top:8888/v1/chat/completions "HTTP/1.1 200 OK"
2026-10-02 14:59:30,511 - WARNING - Invalid response, attempt=312: Quote must exist exactly; repeated quotes require valid offsets
2026-10-02 15:00:04,580 - INFO - HTTP Request: POST https://zyapi.tuluo.top:8888/v1/chat/completions "HTTP/1.1 200 OK"
2026-10-02 15:00:04,585 - WARNING - Invalid response, attempt=313: Quote must exist exactly; repeated quotes require valid offsets
2026-10-02 15:00:37,765 - INFO - HTTP Request: POST https://zyapi.tuluo.top:8888/v1/chat/completions "HTTP/1.1 200 OK"
2026-10-02 15:00:37,767 - WARNING - Invalid response, attempt=314: Quote must exist exactly; repeated quotes require valid offsets
2026-10-02 15:01:10,739 - INFO - HTTP Request: POST https://zyapi.tuluo.top:8888/v1/chat/completions "HTTP/1.1 200 OK"
2026-10-02 15:01:10,743 - WARNING - Invalid response, attempt=315: Quote must exist exactly; repeated quotes require valid offsets
2026-10-02 15:01:48,810 - INFO - HTTP Request: POST https://zyapi.tuluo.top:8888/v1/chat/completions "HTTP/1.1 200 OK"
2026-10-02 15:01:48,812 - WARNING - Invalid response, attempt=316: Quote must exist exactly; repeated quotes require valid offsets
2026-10-02 15:02:23,130 - INFO - HTTP Request: POST https://zyapi.tuluo.top:8888/v1/chat/completions "HTTP/1.1 200 OK"
2026-10-02 15:02:23,132 - WARNING - Invalid response, attempt=317: Quote must exist exactly; repeated quotes require valid offsets
2026-10-02 15:46:18,892 - INFO - HTTP Request: POST https://zyapi.tuluo.top:8888/v1/chat/completions "HTTP/1.1 200 OK"
2026-10-02 15:46:18,894 - WARNING - Invalid response, attempt=318: Quote must exist exactly; repeated quotes require valid offsets
2026-10-02 16:52:14,407 - INFO - HTTP Request: POST https://zyapi.tuluo.top:8888/v1/chat/completions "HTTP/1.1 200 OK"
2026-10-02 16:52:14,410 - WARNING - Invalid response, attempt=319: Quote must exist exactly; repeated quotes require valid offsets
2026-10-02 17:10:30,047 - INFO - HTTP Request: POST https://zyapi.tuluo.top:8888/v1/chat/completions "HTTP/1.1 200 OK"
2026-10-02 17:10:30,049 - WARNING - Invalid response, attempt=320: Quote must exist exactly; repeated quotes require valid offsets
2026-10-02 17:11:04,128 - INFO - HTTP Request: POST https://zyapi.tuluo.top:8888/v1/chat/completions "HTTP/1.1 200 OK"
2026-10-02 17:11:04,130 - WARNING - Invalid response, attempt=321: Quote must exist exactly; repeated quotes require valid offsets
2026-10-02 17:11:37,597 - INFO - HTTP Request: POST https://zyapi.tuluo.top:8888/v1/chat/completions "HTTP/1.1 200 OK"
2026-10-02 17:11:37,599 - WARNING - Invalid response, attempt=322: Quote must exist exactly; repeated quotes require valid offsets
2026-10-02 17:12:10,806 - INFO - HTTP Request: POST https://zyapi.tuluo.top:8888/v1/chat/completions "HTTP/1.1 200 OK"
2026-10-02 17:12:10,807 - WARNING - Invalid response, attempt=323: Quote must exist exactly; repeated quotes require valid offsets
2026-10-02 17:12:44,357 - INFO - HTTP Request: POST https://zyapi.tuluo.top:8888/v1/chat/completions "HTTP/1.1 200 OK"
2026-10-02 17:12:44,358 - WARNING - Invalid response, attempt=324: Quote must exist exactly; repeated quotes require valid offsets
2026-10-02 17:13:17,426 - INFO - HTTP Request: POST https://zyapi.tuluo.top:8888/v1/chat/completions "HTTP/1.1 200 OK"
2026-10-02 17:13:17,428 - WARNING - Invalid response, attempt=325: Quote must exist exactly; repeated quotes require valid offsets
2026-10-02 17:13:52,883 - INFO - HTTP Request: POST https://zyapi.tuluo.top:8888/v1/chat/completions "HTTP/1.1 200 OK"
2026-10-02 17:13:52,884 - WARNING - Invalid response, attempt=326: Quote must exist exactly; repeated quotes require valid offsets
2026-10-02 17:14:27,083 - INFO - HTTP Request: POST https://zyapi.tuluo.top:8888/v1/chat/completions "HTTP/1.1 200 OK"
2026-10-02 17:14:27,085 - WARNING - Invalid response, attempt=327: Quote must exist exactly; repeated quotes require valid offsets
2026-10-02 17:15:00,357 - INFO - HTTP Request: POST https://zyapi.tuluo.top:8888/v1/chat/completions "HTTP/1.1 200 OK"
2026-10-02 17:15:00,358 - WARNING - Invalid response, attempt=328: Quote must exist exactly; repeated quotes require valid offsets
2026-10-02 17:15:34,667 - INFO - HTTP Request: POST https://zyapi.tuluo.top:8888/v1/chat/completions "HTTP/1.1 200 OK"
2026-10-02 17:15:34,669 - WARNING - Invalid response, attempt=329: Quote must exist exactly; repeated quotes require valid offsets
2026-10-02 17:16:07,769 - INFO - HTTP Request: POST https://zyapi.tuluo.top:8888/v1/chat/completions "HTTP/1.1 200 OK"
2026-10-02 17:16:07,770 - WARNING - Invalid response, attempt=330: Quote must exist exactly; repeated quotes require valid offsets
2026-10-02 17:16:41,429 - INFO - HTTP Request: POST https://zyapi.tuluo.top:8888/v1/chat/completions "HTTP/1.1 200 OK"
2026-10-02 17:16:41,430 - WARNING - Invalid response, attempt=331: Quote must exist exactly; repeated quotes require valid offsets
2026-10-02 17:17:14,945 - INFO - HTTP Request: POST https://zyapi.tuluo.top:8888/v1/chat/completions "HTTP/1.1 200 OK"
2026-10-02 17:17:14,946 - WARNING - Invalid response, attempt=332: Quote must exist exactly; repeated quotes require valid offsets
2026-10-02 17:17:48,650 - INFO - HTTP Request: POST https://zyapi.tuluo.top:8888/v1/chat/completions "HTTP/1.1 200 OK"
2026-10-02 17:17:48,652 - WARNING - Invalid response, attempt=333: Quote must exist exactly; repeated quotes require valid offsets
2026-10-02 17:18:22,295 - INFO - HTTP Request: POST https://zyapi.tuluo.top:8888/v1/chat/completions "HTTP/1.1 200 OK"
2026-10-02 17:18:22,297 - WARNING - Invalid response, attempt=334: Quote must exist exactly; repeated quotes require valid offsets
2026-10-02 17:18:55,316 - INFO - HTTP Request: POST https://zyapi.tuluo.top:8888/v1/chat/completions "HTTP/1.1 200 OK"
2026-10-02 17:18:55,318 - WARNING - Invalid response, attempt=335: Quote must exist exactly; repeated quotes require valid offsets
2026-10-02 17:19:28,855 - INFO - HTTP Request: POST https://zyapi.tuluo.top:8888/v1/chat/completions "HTTP/1.1 200 OK"
2026-10-02 17:19:28,856 - WARNING - Invalid response, attempt=336: Quote must exist exactly; repeated quotes require valid offsets
2026-10-02 17:20:02,544 - INFO - HTTP Request: POST https://zyapi.tuluo.top:8888/v1/chat/completions "HTTP/1.1 200 OK"
2026-10-02 17:20:02,546 - WARNING - Invalid response, attempt=337: Quote must exist exactly; repeated quotes require valid offsets
2026-10-02 17:20:36,101 - INFO - HTTP Request: POST https://zyapi.tuluo.top:8888/v1/chat/completions "HTTP/1.1 200 OK"
2026-10-02 17:20:36,103 - WARNING - Invalid response, attempt=338: Quote must exist exactly; repeated quotes require valid offsets
2026-10-02 17:21:10,414 - INFO - HTTP Request: POST https://zyapi.tuluo.top:8888/v1/chat/completions "HTTP/1.1 200 OK"
2026-10-02 17:21:10,415 - WARNING - Invalid response, attempt=339: Quote must exist exactly; repeated quotes require valid offsets
2026-10-02 17:21:45,353 - INFO - HTTP Request: POST https://zyapi.tuluo.top:8888/v1/chat/completions "HTTP/1.1 200 OK"
2026-10-02 17:21:45,354 - WARNING - Invalid response, attempt=340: Quote must exist exactly; repeated quotes require valid offsets
2026-10-02 17:22:18,940 - INFO - HTTP Request: POST https://zyapi.tuluo.top:8888/v1/chat/completions "HTTP/1.1 200 OK"
2026-10-02 17:22:18,942 - WARNING - Invalid response, attempt=341: Quote must exist exactly; repeated quotes require valid offsets
2026-10-02 17:22:52,730 - INFO - HTTP Request: POST https://zyapi.tuluo.top:8888/v1/chat/completions "HTTP/1.1 200 OK"
2026-10-02 17:22:52,732 - WARNING - Invalid response, attempt=342: Quote must exist exactly; repeated quotes require valid offsets
2026-10-02 17:23:25,753 - INFO - HTTP Request: POST https://zyapi.tuluo.top:8888/v1/chat/completions "HTTP/1.1 200 OK"
2026-10-02 17:23:25,754 - WARNING - Invalid response, attempt=343: Quote must exist exactly; repeated quotes require valid offsets
2026-10-02 17:23:59,564 - INFO - HTTP Request: POST https://zyapi.tuluo.top:8888/v1/chat/completions "HTTP/1.1 200 OK"
2026-10-02 17:23:59,565 - WARNING - Invalid response, attempt=344: Quote must exist exactly; repeated quotes require valid offsets
2026-10-02 17:24:33,596 - INFO - HTTP Request: POST https://zyapi.tuluo.top:8888/v1/chat/completions "HTTP/1.1 200 OK"
2026-10-02 17:24:33,622 - WARNING - Invalid response, attempt=345: Quote must exist exactly; repeated quotes require valid offsets
2026-10-02 17:25:06,773 - INFO - HTTP Request: POST https://zyapi.tuluo.top:8888/v1/chat/completions "HTTP/1.1 200 OK"
2026-10-02 17:25:06,774 - WARNING - Invalid response, attempt=346: Quote must exist exactly; repeated quotes require valid offsets
2026-10-02 17:25:40,016 - INFO - HTTP Request: POST https://zyapi.tuluo.top:8888/v1/chat/completions "HTTP/1.1 200 OK"
2026-10-02 17:25:40,018 - WARNING - Invalid response, attempt=347: Quote must exist exactly; repeated quotes require valid offsets
2026-10-02 17:26:14,392 - INFO - HTTP Request: POST https://zyapi.tuluo.top:8888/v1/chat/completions "HTTP/1.1 200 OK"
2026-10-02 17:26:14,393 - WARNING - Invalid response, attempt=348: Quote must exist exactly; repeated quotes require valid offsets
2026-10-02 17:26:49,980 - INFO - HTTP Request: POST https://zyapi.tuluo.top:8888/v1/chat/completions "HTTP/1.1 200 OK"
2026-10-02 17:26:49,982 - WARNING - Invalid response, attempt=349: Quote must exist exactly; repeated quotes require valid offsets
2026-10-02 17:27:23,232 - INFO - HTTP Request: POST https://zyapi.tuluo.top:8888/v1/chat/completions "HTTP/1.1 200 OK"
2026-10-02 17:27:23,233 - WARNING - Invalid response, attempt=350: Quote must exist exactly; repeated quotes require valid offsets
2026-10-02 17:27:56,102 - INFO - HTTP Request: POST https://zyapi.tuluo.top:8888/v1/chat/completions "HTTP/1.1 200 OK"
2026-10-02 17:27:56,104 - WARNING - Invalid response, attempt=351: Quote must exist exactly; repeated quotes require valid offsets
2026-10-02 17:28:29,393 - INFO - HTTP Request: POST https://zyapi.tuluo.top:8888/v1/chat/completions "HTTP/1.1 200 OK"
2026-10-02 17:28:29,394 - WARNING - Invalid response, attempt=352: Quote must exist exactly; repeated quotes require valid offsets
2026-10-02 17:29:04,185 - INFO - HTTP Request: POST https://zyapi.tuluo.top:8888/v1/chat/completions "HTTP/1.1 200 OK"
2026-10-02 17:29:04,186 - WARNING - Invalid response, attempt=353: Quote must exist exactly; repeated quotes require valid offsets
2026-10-02 17:29:38,091 - INFO - HTTP Request: POST https://zyapi.tuluo.top:8888/v1/chat/completions "HTTP/1.1 200 OK"
2026-10-02 17:29:38,093 - WARNING - Invalid response, attempt=354: Quote must exist exactly; repeated quotes require valid offsets
2026-10-02 17:30:11,823 - INFO - HTTP Request: POST https://zyapi.tuluo.top:8888/v1/chat/completions "HTTP/1.1 200 OK"
2026-10-02 17:30:11,825 - WARNING - Invalid response, attempt=355: Quote must exist exactly; repeated quotes require valid offsets
2026-10-02 17:30:45,472 - INFO - HTTP Request: POST https://zyapi.tuluo.top:8888/v1/chat/completions "HTTP/1.1 200 OK"
2026-10-02 17:30:45,473 - WARNING - Invalid response, attempt=356: Quote must exist exactly; repeated quotes require valid offsets
2026-10-02 17:31:20,055 - INFO - HTTP Request: POST https://zyapi.tuluo.top:8888/v1/chat/completions "HTTP/1.1 200 OK"
2026-10-02 17:31:20,059 - WARNING - Invalid response, attempt=357: Quote must exist exactly; repeated quotes require valid offsets
2026-10-02 17:31:53,260 - INFO - HTTP Request: POST https://zyapi.tuluo.top:8888/v1/chat/completions "HTTP/1.1 200 OK"
2026-10-02 17:31:53,262 - WARNING - Invalid response, attempt=358: Quote must exist exactly; repeated quotes require valid offsets
2026-10-02 17:32:27,667 - INFO - HTTP Request: POST https://zyapi.tuluo.top:8888/v1/chat/completions "HTTP/1.1 200 OK"
2026-10-02 17:32:27,667 - WARNING - Invalid response, attempt=359: Quote must exist exactly; repeated quotes require valid offsets
2026-10-02 17:33:01,048 - INFO - HTTP Request: POST https://zyapi.tuluo.top:8888/v1/chat/completions "HTTP/1.1 200 OK"
2026-10-02 17:33:01,049 - WARNING - Invalid response, attempt=360: Quote must exist exactly; repeated quotes require valid offsets
2026-10-02 17:33:34,534 - INFO - HTTP Request: POST https://zyapi.tuluo.top:8888/v1/chat/completions "HTTP/1.1 200 OK"
2026-10-02 17:33:34,535 - WARNING - Invalid response, attempt=361: Quote must exist exactly; repeated quotes require valid offsets
2026-10-02 17:34:07,917 - INFO - HTTP Request: POST https://zyapi.tuluo.top:8888/v1/chat/completions "HTTP/1.1 200 OK"
2026-10-02 17:34:07,944 - WARNING - Invalid response, attempt=362: Quote must exist exactly; repeated quotes require valid offsets
2026-10-02 17:34:42,016 - INFO - HTTP Request: POST https://zyapi.tuluo.top:8888/v1/chat/completions "HTTP/1.1 200 OK"
2026-10-02 17:34:42,018 - WARNING - Invalid response, attempt=363: Quote must exist exactly; repeated quotes require valid offsets
2026-10-02 17:35:16,062 - INFO - HTTP Request: POST https://zyapi.tuluo.top:8888/v1/chat/completions "HTTP/1.1 200 OK"
2026-10-02 17:35:16,063 - WARNING - Invalid response, attempt=364: Quote must exist exactly; repeated quotes require valid offsets
2026-10-02 17:35:49,804 - INFO - HTTP Request: POST https://zyapi.tuluo.top:8888/v1/chat/completions "HTTP/1.1 200 OK"
2026-10-02 17:35:49,806 - WARNING - Invalid response, attempt=365: Quote must exist exactly; repeated quotes require valid offsets
2026-10-02 17:36:23,904 - INFO - HTTP Request: POST https://zyapi.tuluo.top:8888/v1/chat/completions "HTTP/1.1 200 OK"
2026-10-02 17:36:23,905 - WARNING - Invalid response, attempt=366: Quote must exist exactly; repeated quotes require valid offsets
2026-10-02 17:36:57,680 - INFO - HTTP Request: POST https://zyapi.tuluo.top:8888/v1/chat/completions "HTTP/1.1 200 OK"
2026-10-02 17:36:57,681 - WARNING - Invalid response, attempt=367: Quote must exist exactly; repeated quotes require valid offsets
2026-10-02 17:37:32,003 - INFO - HTTP Request: POST https://zyapi.tuluo.top:8888/v1/chat/completions "HTTP/1.1 200 OK"
2026-10-02 17:37:32,004 - WARNING - Invalid response, attempt=368: Quote must exist exactly; repeated quotes require valid offsets
2026-10-02 17:38:06,299 - INFO - HTTP Request: POST https://zyapi.tuluo.top:8888/v1/chat/completions "HTTP/1.1 200 OK"
2026-10-02 17:38:06,301 - WARNING - Invalid response, attempt=369: Quote must exist exactly; repeated quotes require valid offsets
2026-10-02 17:38:39,995 - INFO - HTTP Request: POST https://zyapi.tuluo.top:8888/v1/chat/completions "HTTP/1.1 200 OK"
2026-10-02 17:38:39,996 - WARNING - Invalid response, attempt=370: Quote must exist exactly; repeated quotes require valid offsets
2026-10-02 17:39:13,992 - INFO - HTTP Request: POST https://zyapi.tuluo.top:8888/v1/chat/completions "HTTP/1.1 200 OK"
2026-10-02 17:39:13,993 - WARNING - Invalid response, attempt=371: Quote must exist exactly; repeated quotes require valid offsets
2026-10-02 17:39:46,959 - INFO - HTTP Request: POST https://zyapi.tuluo.top:8888/v1/chat/completions "HTTP/1.1 200 OK"
2026-10-02 17:39:46,961 - WARNING - Invalid response, attempt=372: Quote must exist exactly; repeated quotes require valid offsets
2026-10-02 17:40:20,461 - INFO - HTTP Request: POST https://zyapi.tuluo.top:8888/v1/chat/completions "HTTP/1.1 200 OK"
2026-10-02 17:40:20,462 - WARNING - Invalid response, attempt=373: Quote must exist exactly; repeated quotes require valid offsets
2026-10-02 17:40:54,018 - INFO - HTTP Request: POST https://zyapi.tuluo.top:8888/v1/chat/completions "HTTP/1.1 200 OK"
2026-10-02 17:40:54,019 - WARNING - Invalid response, attempt=374: Quote must exist exactly; repeated quotes require valid offsets
2026-10-02 17:41:27,250 - INFO - HTTP Request: POST https://zyapi.tuluo.top:8888/v1/chat/completions "HTTP/1.1 200 OK"
2026-10-02 17:41:27,251 - WARNING - Invalid response, attempt=375: Quote must exist exactly; repeated quotes require valid offsets
2026-10-02 17:42:00,747 - INFO - HTTP Request: POST https://zyapi.tuluo.top:8888/v1/chat/completions "HTTP/1.1 200 OK"
2026-10-02 17:42:00,751 - WARNING - Invalid response, attempt=376: Quote must exist exactly; repeated quotes require valid offsets
2026-10-02 17:42:35,028 - INFO - HTTP Request: POST https://zyapi.tuluo.top:8888/v1/chat/completions "HTTP/1.1 200 OK"
2026-10-02 17:42:35,029 - WARNING - Invalid response, attempt=377: Quote must exist exactly; repeated quotes require valid offsets
2026-10-02 17:43:08,552 - INFO - HTTP Request: POST https://zyapi.tuluo.top:8888/v1/chat/completions "HTTP/1.1 200 OK"
2026-10-02 17:43:08,556 - WARNING - Invalid response, attempt=378: Quote must exist exactly; repeated quotes require valid offsets
2026-10-02 17:43:42,520 - INFO - HTTP Request: POST https://zyapi.tuluo.top:8888/v1/chat/completions "HTTP/1.1 200 OK"
2026-10-02 17:43:42,522 - WARNING - Invalid response, attempt=379: Quote must exist exactly; repeated quotes require valid offsets
2026-10-02 17:44:16,057 - INFO - HTTP Request: POST https://zyapi.tuluo.top:8888/v1/chat/completions "HTTP/1.1 200 OK"
2026-10-02 17:44:16,058 - WARNING - Invalid response, attempt=380: Quote must exist exactly; repeated quotes require valid offsets
2026-10-02 17:44:49,840 - INFO - HTTP Request: POST https://zyapi.tuluo.top:8888/v1/chat/completions "HTTP/1.1 200 OK"
2026-10-02 17:44:49,841 - WARNING - Invalid response, attempt=381: Quote must exist exactly; repeated quotes require valid offsets
2026-10-02 17:45:26,953 - INFO - HTTP Request: POST https://zyapi.tuluo.top:8888/v1/chat/completions "HTTP/1.1 200 OK"
2026-10-02 17:45:26,954 - WARNING - Invalid response, attempt=382: Quote must exist exactly; repeated quotes require valid offsets
2026-10-02 17:46:00,576 - INFO - HTTP Request: POST https://zyapi.tuluo.top:8888/v1/chat/completions "HTTP/1.1 200 OK"
2026-10-02 17:46:00,578 - WARNING - Invalid response, attempt=383: Quote must exist exactly; repeated quotes require valid offsets
2026-10-02 17:46:33,739 - INFO - HTTP Request: POST https://zyapi.tuluo.top:8888/v1/chat/completions "HTTP/1.1 200 OK"
2026-10-02 17:46:33,741 - WARNING - Invalid response, attempt=384: Quote must exist exactly; repeated quotes require valid offsets
2026-10-02 17:47:08,570 - INFO - HTTP Request: POST https://zyapi.tuluo.top:8888/v1/chat/completions "HTTP/1.1 200 OK"
2026-10-02 17:47:08,571 - WARNING - Invalid response, attempt=385: Quote must exist exactly; repeated quotes require valid offsets
2026-10-02 17:47:42,978 - INFO - HTTP Request: POST https://zyapi.tuluo.top:8888/v1/chat/completions "HTTP/1.1 200 OK"
2026-10-02 17:47:42,979 - WARNING - Invalid response, attempt=386: Quote must exist exactly; repeated quotes require valid offsets
2026-10-02 17:48:17,589 - INFO - HTTP Request: POST https://zyapi.tuluo.top:8888/v1/chat/completions "HTTP/1.1 200 OK"
2026-10-02 17:48:17,590 - WARNING - Invalid response, attempt=387: Quote must exist exactly; repeated quotes require valid offsets
2026-10-02 17:48:51,176 - INFO - HTTP Request: POST https://zyapi.tuluo.top:8888/v1/chat/completions "HTTP/1.1 200 OK"
2026-10-02 17:48:51,178 - WARNING - Invalid response, attempt=388: Quote must exist exactly; repeated quotes require valid offsets
2026-10-02 17:49:24,622 - INFO - HTTP Request: POST https://zyapi.tuluo.top:8888/v1/chat/completions "HTTP/1.1 200 OK"
2026-10-02 17:49:24,624 - WARNING - Invalid response, attempt=389: Quote must exist exactly; repeated quotes require valid offsets
2026-10-02 17:49:58,364 - INFO - HTTP Request: POST https://zyapi.tuluo.top:8888/v1/chat/completions "HTTP/1.1 200 OK"
2026-10-02 17:49:58,366 - WARNING - Invalid response, attempt=390: Quote must exist exactly; repeated quotes require valid offsets
2026-10-02 17:50:31,634 - INFO - HTTP Request: POST https://zyapi.tuluo.top:8888/v1/chat/completions "HTTP/1.1 200 OK"
2026-10-02 17:50:31,635 - WARNING - Invalid response, attempt=391: Quote must exist exactly; repeated quotes require valid offsets
2026-10-02 17:51:04,805 - INFO - HTTP Request: POST https://zyapi.tuluo.top:8888/v1/chat/completions "HTTP/1.1 200 OK"
2026-10-02 17:51:04,807 - WARNING - Invalid response, attempt=392: Quote must exist exactly; repeated quotes require valid offsets
2026-10-02 17:51:38,910 - INFO - HTTP Request: POST https://zyapi.tuluo.top:8888/v1/chat/completions "HTTP/1.1 200 OK"
2026-10-02 17:51:38,911 - WARNING - Invalid response, attempt=393: Quote must exist exactly; repeated quotes require valid offsets
2026-10-02 17:52:12,435 - INFO - HTTP Request: POST https://zyapi.tuluo.top:8888/v1/chat/completions "HTTP/1.1 200 OK"
2026-10-02 17:52:12,437 - WARNING - Invalid response, attempt=394: Quote must exist exactly; repeated quotes require valid offsets
2026-10-02 17:52:46,699 - INFO - HTTP Request: POST https://zyapi.tuluo.top:8888/v1/chat/completions "HTTP/1.1 200 OK"
2026-10-02 17:52:46,701 - WARNING - Invalid response, attempt=395: Quote must exist exactly; repeated quotes require valid offsets
2026-10-02 17:53:20,849 - INFO - HTTP Request: POST https://zyapi.tuluo.top:8888/v1/chat/completions "HTTP/1.1 200 OK"
2026-10-02 17:53:20,850 - WARNING - Invalid response, attempt=396: Quote must exist exactly; repeated quotes require valid offsets
2026-10-02 17:53:53,924 - INFO - HTTP Request: POST https://zyapi.tuluo.top:8888/v1/chat/completions "HTTP/1.1 200 OK"
2026-10-02 17:53:53,926 - WARNING - Invalid response, attempt=397: Quote must exist exactly; repeated quotes require valid offsets
2026-10-02 17:54:27,363 - INFO - HTTP Request: POST https://zyapi.tuluo.top:8888/v1/chat/completions "HTTP/1.1 200 OK"
2026-10-02 17:54:27,365 - WARNING - Invalid response, attempt=398: Quote must exist exactly; repeated quotes require valid offsets
2026-10-02 17:55:01,666 - INFO - HTTP Request: POST https://zyapi.tuluo.top:8888/v1/chat/completions "HTTP/1.1 200 OK"
2026-10-02 17:55:01,668 - WARNING - Invalid response, attempt=399: Quote must exist exactly; repeated quotes require valid offsets
2026-10-02 17:55:35,866 - INFO - HTTP Request: POST https://zyapi.tuluo.top:8888/v1/chat/completions "HTTP/1.1 200 OK"
2026-10-02 17:55:35,868 - WARNING - Invalid response, attempt=400: Quote must exist exactly; repeated quotes require valid offsets
2026-10-02 17:56:08,894 - INFO - HTTP Request: POST https://zyapi.tuluo.top:8888/v1/chat/completions "HTTP/1.1 200 OK"
2026-10-02 17:56:08,896 - WARNING - Invalid response, attempt=401: Quote must exist exactly; repeated quotes require valid offsets
2026-10-02 17:56:42,975 - INFO - HTTP Request: POST https://zyapi.tuluo.top:8888/v1/chat/completions "HTTP/1.1 200 OK"
2026-10-02 17:56:42,976 - WARNING - Invalid response, attempt=402: Quote must exist exactly; repeated quotes require valid offsets
2026-10-02 17:57:16,526 - INFO - HTTP Request: POST https://zyapi.tuluo.top:8888/v1/chat/completions "HTTP/1.1 200 OK"
2026-10-02 17:57:16,528 - WARNING - Invalid response, attempt=403: Quote must exist exactly; repeated quotes require valid offsets
2026-10-02 17:57:50,144 - INFO - HTTP Request: POST https://zyapi.tuluo.top:8888/v1/chat/completions "HTTP/1.1 200 OK"
2026-10-02 17:57:50,145 - WARNING - Invalid response, attempt=404: Quote must exist exactly; repeated quotes require valid offsets
2026-10-02 17:58:24,853 - INFO - HTTP Request: POST https://zyapi.tuluo.top:8888/v1/chat/completions "HTTP/1.1 200 OK"
2026-10-02 17:58:24,854 - WARNING - Invalid response, attempt=405: Quote must exist exactly; repeated quotes require valid offsets
2026-10-02 17:58:58,384 - INFO - HTTP Request: POST https://zyapi.tuluo.top:8888/v1/chat/completions "HTTP/1.1 200 OK"
2026-10-02 17:58:58,386 - WARNING - Invalid response, attempt=406: Quote must exist exactly; repeated quotes require valid offsets
2026-10-02 17:59:31,694 - INFO - HTTP Request: POST https://zyapi.tuluo.top:8888/v1/chat/completions "HTTP/1.1 200 OK"
2026-10-02 17:59:31,695 - WARNING - Invalid response, attempt=407: Quote must exist exactly; repeated quotes require valid offsets
2026-10-02 18:00:06,767 - INFO - HTTP Request: POST https://zyapi.tuluo.top:8888/v1/chat/completions "HTTP/1.1 200 OK"
2026-10-02 18:00:06,768 - WARNING - Invalid response, attempt=408: Quote must exist exactly; repeated quotes require valid offsets
2026-10-02 18:00:40,204 - INFO - HTTP Request: POST https://zyapi.tuluo.top:8888/v1/chat/completions "HTTP/1.1 200 OK"
2026-10-02 18:00:40,205 - WARNING - Invalid response, attempt=409: Quote must exist exactly; repeated quotes require valid offsets
2026-10-02 18:01:14,209 - INFO - HTTP Request: POST https://zyapi.tuluo.top:8888/v1/chat/completions "HTTP/1.1 200 OK"
2026-10-02 18:01:14,210 - WARNING - Invalid response, attempt=410: Quote must exist exactly; repeated quotes require valid offsets
2026-10-02 18:01:47,448 - INFO - HTTP Request: POST https://zyapi.tuluo.top:8888/v1/chat/completions "HTTP/1.1 200 OK"
2026-10-02 18:01:47,450 - WARNING - Invalid response, attempt=411: Quote must exist exactly; repeated quotes require valid offsets
2026-10-02 18:02:21,683 - INFO - HTTP Request: POST https://zyapi.tuluo.top:8888/v1/chat/completions "HTTP/1.1 200 OK"
2026-10-02 18:02:21,685 - WARNING - Invalid response, attempt=412: Quote must exist exactly; repeated quotes require valid offsets
2026-10-02 18:02:56,192 - INFO - HTTP Request: POST https://zyapi.tuluo.top:8888/v1/chat/completions "HTTP/1.1 200 OK"
2026-10-02 18:02:56,223 - WARNING - Invalid response, attempt=413: Quote must exist exactly; repeated quotes require valid offsets
2026-10-02 18:03:29,882 - INFO - HTTP Request: POST https://zyapi.tuluo.top:8888/v1/chat/completions "HTTP/1.1 200 OK"
2026-10-02 18:03:29,884 - WARNING - Invalid response, attempt=414: Quote must exist exactly; repeated quotes require valid offsets
2026-10-02 18:04:04,043 - INFO - HTTP Request: POST https://zyapi.tuluo.top:8888/v1/chat/completions "HTTP/1.1 200 OK"
2026-10-02 18:04:04,045 - WARNING - Invalid response, attempt=415: Quote must exist exactly; repeated quotes require valid offsets
2026-10-02 18:04:37,160 - INFO - HTTP Request: POST https://zyapi.tuluo.top:8888/v1/chat/completions "HTTP/1.1 200 OK"
2026-10-02 18:04:37,161 - WARNING - Invalid response, attempt=416: Quote must exist exactly; repeated quotes require valid offsets
2026-10-02 18:05:11,018 - INFO - HTTP Request: POST https://zyapi.tuluo.top:8888/v1/chat/completions "HTTP/1.1 200 OK"
2026-10-02 18:05:11,019 - WARNING - Invalid response, attempt=417: Quote must exist exactly; repeated quotes require valid offsets
2026-10-02 18:05:44,336 - INFO - HTTP Request: POST https://zyapi.tuluo.top:8888/v1/chat/completions "HTTP/1.1 200 OK"
2026-10-02 18:05:44,338 - WARNING - Invalid response, attempt=418: Quote must exist exactly; repeated quotes require valid offsets
2026-10-02 18:06:18,107 - INFO - HTTP Request: POST https://zyapi.tuluo.top:8888/v1/chat/completions "HTTP/1.1 200 OK"
2026-10-02 18:06:18,109 - WARNING - Invalid response, attempt=419: Quote must exist exactly; repeated quotes require valid offsets
2026-10-02 18:06:52,093 - INFO - HTTP Request: POST https://zyapi.tuluo.top:8888/v1/chat/completions "HTTP/1.1 200 OK"
2026-10-02 18:06:52,094 - WARNING - Invalid response, attempt=420: Quote must exist exactly; repeated quotes require valid offsets
2026-10-02 18:07:25,262 - INFO - HTTP Request: POST https://zyapi.tuluo.top:8888/v1/chat/completions "HTTP/1.1 200 OK"
2026-10-02 18:07:25,264 - WARNING - Invalid response, attempt=421: Quote must exist exactly; repeated quotes require valid offsets
2026-10-02 18:07:58,489 - INFO - HTTP Request: POST https://zyapi.tuluo.top:8888/v1/chat/completions "HTTP/1.1 200 OK"
2026-10-02 18:07:58,491 - WARNING - Invalid response, attempt=422: Quote must exist exactly; repeated quotes require valid offsets
2026-10-02 18:08:31,689 - INFO - HTTP Request: POST https://zyapi.tuluo.top:8888/v1/chat/completions "HTTP/1.1 200 OK"
2026-10-02 18:08:31,691 - WARNING - Invalid response, attempt=423: Quote must exist exactly; repeated quotes require valid offsets
2026-10-02 18:09:05,398 - INFO - HTTP Request: POST https://zyapi.tuluo.top:8888/v1/chat/completions "HTTP/1.1 200 OK"
2026-10-02 18:09:05,400 - WARNING - Invalid response, attempt=424: Quote must exist exactly; repeated quotes require valid offsets
2026-10-02 18:09:38,733 - INFO - HTTP Request: POST https://zyapi.tuluo.top:8888/v1/chat/completions "HTTP/1.1 200 OK"
2026-10-02 18:09:38,735 - WARNING - Invalid response, attempt=425: Quote must exist exactly; repeated quotes require valid offsets
2026-10-02 18:10:12,730 - INFO - HTTP Request: POST https://zyapi.tuluo.top:8888/v1/chat/completions "HTTP/1.1 200 OK"
2026-10-02 18:10:12,732 - WARNING - Invalid response, attempt=426: Quote must exist exactly; repeated quotes require valid offsets
2026-10-02 18:10:46,326 - INFO - HTTP Request: POST https://zyapi.tuluo.top:8888/v1/chat/completions "HTTP/1.1 200 OK"
2026-10-02 18:10:46,328 - WARNING - Invalid response, attempt=427: Quote must exist exactly; repeated quotes require valid offsets
2026-10-02 18:11:20,724 - INFO - HTTP Request: POST https://zyapi.tuluo.top:8888/v1/chat/completions "HTTP/1.1 200 OK"
2026-10-02 18:11:20,726 - WARNING - Invalid response, attempt=428: Quote must exist exactly; repeated quotes require valid offsets
2026-10-02 18:11:56,257 - INFO - HTTP Request: POST https://zyapi.tuluo.top:8888/v1/chat/completions "HTTP/1.1 200 OK"
2026-10-02 18:11:56,258 - WARNING - Invalid response, attempt=429: Quote must exist exactly; repeated quotes require valid offsets
2026-10-02 18:12:29,780 - INFO - HTTP Request: POST https://zyapi.tuluo.top:8888/v1/chat/completions "HTTP/1.1 200 OK"
2026-10-02 18:12:29,820 - WARNING - Invalid response, attempt=430: Quote must exist exactly; repeated quotes require valid offsets
2026-10-02 18:13:03,106 - INFO - HTTP Request: POST https://zyapi.tuluo.top:8888/v1/chat/completions "HTTP/1.1 200 OK"
2026-10-02 18:13:03,108 - WARNING - Invalid response, attempt=431: Quote must exist exactly; repeated quotes require valid offsets
2026-10-02 18:13:36,304 - INFO - HTTP Request: POST https://zyapi.tuluo.top:8888/v1/chat/completions "HTTP/1.1 200 OK"
2026-10-02 18:13:36,306 - WARNING - Invalid response, attempt=432: Quote must exist exactly; repeated quotes require valid offsets
2026-10-02 18:14:09,495 - INFO - HTTP Request: POST https://zyapi.tuluo.top:8888/v1/chat/completions "HTTP/1.1 200 OK"
2026-10-02 18:14:09,497 - WARNING - Invalid response, attempt=433: Quote must exist exactly; repeated quotes require valid offsets
2026-10-02 18:14:43,787 - INFO - HTTP Request: POST https://zyapi.tuluo.top:8888/v1/chat/completions "HTTP/1.1 200 OK"
2026-10-02 18:14:43,788 - WARNING - Invalid response, attempt=434: Quote must exist exactly; repeated quotes require valid offsets
2026-10-02 18:15:17,887 - INFO - HTTP Request: POST https://zyapi.tuluo.top:8888/v1/chat/completions "HTTP/1.1 200 OK"
2026-10-02 18:15:17,888 - WARNING - Invalid response, attempt=435: Quote must exist exactly; repeated quotes require valid offsets
2026-10-02 18:15:51,695 - INFO - HTTP Request: POST https://zyapi.tuluo.top:8888/v1/chat/completions "HTTP/1.1 200 OK"
2026-10-02 18:15:51,697 - WARNING - Invalid response, attempt=436: Quote must exist exactly; repeated quotes require valid offsets
2026-10-02 18:16:25,826 - INFO - HTTP Request: POST https://zyapi.tuluo.top:8888/v1/chat/completions "HTTP/1.1 200 OK"
2026-10-02 18:16:25,828 - WARNING - Invalid response, attempt=437: Quote must exist exactly; repeated quotes require valid offsets
2026-10-02 18:16:58,630 - INFO - HTTP Request: POST https://zyapi.tuluo.top:8888/v1/chat/completions "HTTP/1.1 200 OK"
2026-10-02 18:16:58,632 - WARNING - Invalid response, attempt=438: Quote must exist exactly; repeated quotes require valid offsets
2026-10-02 18:17:32,440 - INFO - HTTP Request: POST https://zyapi.tuluo.top:8888/v1/chat/completions "HTTP/1.1 200 OK"
2026-10-02 18:17:32,442 - WARNING - Invalid response, attempt=439: Quote must exist exactly; repeated quotes require valid offsets
2026-10-02 18:18:06,514 - INFO - HTTP Request: POST https://zyapi.tuluo.top:8888/v1/chat/completions "HTTP/1.1 200 OK"
2026-10-02 18:18:06,516 - WARNING - Invalid response, attempt=440: Quote must exist exactly; repeated quotes require valid offsets
2026-10-02 18:18:40,638 - INFO - HTTP Request: POST https://zyapi.tuluo.top:8888/v1/chat/completions "HTTP/1.1 200 OK"
2026-10-02 18:18:40,639 - WARNING - Invalid response, attempt=441: Quote must exist exactly; repeated quotes require valid offsets
2026-10-02 18:19:14,230 - INFO - HTTP Request: POST https://zyapi.tuluo.top:8888/v1/chat/completions "HTTP/1.1 200 OK"
2026-10-02 18:19:14,231 - WARNING - Invalid response, attempt=442: Quote must exist exactly; repeated quotes require valid offsets
2026-10-02 18:19:48,023 - INFO - HTTP Request: POST https://zyapi.tuluo.top:8888/v1/chat/completions "HTTP/1.1 200 OK"
2026-10-02 18:19:48,025 - WARNING - Invalid response, attempt=443: Quote must exist exactly; repeated quotes require valid offsets
2026-10-02 18:20:22,430 - INFO - HTTP Request: POST https://zyapi.tuluo.top:8888/v1/chat/completions "HTTP/1.1 200 OK"
2026-10-02 18:20:22,432 - WARNING - Invalid response, attempt=444: Quote must exist exactly; repeated quotes require valid offsets
2026-10-02 18:20:56,172 - INFO - HTTP Request: POST https://zyapi.tuluo.top:8888/v1/chat/completions "HTTP/1.1 200 OK"
2026-10-02 18:20:56,173 - WARNING - Invalid response, attempt=445: Quote must exist exactly; repeated quotes require valid offsets
2026-10-02 18:21:30,114 - INFO - HTTP Request: POST https://zyapi.tuluo.top:8888/v1/chat/completions "HTTP/1.1 200 OK"
2026-10-02 18:21:30,116 - WARNING - Invalid response, attempt=446: Quote must exist exactly; repeated quotes require valid offsets
2026-10-02 18:22:04,010 - INFO - HTTP Request: POST https://zyapi.tuluo.top:8888/v1/chat/completions "HTTP/1.1 200 OK"
2026-10-02 18:22:04,011 - WARNING - Invalid response, attempt=447: Quote must exist exactly; repeated quotes require valid offsets
2026-10-02 18:22:37,396 - INFO - HTTP Request: POST https://zyapi.tuluo.top:8888/v1/chat/completions "HTTP/1.1 200 OK"
2026-10-02 18:22:37,398 - WARNING - Invalid response, attempt=448: Quote must exist exactly; repeated quotes require valid offsets
2026-10-02 18:23:10,424 - INFO - HTTP Request: POST https://zyapi.tuluo.top:8888/v1/chat/completions "HTTP/1.1 200 OK"
2026-10-02 18:23:10,426 - WARNING - Invalid response, attempt=449: Quote must exist exactly; repeated quotes require valid offsets
2026-10-02 18:23:43,953 - INFO - HTTP Request: POST https://zyapi.tuluo.top:8888/v1/chat/completions "HTTP/1.1 200 OK"
2026-10-02 18:23:43,955 - WARNING - Invalid response, attempt=450: Quote must exist exactly; repeated quotes require valid offsets
2026-10-02 18:24:17,849 - INFO - HTTP Request: POST https://zyapi.tuluo.top:8888/v1/chat/completions "HTTP/1.1 200 OK"
2026-10-02 18:24:17,850 - WARNING - Invalid response, attempt=451: Quote must exist exactly; repeated quotes require valid offsets
2026-10-02 18:24:52,357 - INFO - HTTP Request: POST https://zyapi.tuluo.top:8888/v1/chat/completions "HTTP/1.1 200 OK"
2026-10-02 18:24:52,359 - WARNING - Invalid response, attempt=452: Quote must exist exactly; repeated quotes require valid offsets
2026-10-02 18:25:25,395 - INFO - HTTP Request: POST https://zyapi.tuluo.top:8888/v1/chat/completions "HTTP/1.1 200 OK"
2026-10-02 18:25:25,397 - WARNING - Invalid response, attempt=453: Quote must exist exactly; repeated quotes require valid offsets
2026-10-02 18:25:59,123 - INFO - HTTP Request: POST https://zyapi.tuluo.top:8888/v1/chat/completions "HTTP/1.1 200 OK"
2026-10-02 18:25:59,124 - WARNING - Invalid response, attempt=454: Quote must exist exactly; repeated quotes require valid offsets
2026-10-02 18:26:32,613 - INFO - HTTP Request: POST https://zyapi.tuluo.top:8888/v1/chat/completions "HTTP/1.1 200 OK"
2026-10-02 18:26:32,615 - WARNING - Invalid response, attempt=455: Quote must exist exactly; repeated quotes require valid offsets
2026-10-02 18:27:06,008 - INFO - HTTP Request: POST https://zyapi.tuluo.top:8888/v1/chat/completions "HTTP/1.1 200 OK"
2026-10-02 18:27:06,010 - WARNING - Invalid response, attempt=456: Quote must exist exactly; repeated quotes require valid offsets
2026-10-02 18:27:39,457 - INFO - HTTP Request: POST https://zyapi.tuluo.top:8888/v1/chat/completions "HTTP/1.1 200 OK"
2026-10-02 18:27:39,459 - WARNING - Invalid response, attempt=457: Quote must exist exactly; repeated quotes require valid offsets
2026-10-02 18:28:12,859 - INFO - HTTP Request: POST https://zyapi.tuluo.top:8888/v1/chat/completions "HTTP/1.1 200 OK"
2026-10-02 18:28:12,860 - WARNING - Invalid response, attempt=458: Quote must exist exactly; repeated quotes require valid offsets
2026-10-02 18:28:46,165 - INFO - HTTP Request: POST https://zyapi.tuluo.top:8888/v1/chat/completions "HTTP/1.1 200 OK"
2026-10-02 18:28:46,167 - WARNING - Invalid response, attempt=459: Quote must exist exactly; repeated quotes require valid offsets
2026-10-02 18:29:19,830 - INFO - HTTP Request: POST https://zyapi.tuluo.top:8888/v1/chat/completions "HTTP/1.1 200 OK"
2026-10-02 18:29:19,832 - WARNING - Invalid response, attempt=460: Quote must exist exactly; repeated quotes require valid offsets
2026-10-02 18:29:53,585 - INFO - HTTP Request: POST https://zyapi.tuluo.top:8888/v1/chat/completions "HTTP/1.1 200 OK"
2026-10-02 18:29:53,587 - WARNING - Invalid response, attempt=461: Quote must exist exactly; repeated quotes require valid offsets
2026-10-02 18:30:27,865 - INFO - HTTP Request: POST https://zyapi.tuluo.top:8888/v1/chat/completions "HTTP/1.1 200 OK"
2026-10-02 18:30:27,867 - WARNING - Invalid response, attempt=462: Quote must exist exactly; repeated quotes require valid offsets
2026-10-02 18:31:01,720 - INFO - HTTP Request: POST https://zyapi.tuluo.top:8888/v1/chat/completions "HTTP/1.1 200 OK"
2026-10-02 18:31:01,721 - WARNING - Invalid response, attempt=463: Quote must exist exactly; repeated quotes require valid offsets
2026-10-02 18:31:35,706 - INFO - HTTP Request: POST https://zyapi.tuluo.top:8888/v1/chat/completions "HTTP/1.1 200 OK"
2026-10-02 18:31:35,707 - WARNING - Invalid response, attempt=464: Quote must exist exactly; repeated quotes require valid offsets
2026-10-02 18:32:09,384 - INFO - HTTP Request: POST https://zyapi.tuluo.top:8888/v1/chat/completions "HTTP/1.1 200 OK"
2026-10-02 18:32:09,385 - WARNING - Invalid response, attempt=465: Quote must exist exactly; repeated quotes require valid offsets
2026-10-02 18:32:42,995 - INFO - HTTP Request: POST https://zyapi.tuluo.top:8888/v1/chat/completions "HTTP/1.1 200 OK"
2026-10-02 18:32:42,996 - WARNING - Invalid response, attempt=466: Quote must exist exactly; repeated quotes require valid offsets
2026-10-02 18:33:16,686 - INFO - HTTP Request: POST https://zyapi.tuluo.top:8888/v1/chat/completions "HTTP/1.1 200 OK"
2026-10-02 18:33:16,688 - WARNING - Invalid response, attempt=467: Quote must exist exactly; repeated quotes require valid offsets
2026-10-02 18:33:49,965 - INFO - HTTP Request: POST https://zyapi.tuluo.top:8888/v1/chat/completions "HTTP/1.1 200 OK"
2026-10-02 18:33:49,967 - WARNING - Invalid response, attempt=468: Quote must exist exactly; repeated quotes require valid offsets
2026-10-02 18:34:23,479 - INFO - HTTP Request: POST https://zyapi.tuluo.top:8888/v1/chat/completions "HTTP/1.1 200 OK"
2026-10-02 18:34:23,481 - WARNING - Invalid response, attempt=469: Quote must exist exactly; repeated quotes require valid offsets
2026-10-02 18:34:56,630 - INFO - HTTP Request: POST https://zyapi.tuluo.top:8888/v1/chat/completions "HTTP/1.1 200 OK"
2026-10-02 18:34:56,632 - WARNING - Invalid response, attempt=470: Quote must exist exactly; repeated quotes require valid offsets
2026-10-02 18:35:30,011 - INFO - HTTP Request: POST https://zyapi.tuluo.top:8888/v1/chat/completions "HTTP/1.1 200 OK"
2026-10-02 18:35:30,013 - WARNING - Invalid response, attempt=471: Quote must exist exactly; repeated quotes require valid offsets
2026-10-02 18:36:04,316 - INFO - HTTP Request: POST https://zyapi.tuluo.top:8888/v1/chat/completions "HTTP/1.1 200 OK"
2026-10-02 18:36:04,317 - WARNING - Invalid response, attempt=472: Quote must exist exactly; repeated quotes require valid offsets
2026-10-02 18:36:37,958 - INFO - HTTP Request: POST https://zyapi.tuluo.top:8888/v1/chat/completions "HTTP/1.1 200 OK"
2026-10-02 18:36:37,960 - WARNING - Invalid response, attempt=473: Quote must exist exactly; repeated quotes require valid offsets
2026-10-02 18:37:11,054 - INFO - HTTP Request: POST https://zyapi.tuluo.top:8888/v1/chat/completions "HTTP/1.1 200 OK"
2026-10-02 18:37:11,056 - WARNING - Invalid response, attempt=474: Quote must exist exactly; repeated quotes require valid offsets
2026-10-02 18:37:45,210 - INFO - HTTP Request: POST https://zyapi.tuluo.top:8888/v1/chat/completions "HTTP/1.1 200 OK"
2026-10-02 18:37:45,211 - WARNING - Invalid response, attempt=475: Quote must exist exactly; repeated quotes require valid offsets
2026-10-02 18:38:19,214 - INFO - HTTP Request: POST https://zyapi.tuluo.top:8888/v1/chat/completions "HTTP/1.1 200 OK"
2026-10-02 18:38:19,216 - WARNING - Invalid response, attempt=476: Quote must exist exactly; repeated quotes require valid offsets
2026-10-02 18:38:52,766 - INFO - HTTP Request: POST https://zyapi.tuluo.top:8888/v1/chat/completions "HTTP/1.1 200 OK"
2026-10-02 18:38:52,768 - WARNING - Invalid response, attempt=477: Quote must exist exactly; repeated quotes require valid offsets
2026-10-02 18:39:26,154 - INFO - HTTP Request: POST https://zyapi.tuluo.top:8888/v1/chat/completions "HTTP/1.1 200 OK"
2026-10-02 18:39:26,156 - WARNING - Invalid response, attempt=478: Quote must exist exactly; repeated quotes require valid offsets
2026-10-02 18:39:59,839 - INFO - HTTP Request: POST https://zyapi.tuluo.top:8888/v1/chat/completions "HTTP/1.1 200 OK"
2026-10-02 18:39:59,840 - WARNING - Invalid response, attempt=479: Quote must exist exactly; repeated quotes require valid offsets
2026-10-02 18:40:33,395 - INFO - HTTP Request: POST https://zyapi.tuluo.top:8888/v1/chat/completions "HTTP/1.1 200 OK"
2026-10-02 18:40:33,397 - WARNING - Invalid response, attempt=480: Quote must exist exactly; repeated quotes require valid offsets
2026-10-02 18:41:06,720 - INFO - HTTP Request: POST https://zyapi.tuluo.top:8888/v1/chat/completions "HTTP/1.1 200 OK"
2026-10-02 18:41:06,722 - WARNING - Invalid response, attempt=481: Quote must exist exactly; repeated quotes require valid offsets
2026-10-02 18:41:40,352 - INFO - HTTP Request: POST https://zyapi.tuluo.top:8888/v1/chat/completions "HTTP/1.1 200 OK"
2026-10-02 18:41:40,353 - WARNING - Invalid response, attempt=482: Quote must exist exactly; repeated quotes require valid offsets
2026-10-02 18:42:13,840 - INFO - HTTP Request: POST https://zyapi.tuluo.top:8888/v1/chat/completions "HTTP/1.1 200 OK"
2026-10-02 18:42:13,842 - WARNING - Invalid response, attempt=483: Quote must exist exactly; repeated quotes require valid offsets
2026-10-02 18:42:49,313 - INFO - HTTP Request: POST https://zyapi.tuluo.top:8888/v1/chat/completions "HTTP/1.1 200 OK"
2026-10-02 18:42:49,315 - WARNING - Invalid response, attempt=484: Quote must exist exactly; repeated quotes require valid offsets
2026-10-02 18:43:22,184 - INFO - HTTP Request: POST https://zyapi.tuluo.top:8888/v1/chat/completions "HTTP/1.1 200 OK"
2026-10-02 18:43:22,186 - WARNING - Invalid response, attempt=485: Quote must exist exactly; repeated quotes require valid offsets
2026-10-02 18:43:57,576 - INFO - HTTP Request: POST https://zyapi.tuluo.top:8888/v1/chat/completions "HTTP/1.1 200 OK"
2026-10-02 18:43:57,577 - WARNING - Invalid response, attempt=486: Quote must exist exactly; repeated quotes require valid offsets
2026-10-02 18:44:31,082 - INFO - HTTP Request: POST https://zyapi.tuluo.top:8888/v1/chat/completions "HTTP/1.1 200 OK"
2026-10-02 18:44:31,084 - WARNING - Invalid response, attempt=487: Quote must exist exactly; repeated quotes require valid offsets
2026-10-02 18:45:04,483 - INFO - HTTP Request: POST https://zyapi.tuluo.top:8888/v1/chat/completions "HTTP/1.1 200 OK"
2026-10-02 18:45:04,485 - WARNING - Invalid response, attempt=488: Quote must exist exactly; repeated quotes require valid offsets
2026-10-02 18:45:38,481 - INFO - HTTP Request: POST https://zyapi.tuluo.top:8888/v1/chat/completions "HTTP/1.1 200 OK"
2026-10-02 18:45:38,482 - WARNING - Invalid response, attempt=489: Quote must exist exactly; repeated quotes require valid offsets
2026-10-02 18:46:13,708 - INFO - HTTP Request: POST https://zyapi.tuluo.top:8888/v1/chat/completions "HTTP/1.1 200 OK"
2026-10-02 18:46:13,710 - WARNING - Invalid response, attempt=490: Quote must exist exactly; repeated quotes require valid offsets
2026-10-02 18:46:47,607 - INFO - HTTP Request: POST https://zyapi.tuluo.top:8888/v1/chat/completions "HTTP/1.1 200 OK"
2026-10-02 18:46:47,608 - WARNING - Invalid response, attempt=491: Quote must exist exactly; repeated quotes require valid offsets
2026-10-02 18:47:21,257 - INFO - HTTP Request: POST https://zyapi.tuluo.top:8888/v1/chat/completions "HTTP/1.1 200 OK"
2026-10-02 18:47:21,259 - WARNING - Invalid response, attempt=492: Quote must exist exactly; repeated quotes require valid offsets
2026-10-02 18:47:54,530 - INFO - HTTP Request: POST https://zyapi.tuluo.top:8888/v1/chat/completions "HTTP/1.1 200 OK"
2026-10-02 18:47:54,532 - WARNING - Invalid response, attempt=493: Quote must exist exactly; repeated quotes require valid offsets
2026-10-02 18:48:29,451 - INFO - HTTP Request: POST https://zyapi.tuluo.top:8888/v1/chat/completions "HTTP/1.1 200 OK"
2026-10-02 18:48:29,452 - WARNING - Invalid response, attempt=494: Quote must exist exactly; repeated quotes require valid offsets
2026-10-02 18:49:03,754 - INFO - HTTP Request: POST https://zyapi.tuluo.top:8888/v1/chat/completions "HTTP/1.1 200 OK"
2026-10-02 18:49:03,756 - WARNING - Invalid response, attempt=495: Quote must exist exactly; repeated quotes require valid offsets
2026-10-02 18:49:37,410 - INFO - HTTP Request: POST https://zyapi.tuluo.top:8888/v1/chat/completions "HTTP/1.1 200 OK"
2026-10-02 18:49:37,411 - WARNING - Invalid response, attempt=496: Quote must exist exactly; repeated quotes require valid offsets
2026-10-02 18:50:11,341 - INFO - HTTP Request: POST https://zyapi.tuluo.top:8888/v1/chat/completions "HTTP/1.1 200 OK"
2026-10-02 18:50:11,342 - WARNING - Invalid response, attempt=497: Quote must exist exactly; repeated quotes require valid offsets
2026-10-02 18:50:44,695 - INFO - HTTP Request: POST https://zyapi.tuluo.top:8888/v1/chat/completions "HTTP/1.1 200 OK"
2026-10-02 18:50:44,696 - WARNING - Invalid response, attempt=498: Quote must exist exactly; repeated quotes require valid offsets
2026-10-02 18:51:18,238 - INFO - HTTP Request: POST https://zyapi.tuluo.top:8888/v1/chat/completions "HTTP/1.1 200 OK"
2026-10-02 18:51:18,240 - WARNING - Invalid response, attempt=499: Quote must exist exactly; repeated quotes require valid offsets
2026-10-02 18:51:53,127 - INFO - HTTP Request: POST https://zyapi.tuluo.top:8888/v1/chat/completions "HTTP/1.1 200 OK"
2026-10-02 18:51:53,129 - WARNING - Invalid response, attempt=500: Quote must exist exactly; repeated quotes require valid offsets
2026-10-02 18:52:26,408 - INFO - HTTP Request: POST https://zyapi.tuluo.top:8888/v1/chat/completions "HTTP/1.1 200 OK"
2026-10-02 18:52:26,410 - WARNING - Invalid response, attempt=501: Quote must exist exactly; repeated quotes require valid offsets
2026-10-02 18:52:59,573 - INFO - HTTP Request: POST https://zyapi.tuluo.top:8888/v1/chat/completions "HTTP/1.1 200 OK"
2026-10-02 18:52:59,575 - WARNING - Invalid response, attempt=502: Quote must exist exactly; repeated quotes require valid offsets
2026-10-02 18:53:33,379 - INFO - HTTP Request: POST https://zyapi.tuluo.top:8888/v1/chat/completions "HTTP/1.1 200 OK"
2026-10-02 18:53:33,381 - WARNING - Invalid response, attempt=503: Quote must exist exactly; repeated quotes require valid offsets
2026-10-02 18:54:06,763 - INFO - HTTP Request: POST https://zyapi.tuluo.top:8888/v1/chat/completions "HTTP/1.1 200 OK"
2026-10-02 18:54:06,765 - WARNING - Invalid response, attempt=504: Quote must exist exactly; repeated quotes require valid offsets
2026-10-02 18:54:40,352 - INFO - HTTP Request: POST https://zyapi.tuluo.top:8888/v1/chat/completions "HTTP/1.1 200 OK"
2026-10-02 18:54:40,354 - WARNING - Invalid response, attempt=505: Quote must exist exactly; repeated quotes require valid offsets
2026-10-02 18:55:13,734 - INFO - HTTP Request: POST https://zyapi.tuluo.top:8888/v1/chat/completions "HTTP/1.1 200 OK"
2026-10-02 18:55:13,736 - WARNING - Invalid response, attempt=506: Quote must exist exactly; repeated quotes require valid offsets
2026-10-02 18:55:47,323 - INFO - HTTP Request: POST https://zyapi.tuluo.top:8888/v1/chat/completions "HTTP/1.1 200 OK"
2026-10-02 18:55:47,324 - WARNING - Invalid response, attempt=507: Quote must exist exactly; repeated quotes require valid offsets
2026-10-02 18:56:21,935 - INFO - HTTP Request: POST https://zyapi.tuluo.top:8888/v1/chat/completions "HTTP/1.1 200 OK"
2026-10-02 18:56:21,937 - WARNING - Invalid response, attempt=508: Quote must exist exactly; repeated quotes require valid offsets
2026-10-02 18:56:55,875 - INFO - HTTP Request: POST https://zyapi.tuluo.top:8888/v1/chat/completions "HTTP/1.1 200 OK"
2026-10-02 18:56:55,877 - WARNING - Invalid response, attempt=509: Quote must exist exactly; repeated quotes require valid offsets
2026-10-02 18:57:30,340 - INFO - HTTP Request: POST https://zyapi.tuluo.top:8888/v1/chat/completions "HTTP/1.1 200 OK"
2026-10-02 18:57:30,342 - WARNING - Invalid response, attempt=510: Quote must exist exactly; repeated quotes require valid offsets
2026-10-02 18:58:03,783 - INFO - HTTP Request: POST https://zyapi.tuluo.top:8888/v1/chat/completions "HTTP/1.1 200 OK"
2026-10-02 18:58:03,784 - WARNING - Invalid response, attempt=511: Quote must exist exactly; repeated quotes require valid offsets
2026-10-02 18:58:36,933 - INFO - HTTP Request: POST https://zyapi.tuluo.top:8888/v1/chat/completions "HTTP/1.1 200 OK"
2026-10-02 18:58:36,935 - WARNING - Invalid response, attempt=512: Quote must exist exactly; repeated quotes require valid offsets
2026-10-02 18:59:10,430 - INFO - HTTP Request: POST https://zyapi.tuluo.top:8888/v1/chat/completions "HTTP/1.1 200 OK"
2026-10-02 18:59:10,431 - WARNING - Invalid response, attempt=513: Quote must exist exactly; repeated quotes require valid offsets
2026-10-02 18:59:43,769 - INFO - HTTP Request: POST https://zyapi.tuluo.top:8888/v1/chat/completions "HTTP/1.1 200 OK"
2026-10-02 18:59:43,770 - WARNING - Invalid response, attempt=514: Quote must exist exactly; repeated quotes require valid offsets
2026-10-02 19:00:17,519 - INFO - HTTP Request: POST https://zyapi.tuluo.top:8888/v1/chat/completions "HTTP/1.1 200 OK"
2026-10-02 19:00:17,521 - WARNING - Invalid response, attempt=515: Quote must exist exactly; repeated quotes require valid offsets
2026-10-02 19:00:51,101 - INFO - HTTP Request: POST https://zyapi.tuluo.top:8888/v1/chat/completions "HTTP/1.1 200 OK"
2026-10-02 19:00:51,102 - WARNING - Invalid response, attempt=516: Quote must exist exactly; repeated quotes require valid offsets
2026-10-02 19:01:24,327 - INFO - HTTP Request: POST https://zyapi.tuluo.top:8888/v1/chat/completions "HTTP/1.1 200 OK"
2026-10-02 19:01:24,329 - WARNING - Invalid response, attempt=517: Quote must exist exactly; repeated quotes require valid offsets
2026-10-02 19:01:58,021 - INFO - HTTP Request: POST https://zyapi.tuluo.top:8888/v1/chat/completions "HTTP/1.1 200 OK"
2026-10-02 19:01:58,023 - WARNING - Invalid response, attempt=518: Quote must exist exactly; repeated quotes require valid offsets
2026-10-02 19:02:31,408 - INFO - HTTP Request: POST https://zyapi.tuluo.top:8888/v1/chat/completions "HTTP/1.1 200 OK"
2026-10-02 19:02:31,409 - WARNING - Invalid response, attempt=519: Quote must exist exactly; repeated quotes require valid offsets
2026-10-02 19:03:05,316 - INFO - HTTP Request: POST https://zyapi.tuluo.top:8888/v1/chat/completions "HTTP/1.1 200 OK"
2026-10-02 19:03:05,318 - WARNING - Invalid response, attempt=520: Quote must exist exactly; repeated quotes require valid offsets
2026-10-02 19:03:39,266 - INFO - HTTP Request: POST https://zyapi.tuluo.top:8888/v1/chat/completions "HTTP/1.1 200 OK"
2026-10-02 19:03:39,268 - WARNING - Invalid response, attempt=521: Quote must exist exactly; repeated quotes require valid offsets
2026-10-02 19:04:13,416 - INFO - HTTP Request: POST https://zyapi.tuluo.top:8888/v1/chat/completions "HTTP/1.1 200 OK"
2026-10-02 19:04:13,417 - WARNING - Invalid response, attempt=522: Quote must exist exactly; repeated quotes require valid offsets
2026-10-02 19:04:47,618 - INFO - HTTP Request: POST https://zyapi.tuluo.top:8888/v1/chat/completions "HTTP/1.1 200 OK"
2026-10-02 19:04:47,620 - WARNING - Invalid response, attempt=523: Quote must exist exactly; repeated quotes require valid offsets
2026-10-02 19:05:20,992 - INFO - HTTP Request: POST https://zyapi.tuluo.top:8888/v1/chat/completions "HTTP/1.1 200 OK"
2026-10-02 19:05:20,993 - WARNING - Invalid response, attempt=524: Quote must exist exactly; repeated quotes require valid offsets
2026-10-02 19:05:54,386 - INFO - HTTP Request: POST https://zyapi.tuluo.top:8888/v1/chat/completions "HTTP/1.1 200 OK"
2026-10-02 19:05:54,388 - WARNING - Invalid response, attempt=525: Quote must exist exactly; repeated quotes require valid offsets
2026-10-02 19:06:29,084 - INFO - HTTP Request: POST https://zyapi.tuluo.top:8888/v1/chat/completions "HTTP/1.1 200 OK"
2026-10-02 19:06:29,086 - WARNING - Invalid response, attempt=526: Quote must exist exactly; repeated quotes require valid offsets
2026-10-02 19:07:02,893 - INFO - HTTP Request: POST https://zyapi.tuluo.top:8888/v1/chat/completions "HTTP/1.1 200 OK"
2026-10-02 19:07:02,895 - WARNING - Invalid response, attempt=527: Quote must exist exactly; repeated quotes require valid offsets
2026-10-02 19:07:36,995 - INFO - HTTP Request: POST https://zyapi.tuluo.top:8888/v1/chat/completions "HTTP/1.1 200 OK"
2026-10-02 19:07:36,996 - WARNING - Invalid response, attempt=528: Quote must exist exactly; repeated quotes require valid offsets
2026-10-02 19:08:10,378 - INFO - HTTP Request: POST https://zyapi.tuluo.top:8888/v1/chat/completions "HTTP/1.1 200 OK"
2026-10-02 19:08:10,379 - WARNING - Invalid response, attempt=529: Quote must exist exactly; repeated quotes require valid offsets
2026-10-02 19:08:43,899 - INFO - HTTP Request: POST https://zyapi.tuluo.top:8888/v1/chat/completions "HTTP/1.1 200 OK"
2026-10-02 19:08:43,901 - WARNING - Invalid response, attempt=530: Quote must exist exactly; repeated quotes require valid offsets
2026-10-02 19:09:18,094 - INFO - HTTP Request: POST https://zyapi.tuluo.top:8888/v1/chat/completions "HTTP/1.1 200 OK"
2026-10-02 19:09:18,095 - WARNING - Invalid response, attempt=531: Quote must exist exactly; repeated quotes require valid offsets
2026-10-02 19:09:51,452 - INFO - HTTP Request: POST https://zyapi.tuluo.top:8888/v1/chat/completions "HTTP/1.1 200 OK"
2026-10-02 19:09:51,454 - WARNING - Invalid response, attempt=532: Quote must exist exactly; repeated quotes require valid offsets
2026-10-02 19:10:26,602 - INFO - HTTP Request: POST https://zyapi.tuluo.top:8888/v1/chat/completions "HTTP/1.1 200 OK"
2026-10-02 19:10:26,603 - WARNING - Invalid response, attempt=533: Quote must exist exactly; repeated quotes require valid offsets
2026-10-02 19:10:59,855 - INFO - HTTP Request: POST https://zyapi.tuluo.top:8888/v1/chat/completions "HTTP/1.1 200 OK"
2026-10-02 19:10:59,856 - WARNING - Invalid response, attempt=534: Quote must exist exactly; repeated quotes require valid offsets
2026-10-02 19:11:33,338 - INFO - HTTP Request: POST https://zyapi.tuluo.top:8888/v1/chat/completions "HTTP/1.1 200 OK"
2026-10-02 19:11:33,340 - WARNING - Invalid response, attempt=535: Quote must exist exactly; repeated quotes require valid offsets
2026-10-02 19:12:07,439 - INFO - HTTP Request: POST https://zyapi.tuluo.top:8888/v1/chat/completions "HTTP/1.1 200 OK"
2026-10-02 19:12:07,441 - WARNING - Invalid response, attempt=536: Quote must exist exactly; repeated quotes require valid offsets
2026-10-02 19:12:41,489 - INFO - HTTP Request: POST https://zyapi.tuluo.top:8888/v1/chat/completions "HTTP/1.1 200 OK"
2026-10-02 19:12:41,491 - WARNING - Invalid response, attempt=537: Quote must exist exactly; repeated quotes require valid offsets
2026-10-02 19:13:14,819 - INFO - HTTP Request: POST https://zyapi.tuluo.top:8888/v1/chat/completions "HTTP/1.1 200 OK"
2026-10-02 19:13:14,821 - WARNING - Invalid response, attempt=538: Quote must exist exactly; repeated quotes require valid offsets
2026-10-02 19:13:48,510 - INFO - HTTP Request: POST https://zyapi.tuluo.top:8888/v1/chat/completions "HTTP/1.1 200 OK"
2026-10-02 19:13:48,512 - WARNING - Invalid response, attempt=539: Quote must exist exactly; repeated quotes require valid offsets
2026-10-02 19:14:22,200 - INFO - HTTP Request: POST https://zyapi.tuluo.top:8888/v1/chat/completions "HTTP/1.1 200 OK"
2026-10-02 19:14:22,201 - WARNING - Invalid response, attempt=540: Quote must exist exactly; repeated quotes require valid offsets
2026-10-02 19:14:55,936 - INFO - HTTP Request: POST https://zyapi.tuluo.top:8888/v1/chat/completions "HTTP/1.1 200 OK"
2026-10-02 19:14:55,937 - WARNING - Invalid response, attempt=541: Quote must exist exactly; repeated quotes require valid offsets
2026-10-02 19:15:29,368 - INFO - HTTP Request: POST https://zyapi.tuluo.top:8888/v1/chat/completions "HTTP/1.1 200 OK"
2026-10-02 19:15:29,369 - WARNING - Invalid response, attempt=542: Quote must exist exactly; repeated quotes require valid offsets
2026-10-02 19:16:02,939 - INFO - HTTP Request: POST https://zyapi.tuluo.top:8888/v1/chat/completions "HTTP/1.1 200 OK"
2026-10-02 19:16:02,940 - WARNING - Invalid response, attempt=543: Quote must exist exactly; repeated quotes require valid offsets
2026-10-02 19:16:36,144 - INFO - HTTP Request: POST https://zyapi.tuluo.top:8888/v1/chat/completions "HTTP/1.1 200 OK"
2026-10-02 19:16:36,146 - WARNING - Invalid response, attempt=544: Quote must exist exactly; repeated quotes require valid offsets
2026-10-02 19:17:10,019 - INFO - HTTP Request: POST https://zyapi.tuluo.top:8888/v1/chat/completions "HTTP/1.1 200 OK"
2026-10-02 19:17:10,020 - WARNING - Invalid response, attempt=545: Quote must exist exactly; repeated quotes require valid offsets
2026-10-02 19:17:43,115 - INFO - HTTP Request: POST https://zyapi.tuluo.top:8888/v1/chat/completions "HTTP/1.1 200 OK"
2026-10-02 19:17:43,116 - WARNING - Invalid response, attempt=546: Quote must exist exactly; repeated quotes require valid offsets
2026-10-02 19:18:16,264 - INFO - HTTP Request: POST https://zyapi.tuluo.top:8888/v1/chat/completions "HTTP/1.1 200 OK"
2026-10-02 19:18:16,266 - WARNING - Invalid response, attempt=547: Quote must exist exactly; repeated quotes require valid offsets
2026-10-02 19:18:49,621 - INFO - HTTP Request: POST https://zyapi.tuluo.top:8888/v1/chat/completions "HTTP/1.1 200 OK"
2026-10-02 19:18:49,623 - WARNING - Invalid response, attempt=548: Quote must exist exactly; repeated quotes require valid offsets
2026-10-02 19:19:23,725 - INFO - HTTP Request: POST https://zyapi.tuluo.top:8888/v1/chat/completions "HTTP/1.1 200 OK"
2026-10-02 19:19:23,727 - WARNING - Invalid response, attempt=549: Quote must exist exactly; repeated quotes require valid offsets
2026-10-02 19:19:56,869 - INFO - HTTP Request: POST https://zyapi.tuluo.top:8888/v1/chat/completions "HTTP/1.1 200 OK"
2026-10-02 19:19:56,870 - WARNING - Invalid response, attempt=550: Quote must exist exactly; repeated quotes require valid offsets
2026-10-02 19:57:37,650 - WARNING - Request failed, attempt=551: APIConnectionError
2026-10-02 20:18:12,966 - INFO - HTTP Request: POST https://zyapi.tuluo.top:8888/v1/chat/completions "HTTP/1.1 200 OK"
2026-10-02 20:18:12,968 - WARNING - Invalid response, attempt=552: Quote must exist exactly; repeated quotes require valid offsets
2026-10-02 20:18:47,087 - INFO - HTTP Request: POST https://zyapi.tuluo.top:8888/v1/chat/completions "HTTP/1.1 200 OK"
2026-10-02 20:18:47,092 - WARNING - Invalid response, attempt=553: Quote must exist exactly; repeated quotes require valid offsets
2026-10-02 20:19:21,194 - INFO - HTTP Request: POST https://zyapi.tuluo.top:8888/v1/chat/completions "HTTP/1.1 200 OK"
2026-10-02 20:19:21,195 - WARNING - Invalid response, attempt=554: Quote must exist exactly; repeated quotes require valid offsets
2026-10-02 20:19:55,541 - INFO - HTTP Request: POST https://zyapi.tuluo.top:8888/v1/chat/completions "HTTP/1.1 200 OK"
2026-10-02 20:19:55,543 - WARNING - Invalid response, attempt=555: Quote must exist exactly; repeated quotes require valid offsets
2026-10-02 20:20:30,838 - INFO - HTTP Request: POST https://zyapi.tuluo.top:8888/v1/chat/completions "HTTP/1.1 200 OK"
2026-10-02 20:20:30,839 - WARNING - Invalid response, attempt=556: Quote must exist exactly; repeated quotes require valid offsets
2026-10-02 20:24:52,261 - INFO - Config file: /Users/tuenglee/Desktop/bioAgent/MyBioAgent/config/baseline/bc2gm/bc2gm_deepseek.json
2026-10-02 20:24:52,261 - INFO - Output jsonl: /Users/tuenglee/Desktop/bioAgent/MyBioAgent/result/baseline/bc2gm/deepseek-v4-flash/bc2gm_deepseek_predictions.jsonl
2026-10-02 20:24:52,261 - INFO - Experiment: bc2gm_deepseek
2026-10-02 20:24:52,261 - INFO - Model: deepseek-v4.1-flash
2026-10-02 20:24:56,134 - INFO - HTTP Request: POST https://zyapi.tuluo.top:8888/v1/chat/completions "HTTP/1.1 200 OK"
2026-10-02 20:25:04,060 - INFO - HTTP Request: POST https://zyapi.tuluo.top:8888/v1/chat/completions "HTTP/1.1 200 OK"
2026-10-02 20:25:09,016 - INFO - HTTP Request: POST https://zyapi.tuluo.top:8888/v1/chat/completions "HTTP/1.1 200 OK"
2026-10-02 20:25:15,377 - INFO - HTTP Request: POST https://zyapi.tuluo.top:8888/v1/chat/completions "HTTP/1.1 200 OK"
2026-10-02 20:25:20,998 - INFO - HTTP Request: POST https://zyapi.tuluo.top:8888/v1/chat/completions "HTTP/1.1 200 OK"
2026-10-02 20:25:26,014 - INFO - HTTP Request: POST https://zyapi.tuluo.top:8888/v1/chat/completions "HTTP/1.1 200 OK"
2026-10-02 20:25:31,033 - INFO - HTTP Request: POST https://zyapi.tuluo.top:8888/v1/chat/completions "HTTP/1.1 200 OK"
2026-10-02 20:25:36,795 - INFO - HTTP Request: POST https://zyapi.tuluo.top:8888/v1/chat/completions "HTTP/1.1 200 OK"
2026-10-02 20:25:42,440 - INFO - HTTP Request: POST https://zyapi.tuluo.top:8888/v1/chat/completions "HTTP/1.1 200 OK"
2026-10-02 20:25:48,218 - INFO - HTTP Request: POST https://zyapi.tuluo.top:8888/v1/chat/completions "HTTP/1.1 200 OK"
2026-10-02 20:25:53,631 - INFO - HTTP Request: POST https://zyapi.tuluo.top:8888/v1/chat/completions "HTTP/1.1 200 OK"
2026-10-02 20:26:00,190 - INFO - HTTP Request: POST https://zyapi.tuluo.top:8888/v1/chat/completions "HTTP/1.1 200 OK"
2026-10-02 20:26:06,911 - INFO - HTTP Request: POST https://zyapi.tuluo.top:8888/v1/chat/completions "HTTP/1.1 200 OK"
2026-10-02 20:26:14,574 - INFO - HTTP Request: POST https://zyapi.tuluo.top:8888/v1/chat/completions "HTTP/1.1 200 OK"
2026-10-02 20:26:20,301 - INFO - HTTP Request: POST https://zyapi.tuluo.top:8888/v1/chat/completions "HTTP/1.1 200 OK"
2026-10-02 20:26:25,259 - INFO - HTTP Request: POST https://zyapi.tuluo.top:8888/v1/chat/completions "HTTP/1.1 200 OK"
2026-10-02 20:26:30,143 - INFO - HTTP Request: POST https://zyapi.tuluo.top:8888/v1/chat/completions "HTTP/1.1 200 OK"
2026-10-02 20:26:36,652 - INFO - HTTP Request: POST https://zyapi.tuluo.top:8888/v1/chat/completions "HTTP/1.1 200 OK"
2026-10-02 20:26:42,066 - INFO - HTTP Request: POST https://zyapi.tuluo.top:8888/v1/chat/completions "HTTP/1.1 200 OK"
2026-10-02 20:26:47,604 - INFO - HTTP Request: POST https://zyapi.tuluo.top:8888/v1/chat/completions "HTTP/1.1 200 OK"
2026-10-02 20:26:54,242 - INFO - HTTP Request: POST https://zyapi.tuluo.top:8888/v1/chat/completions "HTTP/1.1 200 OK"
2026-10-02 20:27:00,203 - INFO - HTTP Request: POST https://zyapi.tuluo.top:8888/v1/chat/completions "HTTP/1.1 200 OK"
2026-10-02 20:27:05,415 - INFO - HTTP Request: POST https://zyapi.tuluo.top:8888/v1/chat/completions "HTTP/1.1 200 OK"
2026-10-02 20:27:10,597 - INFO - HTTP Request: POST https://zyapi.tuluo.top:8888/v1/chat/completions "HTTP/1.1 200 OK"
2026-10-02 20:27:19,394 - INFO - HTTP Request: POST https://zyapi.tuluo.top:8888/v1/chat/completions "HTTP/1.1 200 OK"
2026-10-02 20:27:24,859 - INFO - HTTP Request: POST https://zyapi.tuluo.top:8888/v1/chat/completions "HTTP/1.1 200 OK"
2026-10-02 20:27:30,533 - INFO - HTTP Request: POST https://zyapi.tuluo.top:8888/v1/chat/completions "HTTP/1.1 200 OK"
2026-10-02 20:27:36,073 - INFO - HTTP Request: POST https://zyapi.tuluo.top:8888/v1/chat/completions "HTTP/1.1 200 OK"
2026-10-02 20:27:40,823 - INFO - HTTP Request: POST https://zyapi.tuluo.top:8888/v1/chat/completions "HTTP/1.1 200 OK"
2026-10-02 20:27:47,720 - INFO - HTTP Request: POST https://zyapi.tuluo.top:8888/v1/chat/completions "HTTP/1.1 200 OK"
2026-10-02 20:27:52,461 - INFO - HTTP Request: POST https://zyapi.tuluo.top:8888/v1/chat/completions "HTTP/1.1 200 OK"
2026-10-02 20:27:58,362 - INFO - HTTP Request: POST https://zyapi.tuluo.top:8888/v1/chat/completions "HTTP/1.1 200 OK"
2026-10-02 20:28:03,300 - INFO - HTTP Request: POST https://zyapi.tuluo.top:8888/v1/chat/completions "HTTP/1.1 200 OK"
2026-10-02 20:28:08,891 - INFO - HTTP Request: POST https://zyapi.tuluo.top:8888/v1/chat/completions "HTTP/1.1 200 OK"
2026-10-02 20:28:14,305 - INFO - HTTP Request: POST https://zyapi.tuluo.top:8888/v1/chat/completions "HTTP/1.1 200 OK"
2026-10-02 20:28:20,918 - INFO - HTTP Request: POST https://zyapi.tuluo.top:8888/v1/chat/completions "HTTP/1.1 200 OK"
2026-10-02 20:28:28,887 - INFO - HTTP Request: POST https://zyapi.tuluo.top:8888/v1/chat/completions "HTTP/1.1 200 OK"
2026-10-02 20:28:34,617 - INFO - HTTP Request: POST https://zyapi.tuluo.top:8888/v1/chat/completions "HTTP/1.1 200 OK"
2026-10-02 20:28:40,535 - INFO - HTTP Request: POST https://zyapi.tuluo.top:8888/v1/chat/completions "HTTP/1.1 200 OK"
2026-10-02 20:28:45,816 - INFO - HTTP Request: POST https://zyapi.tuluo.top:8888/v1/chat/completions "HTTP/1.1 200 OK"
2026-10-02 20:28:50,779 - INFO - HTTP Request: POST https://zyapi.tuluo.top:8888/v1/chat/completions "HTTP/1.1 200 OK"
2026-10-02 20:28:56,674 - INFO - HTTP Request: POST https://zyapi.tuluo.top:8888/v1/chat/completions "HTTP/1.1 200 OK"
2026-10-02 20:29:03,166 - INFO - HTTP Request: POST https://zyapi.tuluo.top:8888/v1/chat/completions "HTTP/1.1 200 OK"
2026-10-02 20:29:11,462 - INFO - HTTP Request: POST https://zyapi.tuluo.top:8888/v1/chat/completions "HTTP/1.1 200 OK"
2026-10-02 20:29:17,446 - INFO - HTTP Request: POST https://zyapi.tuluo.top:8888/v1/chat/completions "HTTP/1.1 200 OK"
2026-10-02 20:29:22,519 - INFO - HTTP Request: POST https://zyapi.tuluo.top:8888/v1/chat/completions "HTTP/1.1 200 OK"
2026-10-02 20:29:28,848 - INFO - HTTP Request: POST https://zyapi.tuluo.top:8888/v1/chat/completions "HTTP/1.1 200 OK"
2026-10-02 20:29:35,051 - INFO - HTTP Request: POST https://zyapi.tuluo.top:8888/v1/chat/completions "HTTP/1.1 200 OK"
2026-10-02 20:29:40,646 - INFO - HTTP Request: POST https://zyapi.tuluo.top:8888/v1/chat/completions "HTTP/1.1 200 OK"
2026-10-02 20:29:46,789 - INFO - HTTP Request: POST https://zyapi.tuluo.top:8888/v1/chat/completions "HTTP/1.1 200 OK"
2026-10-02 20:29:52,083 - INFO - HTTP Request: POST https://zyapi.tuluo.top:8888/v1/chat/completions "HTTP/1.1 200 OK"
2026-10-02 20:29:57,986 - INFO - HTTP Request: POST https://zyapi.tuluo.top:8888/v1/chat/completions "HTTP/1.1 200 OK"
2026-10-02 20:30:02,891 - INFO - HTTP Request: POST https://zyapi.tuluo.top:8888/v1/chat/completions "HTTP/1.1 200 OK"
2026-10-02 20:30:08,621 - INFO - HTTP Request: POST https://zyapi.tuluo.top:8888/v1/chat/completions "HTTP/1.1 200 OK"
2026-10-02 20:30:15,053 - INFO - HTTP Request: POST https://zyapi.tuluo.top:8888/v1/chat/completions "HTTP/1.1 200 OK"
2026-10-02 20:30:20,480 - INFO - HTTP Request: POST https://zyapi.tuluo.top:8888/v1/chat/completions "HTTP/1.1 200 OK"
2026-10-02 20:30:25,786 - INFO - HTTP Request: POST https://zyapi.tuluo.top:8888/v1/chat/completions "HTTP/1.1 200 OK"
2026-10-02 20:30:33,281 - INFO - HTTP Request: POST https://zyapi.tuluo.top:8888/v1/chat/completions "HTTP/1.1 200 OK"
2026-10-02 20:30:38,511 - INFO - HTTP Request: POST https://zyapi.tuluo.top:8888/v1/chat/completions "HTTP/1.1 200 OK"
2026-10-02 20:30:43,733 - INFO - HTTP Request: POST https://zyapi.tuluo.top:8888/v1/chat/completions "HTTP/1.1 200 OK"
2026-10-02 20:30:50,656 - INFO - HTTP Request: POST https://zyapi.tuluo.top:8888/v1/chat/completions "HTTP/1.1 200 OK"
2026-10-02 20:30:56,219 - INFO - HTTP Request: POST https://zyapi.tuluo.top:8888/v1/chat/completions "HTTP/1.1 200 OK"
2026-10-02 20:31:01,470 - INFO - HTTP Request: POST https://zyapi.tuluo.top:8888/v1/chat/completions "HTTP/1.1 200 OK"
2026-10-02 20:31:07,072 - INFO - HTTP Request: POST https://zyapi.tuluo.top:8888/v1/chat/completions "HTTP/1.1 200 OK"
2026-10-02 20:31:12,936 - INFO - HTTP Request: POST https://zyapi.tuluo.top:8888/v1/chat/completions "HTTP/1.1 200 OK"
2026-10-02 20:31:18,233 - INFO - HTTP Request: POST https://zyapi.tuluo.top:8888/v1/chat/completions "HTTP/1.1 200 OK"
2026-10-02 20:31:24,787 - INFO - HTTP Request: POST https://zyapi.tuluo.top:8888/v1/chat/completions "HTTP/1.1 200 OK"
2026-10-02 20:31:30,214 - INFO - HTTP Request: POST https://zyapi.tuluo.top:8888/v1/chat/completions "HTTP/1.1 200 OK"
2026-10-02 20:31:35,335 - INFO - HTTP Request: POST https://zyapi.tuluo.top:8888/v1/chat/completions "HTTP/1.1 200 OK"
2026-10-02 20:31:40,251 - INFO - HTTP Request: POST https://zyapi.tuluo.top:8888/v1/chat/completions "HTTP/1.1 200 OK"
2026-10-02 20:31:46,182 - INFO - HTTP Request: POST https://zyapi.tuluo.top:8888/v1/chat/completions "HTTP/1.1 200 OK"
2026-10-02 20:31:51,756 - INFO - HTTP Request: POST https://zyapi.tuluo.top:8888/v1/chat/completions "HTTP/1.1 200 OK"
2026-10-02 20:31:57,437 - INFO - HTTP Request: POST https://zyapi.tuluo.top:8888/v1/chat/completions "HTTP/1.1 200 OK"
2026-10-02 20:32:04,520 - INFO - HTTP Request: POST https://zyapi.tuluo.top:8888/v1/chat/completions "HTTP/1.1 200 OK"
2026-10-02 20:32:11,380 - INFO - HTTP Request: POST https://zyapi.tuluo.top:8888/v1/chat/completions "HTTP/1.1 200 OK"
2026-10-02 20:32:17,157 - INFO - HTTP Request: POST https://zyapi.tuluo.top:8888/v1/chat/completions "HTTP/1.1 200 OK"
2026-10-02 20:32:24,916 - INFO - HTTP Request: POST https://zyapi.tuluo.top:8888/v1/chat/completions "HTTP/1.1 200 OK"
2026-10-02 20:32:30,983 - INFO - HTTP Request: POST https://zyapi.tuluo.top:8888/v1/chat/completions "HTTP/1.1 200 OK"
2026-10-02 20:32:36,233 - INFO - HTTP Request: POST https://zyapi.tuluo.top:8888/v1/chat/completions "HTTP/1.1 200 OK"
2026-10-02 20:32:41,385 - INFO - HTTP Request: POST https://zyapi.tuluo.top:8888/v1/chat/completions "HTTP/1.1 200 OK"
2026-10-02 20:32:47,530 - INFO - HTTP Request: POST https://zyapi.tuluo.top:8888/v1/chat/completions "HTTP/1.1 200 OK"
2026-10-02 20:32:53,535 - INFO - HTTP Request: POST https://zyapi.tuluo.top:8888/v1/chat/completions "HTTP/1.1 200 OK"
2026-10-02 20:32:59,811 - INFO - HTTP Request: POST https://zyapi.tuluo.top:8888/v1/chat/completions "HTTP/1.1 200 OK"
2026-10-02 20:33:05,570 - INFO - HTTP Request: POST https://zyapi.tuluo.top:8888/v1/chat/completions "HTTP/1.1 200 OK"
2026-10-02 20:33:12,104 - INFO - HTTP Request: POST https://zyapi.tuluo.top:8888/v1/chat/completions "HTTP/1.1 200 OK"
2026-10-02 20:33:19,478 - INFO - HTTP Request: POST https://zyapi.tuluo.top:8888/v1/chat/completions "HTTP/1.1 200 OK"
2026-10-02 20:33:25,315 - INFO - HTTP Request: POST https://zyapi.tuluo.top:8888/v1/chat/completions "HTTP/1.1 200 OK"
2026-10-02 20:33:31,504 - INFO - HTTP Request: POST https://zyapi.tuluo.top:8888/v1/chat/completions "HTTP/1.1 200 OK"
2026-10-02 20:33:38,026 - INFO - HTTP Request: POST https://zyapi.tuluo.top:8888/v1/chat/completions "HTTP/1.1 200 OK"
2026-10-02 20:33:43,626 - INFO - HTTP Request: POST https://zyapi.tuluo.top:8888/v1/chat/completions "HTTP/1.1 200 OK"
2026-10-02 20:33:48,865 - INFO - HTTP Request: POST https://zyapi.tuluo.top:8888/v1/chat/completions "HTTP/1.1 200 OK"
2026-10-02 20:33:54,605 - INFO - HTTP Request: POST https://zyapi.tuluo.top:8888/v1/chat/completions "HTTP/1.1 200 OK"
2026-10-02 20:34:00,334 - INFO - HTTP Request: POST https://zyapi.tuluo.top:8888/v1/chat/completions "HTTP/1.1 200 OK"
2026-10-02 20:34:07,740 - INFO - HTTP Request: POST https://zyapi.tuluo.top:8888/v1/chat/completions "HTTP/1.1 200 OK"
2026-10-02 20:34:13,536 - INFO - HTTP Request: POST https://zyapi.tuluo.top:8888/v1/chat/completions "HTTP/1.1 200 OK"
2026-10-02 20:34:21,961 - INFO - HTTP Request: POST https://zyapi.tuluo.top:8888/v1/chat/completions "HTTP/1.1 200 OK"
2026-10-02 20:34:28,382 - INFO - HTTP Request: POST https://zyapi.tuluo.top:8888/v1/chat/completions "HTTP/1.1 200 OK"
2026-10-02 20:34:33,502 - INFO - HTTP Request: POST https://zyapi.tuluo.top:8888/v1/chat/completions "HTTP/1.1 200 OK"
2026-10-02 20:34:39,025 - INFO - HTTP Request: POST https://zyapi.tuluo.top:8888/v1/chat/completions "HTTP/1.1 200 OK"
2026-10-02 20:34:46,260 - INFO - HTTP Request: POST https://zyapi.tuluo.top:8888/v1/chat/completions "HTTP/1.1 200 OK"
2026-10-02 20:34:51,765 - INFO - HTTP Request: POST https://zyapi.tuluo.top:8888/v1/chat/completions "HTTP/1.1 200 OK"
2026-10-02 20:34:56,528 - INFO - HTTP Request: POST https://zyapi.tuluo.top:8888/v1/chat/completions "HTTP/1.1 200 OK"
2026-10-02 20:35:02,072 - INFO - HTTP Request: POST https://zyapi.tuluo.top:8888/v1/chat/completions "HTTP/1.1 200 OK"
2026-10-02 20:35:07,601 - INFO - HTTP Request: POST https://zyapi.tuluo.top:8888/v1/chat/completions "HTTP/1.1 200 OK"
2026-10-02 20:35:12,158 - INFO - HTTP Request: POST https://zyapi.tuluo.top:8888/v1/chat/completions "HTTP/1.1 200 OK"
2026-10-02 20:35:18,457 - INFO - HTTP Request: POST https://zyapi.tuluo.top:8888/v1/chat/completions "HTTP/1.1 200 OK"
2026-10-02 20:35:23,748 - INFO - HTTP Request: POST https://zyapi.tuluo.top:8888/v1/chat/completions "HTTP/1.1 200 OK"
2026-10-02 20:35:29,007 - INFO - HTTP Request: POST https://zyapi.tuluo.top:8888/v1/chat/completions "HTTP/1.1 200 OK"
2026-10-02 20:35:34,532 - INFO - HTTP Request: POST https://zyapi.tuluo.top:8888/v1/chat/completions "HTTP/1.1 200 OK"
2026-10-02 20:35:39,448 - INFO - HTTP Request: POST https://zyapi.tuluo.top:8888/v1/chat/completions "HTTP/1.1 200 OK"
2026-10-02 20:35:44,951 - INFO - HTTP Request: POST https://zyapi.tuluo.top:8888/v1/chat/completions "HTTP/1.1 200 OK"
2026-10-02 20:35:50,200 - INFO - HTTP Request: POST https://zyapi.tuluo.top:8888/v1/chat/completions "HTTP/1.1 200 OK"
2026-10-02 20:35:55,471 - INFO - HTTP Request: POST https://zyapi.tuluo.top:8888/v1/chat/completions "HTTP/1.1 200 OK"
2026-10-02 20:36:00,824 - INFO - HTTP Request: POST https://zyapi.tuluo.top:8888/v1/chat/completions "HTTP/1.1 200 OK"
2026-10-02 20:36:06,247 - INFO - HTTP Request: POST https://zyapi.tuluo.top:8888/v1/chat/completions "HTTP/1.1 200 OK"
2026-10-02 20:36:12,011 - INFO - HTTP Request: POST https://zyapi.tuluo.top:8888/v1/chat/completions "HTTP/1.1 200 OK"
2026-10-02 20:36:17,380 - INFO - HTTP Request: POST https://zyapi.tuluo.top:8888/v1/chat/completions "HTTP/1.1 200 OK"
2026-10-02 20:36:22,559 - INFO - HTTP Request: POST https://zyapi.tuluo.top:8888/v1/chat/completions "HTTP/1.1 200 OK"
2026-10-02 20:36:27,679 - INFO - HTTP Request: POST https://zyapi.tuluo.top:8888/v1/chat/completions "HTTP/1.1 200 OK"
2026-10-02 20:36:32,981 - INFO - HTTP Request: POST https://zyapi.tuluo.top:8888/v1/chat/completions "HTTP/1.1 200 OK"
2026-10-02 20:36:38,228 - INFO - HTTP Request: POST https://zyapi.tuluo.top:8888/v1/chat/completions "HTTP/1.1 200 OK"
2026-10-02 20:36:43,381 - INFO - HTTP Request: POST https://zyapi.tuluo.top:8888/v1/chat/completions "HTTP/1.1 200 OK"
2026-10-02 20:36:49,490 - INFO - HTTP Request: POST https://zyapi.tuluo.top:8888/v1/chat/completions "HTTP/1.1 200 OK"
2026-10-02 20:36:55,685 - INFO - HTTP Request: POST https://zyapi.tuluo.top:8888/v1/chat/completions "HTTP/1.1 200 OK"
2026-10-02 20:37:00,394 - INFO - HTTP Request: POST https://zyapi.tuluo.top:8888/v1/chat/completions "HTTP/1.1 200 OK"
2026-10-02 20:37:05,451 - INFO - HTTP Request: POST https://zyapi.tuluo.top:8888/v1/chat/completions "HTTP/1.1 200 OK"
2026-10-02 20:37:10,657 - INFO - HTTP Request: POST https://zyapi.tuluo.top:8888/v1/chat/completions "HTTP/1.1 200 OK"
2026-10-02 20:37:16,088 - INFO - HTTP Request: POST https://zyapi.tuluo.top:8888/v1/chat/completions "HTTP/1.1 200 OK"
2026-10-02 20:37:21,543 - INFO - HTTP Request: POST https://zyapi.tuluo.top:8888/v1/chat/completions "HTTP/1.1 200 OK"
2026-10-02 20:37:27,004 - INFO - HTTP Request: POST https://zyapi.tuluo.top:8888/v1/chat/completions "HTTP/1.1 200 OK"
2026-10-02 20:37:32,315 - INFO - HTTP Request: POST https://zyapi.tuluo.top:8888/v1/chat/completions "HTTP/1.1 200 OK"
2026-10-02 20:37:37,427 - INFO - HTTP Request: POST https://zyapi.tuluo.top:8888/v1/chat/completions "HTTP/1.1 200 OK"
2026-10-02 20:37:43,526 - INFO - HTTP Request: POST https://zyapi.tuluo.top:8888/v1/chat/completions "HTTP/1.1 200 OK"
2026-10-02 20:37:49,139 - INFO - HTTP Request: POST https://zyapi.tuluo.top:8888/v1/chat/completions "HTTP/1.1 200 OK"
2026-10-02 20:37:54,553 - INFO - HTTP Request: POST https://zyapi.tuluo.top:8888/v1/chat/completions "HTTP/1.1 200 OK"
2026-10-02 20:37:59,954 - INFO - HTTP Request: POST https://zyapi.tuluo.top:8888/v1/chat/completions "HTTP/1.1 200 OK"
2026-10-02 20:38:05,453 - INFO - HTTP Request: POST https://zyapi.tuluo.top:8888/v1/chat/completions "HTTP/1.1 200 OK"
2026-10-02 20:38:10,554 - INFO - HTTP Request: POST https://zyapi.tuluo.top:8888/v1/chat/completions "HTTP/1.1 200 OK"
2026-10-02 20:38:16,060 - INFO - HTTP Request: POST https://zyapi.tuluo.top:8888/v1/chat/completions "HTTP/1.1 200 OK"
2026-10-02 20:38:21,193 - INFO - HTTP Request: POST https://zyapi.tuluo.top:8888/v1/chat/completions "HTTP/1.1 200 OK"
2026-10-02 20:38:26,170 - INFO - HTTP Request: POST https://zyapi.tuluo.top:8888/v1/chat/completions "HTTP/1.1 200 OK"
2026-10-02 20:38:31,772 - INFO - HTTP Request: POST https://zyapi.tuluo.top:8888/v1/chat/completions "HTTP/1.1 200 OK"
2026-10-02 20:38:37,148 - INFO - HTTP Request: POST https://zyapi.tuluo.top:8888/v1/chat/completions "HTTP/1.1 200 OK"
2026-10-02 20:38:42,747 - INFO - HTTP Request: POST https://zyapi.tuluo.top:8888/v1/chat/completions "HTTP/1.1 200 OK"
2026-10-02 20:38:48,182 - INFO - HTTP Request: POST https://zyapi.tuluo.top:8888/v1/chat/completions "HTTP/1.1 200 OK"
2026-10-02 20:38:54,508 - INFO - HTTP Request: POST https://zyapi.tuluo.top:8888/v1/chat/completions "HTTP/1.1 200 OK"
2026-10-02 20:38:59,921 - INFO - HTTP Request: POST https://zyapi.tuluo.top:8888/v1/chat/completions "HTTP/1.1 200 OK"
2026-10-02 20:39:05,788 - INFO - HTTP Request: POST https://zyapi.tuluo.top:8888/v1/chat/completions "HTTP/1.1 200 OK"
2026-10-02 20:39:11,068 - INFO - HTTP Request: POST https://zyapi.tuluo.top:8888/v1/chat/completions "HTTP/1.1 200 OK"
2026-10-02 20:39:17,088 - INFO - HTTP Request: POST https://zyapi.tuluo.top:8888/v1/chat/completions "HTTP/1.1 200 OK"
2026-10-02 20:39:22,294 - INFO - HTTP Request: POST https://zyapi.tuluo.top:8888/v1/chat/completions "HTTP/1.1 200 OK"
2026-10-02 20:39:27,389 - INFO - HTTP Request: POST https://zyapi.tuluo.top:8888/v1/chat/completions "HTTP/1.1 200 OK"
2026-10-02 20:39:33,252 - INFO - HTTP Request: POST https://zyapi.tuluo.top:8888/v1/chat/completions "HTTP/1.1 200 OK"
2026-10-02 20:39:38,733 - INFO - HTTP Request: POST https://zyapi.tuluo.top:8888/v1/chat/completions "HTTP/1.1 200 OK"
2026-10-02 20:39:44,496 - INFO - HTTP Request: POST https://zyapi.tuluo.top:8888/v1/chat/completions "HTTP/1.1 200 OK"
2026-10-02 20:39:50,128 - INFO - HTTP Request: POST https://zyapi.tuluo.top:8888/v1/chat/completions "HTTP/1.1 200 OK"
2026-10-02 20:39:56,839 - INFO - HTTP Request: POST https://zyapi.tuluo.top:8888/v1/chat/completions "HTTP/1.1 200 OK"
2026-10-02 20:40:02,827 - INFO - HTTP Request: POST https://zyapi.tuluo.top:8888/v1/chat/completions "HTTP/1.1 200 OK"
2026-10-02 20:40:07,946 - INFO - HTTP Request: POST https://zyapi.tuluo.top:8888/v1/chat/completions "HTTP/1.1 200 OK"
2026-10-02 20:40:13,192 - INFO - HTTP Request: POST https://zyapi.tuluo.top:8888/v1/chat/completions "HTTP/1.1 200 OK"
2026-10-02 20:40:18,596 - INFO - HTTP Request: POST https://zyapi.tuluo.top:8888/v1/chat/completions "HTTP/1.1 200 OK"
2026-10-02 20:40:24,944 - INFO - HTTP Request: POST https://zyapi.tuluo.top:8888/v1/chat/completions "HTTP/1.1 200 OK"
2026-10-02 20:40:31,191 - INFO - HTTP Request: POST https://zyapi.tuluo.top:8888/v1/chat/completions "HTTP/1.1 200 OK"
2026-10-02 20:40:37,526 - INFO - HTTP Request: POST https://zyapi.tuluo.top:8888/v1/chat/completions "HTTP/1.1 200 OK"
2026-10-02 20:40:43,912 - INFO - HTTP Request: POST https://zyapi.tuluo.top:8888/v1/chat/completions "HTTP/1.1 200 OK"
2026-10-02 20:40:49,315 - INFO - HTTP Request: POST https://zyapi.tuluo.top:8888/v1/chat/completions "HTTP/1.1 200 OK"
2026-10-02 20:40:55,230 - INFO - HTTP Request: POST https://zyapi.tuluo.top:8888/v1/chat/completions "HTTP/1.1 200 OK"
2026-10-02 20:41:00,603 - INFO - HTTP Request: POST https://zyapi.tuluo.top:8888/v1/chat/completions "HTTP/1.1 200 OK"
2026-10-02 20:41:05,902 - INFO - HTTP Request: POST https://zyapi.tuluo.top:8888/v1/chat/completions "HTTP/1.1 200 OK"
2026-10-02 20:41:11,026 - INFO - HTTP Request: POST https://zyapi.tuluo.top:8888/v1/chat/completions "HTTP/1.1 200 OK"
2026-10-02 20:41:17,675 - INFO - HTTP Request: POST https://zyapi.tuluo.top:8888/v1/chat/completions "HTTP/1.1 200 OK"
2026-10-02 20:41:24,646 - INFO - HTTP Request: POST https://zyapi.tuluo.top:8888/v1/chat/completions "HTTP/1.1 200 OK"
2026-10-02 20:41:32,632 - INFO - HTTP Request: POST https://zyapi.tuluo.top:8888/v1/chat/completions "HTTP/1.1 200 OK"
2026-10-02 20:41:38,059 - INFO - HTTP Request: POST https://zyapi.tuluo.top:8888/v1/chat/completions "HTTP/1.1 200 OK"
2026-10-02 20:41:43,373 - INFO - HTTP Request: POST https://zyapi.tuluo.top:8888/v1/chat/completions "HTTP/1.1 200 OK"
2026-10-02 20:41:48,811 - INFO - HTTP Request: POST https://zyapi.tuluo.top:8888/v1/chat/completions "HTTP/1.1 200 OK"
2026-10-02 20:41:54,280 - INFO - HTTP Request: POST https://zyapi.tuluo.top:8888/v1/chat/completions "HTTP/1.1 200 OK"
2026-10-02 20:41:59,666 - INFO - HTTP Request: POST https://zyapi.tuluo.top:8888/v1/chat/completions "HTTP/1.1 200 OK"
2026-10-02 20:42:07,038 - INFO - HTTP Request: POST https://zyapi.tuluo.top:8888/v1/chat/completions "HTTP/1.1 200 OK"
2026-10-02 20:42:12,375 - INFO - HTTP Request: POST https://zyapi.tuluo.top:8888/v1/chat/completions "HTTP/1.1 200 OK"
2026-10-02 20:42:19,977 - INFO - HTTP Request: POST https://zyapi.tuluo.top:8888/v1/chat/completions "HTTP/1.1 200 OK"
2026-10-02 20:42:24,958 - INFO - HTTP Request: POST https://zyapi.tuluo.top:8888/v1/chat/completions "HTTP/1.1 200 OK"
2026-10-02 20:42:29,986 - INFO - HTTP Request: POST https://zyapi.tuluo.top:8888/v1/chat/completions "HTTP/1.1 200 OK"
2026-10-02 20:42:36,518 - INFO - HTTP Request: POST https://zyapi.tuluo.top:8888/v1/chat/completions "HTTP/1.1 200 OK"
2026-10-02 20:42:41,855 - INFO - HTTP Request: POST https://zyapi.tuluo.top:8888/v1/chat/completions "HTTP/1.1 200 OK"
2026-10-02 20:42:46,916 - INFO - HTTP Request: POST https://zyapi.tuluo.top:8888/v1/chat/completions "HTTP/1.1 200 OK"
2026-10-02 20:42:51,728 - INFO - HTTP Request: POST https://zyapi.tuluo.top:8888/v1/chat/completions "HTTP/1.1 200 OK"
2026-10-02 20:42:57,059 - INFO - HTTP Request: POST https://zyapi.tuluo.top:8888/v1/chat/completions "HTTP/1.1 200 OK"
2026-10-02 20:43:02,497 - INFO - HTTP Request: POST https://zyapi.tuluo.top:8888/v1/chat/completions "HTTP/1.1 200 OK"
2026-10-02 20:43:07,250 - INFO - HTTP Request: POST https://zyapi.tuluo.top:8888/v1/chat/completions "HTTP/1.1 200 OK"
2026-10-02 20:43:13,088 - INFO - HTTP Request: POST https://zyapi.tuluo.top:8888/v1/chat/completions "HTTP/1.1 200 OK"
2026-10-02 20:43:18,720 - INFO - HTTP Request: POST https://zyapi.tuluo.top:8888/v1/chat/completions "HTTP/1.1 200 OK"
2026-10-02 20:43:24,341 - INFO - HTTP Request: POST https://zyapi.tuluo.top:8888/v1/chat/completions "HTTP/1.1 200 OK"
2026-10-02 20:43:29,526 - INFO - HTTP Request: POST https://zyapi.tuluo.top:8888/v1/chat/completions "HTTP/1.1 200 OK"
2026-10-02 20:43:34,428 - INFO - HTTP Request: POST https://zyapi.tuluo.top:8888/v1/chat/completions "HTTP/1.1 200 OK"
2026-10-02 20:43:40,264 - INFO - HTTP Request: POST https://zyapi.tuluo.top:8888/v1/chat/completions "HTTP/1.1 200 OK"
2026-10-02 20:43:46,367 - INFO - HTTP Request: POST https://zyapi.tuluo.top:8888/v1/chat/completions "HTTP/1.1 200 OK"
2026-10-02 20:43:51,612 - INFO - HTTP Request: POST https://zyapi.tuluo.top:8888/v1/chat/completions "HTTP/1.1 200 OK"
2026-10-02 20:43:58,574 - INFO - HTTP Request: POST https://zyapi.tuluo.top:8888/v1/chat/completions "HTTP/1.1 200 OK"
2026-10-02 20:44:05,007 - INFO - HTTP Request: POST https://zyapi.tuluo.top:8888/v1/chat/completions "HTTP/1.1 200 OK"
2026-10-02 20:44:10,812 - INFO - HTTP Request: POST https://zyapi.tuluo.top:8888/v1/chat/completions "HTTP/1.1 200 OK"
2026-10-02 20:44:17,084 - INFO - HTTP Request: POST https://zyapi.tuluo.top:8888/v1/chat/completions "HTTP/1.1 200 OK"
2026-10-02 20:44:24,545 - INFO - HTTP Request: POST https://zyapi.tuluo.top:8888/v1/chat/completions "HTTP/1.1 200 OK"
2026-10-02 20:44:29,693 - INFO - HTTP Request: POST https://zyapi.tuluo.top:8888/v1/chat/completions "HTTP/1.1 200 OK"
2026-10-02 20:44:35,522 - INFO - HTTP Request: POST https://zyapi.tuluo.top:8888/v1/chat/completions "HTTP/1.1 200 OK"
2026-10-02 20:44:40,899 - INFO - HTTP Request: POST https://zyapi.tuluo.top:8888/v1/chat/completions "HTTP/1.1 200 OK"
2026-10-02 20:44:45,763 - INFO - HTTP Request: POST https://zyapi.tuluo.top:8888/v1/chat/completions "HTTP/1.1 200 OK"
2026-10-02 20:44:51,086 - INFO - HTTP Request: POST https://zyapi.tuluo.top:8888/v1/chat/completions "HTTP/1.1 200 OK"
2026-10-02 20:44:56,214 - INFO - HTTP Request: POST https://zyapi.tuluo.top:8888/v1/chat/completions "HTTP/1.1 200 OK"
2026-10-02 20:45:01,457 - INFO - HTTP Request: POST https://zyapi.tuluo.top:8888/v1/chat/completions "HTTP/1.1 200 OK"
2026-10-02 20:45:07,227 - INFO - HTTP Request: POST https://zyapi.tuluo.top:8888/v1/chat/completions "HTTP/1.1 200 OK"
2026-10-02 20:45:12,484 - INFO - HTTP Request: POST https://zyapi.tuluo.top:8888/v1/chat/completions "HTTP/1.1 200 OK"
2026-10-02 20:45:17,599 - INFO - HTTP Request: POST https://zyapi.tuluo.top:8888/v1/chat/completions "HTTP/1.1 200 OK"
2026-10-02 20:45:24,228 - INFO - HTTP Request: POST https://zyapi.tuluo.top:8888/v1/chat/completions "HTTP/1.1 200 OK"
2026-10-02 20:45:30,400 - INFO - HTTP Request: POST https://zyapi.tuluo.top:8888/v1/chat/completions "HTTP/1.1 200 OK"
2026-10-02 20:45:36,246 - INFO - HTTP Request: POST https://zyapi.tuluo.top:8888/v1/chat/completions "HTTP/1.1 200 OK"
2026-10-02 20:45:42,370 - INFO - HTTP Request: POST https://zyapi.tuluo.top:8888/v1/chat/completions "HTTP/1.1 200 OK"
2026-10-02 20:45:50,770 - INFO - HTTP Request: POST https://zyapi.tuluo.top:8888/v1/chat/completions "HTTP/1.1 200 OK"
2026-10-02 20:45:55,983 - INFO - HTTP Request: POST https://zyapi.tuluo.top:8888/v1/chat/completions "HTTP/1.1 200 OK"
2026-10-02 20:46:01,866 - INFO - HTTP Request: POST https://zyapi.tuluo.top:8888/v1/chat/completions "HTTP/1.1 200 OK"
2026-10-02 20:46:07,581 - INFO - HTTP Request: POST https://zyapi.tuluo.top:8888/v1/chat/completions "HTTP/1.1 200 OK"
2026-10-02 20:46:12,798 - INFO - HTTP Request: POST https://zyapi.tuluo.top:8888/v1/chat/completions "HTTP/1.1 200 OK"
2026-10-02 20:46:18,078 - INFO - HTTP Request: POST https://zyapi.tuluo.top:8888/v1/chat/completions "HTTP/1.1 200 OK"
2026-10-02 20:46:23,452 - INFO - HTTP Request: POST https://zyapi.tuluo.top:8888/v1/chat/completions "HTTP/1.1 200 OK"
2026-10-02 20:46:28,542 - INFO - HTTP Request: POST https://zyapi.tuluo.top:8888/v1/chat/completions "HTTP/1.1 200 OK"
2026-10-02 20:46:34,307 - INFO - HTTP Request: POST https://zyapi.tuluo.top:8888/v1/chat/completions "HTTP/1.1 200 OK"
2026-10-02 20:46:40,144 - INFO - HTTP Request: POST https://zyapi.tuluo.top:8888/v1/chat/completions "HTTP/1.1 200 OK"
2026-10-02 20:46:45,673 - INFO - HTTP Request: POST https://zyapi.tuluo.top:8888/v1/chat/completions "HTTP/1.1 200 OK"
2026-10-02 20:46:51,133 - INFO - HTTP Request: POST https://zyapi.tuluo.top:8888/v1/chat/completions "HTTP/1.1 200 OK"
2026-10-02 20:46:56,059 - INFO - HTTP Request: POST https://zyapi.tuluo.top:8888/v1/chat/completions "HTTP/1.1 200 OK"
2026-10-02 20:47:00,996 - INFO - HTTP Request: POST https://zyapi.tuluo.top:8888/v1/chat/completions "HTTP/1.1 200 OK"
2026-10-02 20:47:06,057 - INFO - HTTP Request: POST https://zyapi.tuluo.top:8888/v1/chat/completions "HTTP/1.1 200 OK"
2026-10-02 20:47:12,184 - INFO - HTTP Request: POST https://zyapi.tuluo.top:8888/v1/chat/completions "HTTP/1.1 200 OK"
2026-10-02 20:47:17,321 - INFO - HTTP Request: POST https://zyapi.tuluo.top:8888/v1/chat/completions "HTTP/1.1 200 OK"
2026-10-02 20:47:21,966 - INFO - HTTP Request: POST https://zyapi.tuluo.top:8888/v1/chat/completions "HTTP/1.1 200 OK"
2026-10-02 20:47:27,895 - INFO - HTTP Request: POST https://zyapi.tuluo.top:8888/v1/chat/completions "HTTP/1.1 200 OK"
2026-10-02 20:47:33,291 - INFO - HTTP Request: POST https://zyapi.tuluo.top:8888/v1/chat/completions "HTTP/1.1 200 OK"
2026-10-02 20:47:39,025 - INFO - HTTP Request: POST https://zyapi.tuluo.top:8888/v1/chat/completions "HTTP/1.1 200 OK"
2026-10-02 20:47:44,661 - INFO - HTTP Request: POST https://zyapi.tuluo.top:8888/v1/chat/completions "HTTP/1.1 200 OK"
2026-10-02 20:47:50,318 - INFO - HTTP Request: POST https://zyapi.tuluo.top:8888/v1/chat/completions "HTTP/1.1 200 OK"
2026-10-02 20:47:56,597 - INFO - HTTP Request: POST https://zyapi.tuluo.top:8888/v1/chat/completions "HTTP/1.1 200 OK"
2026-10-02 20:48:02,207 - INFO - HTTP Request: POST https://zyapi.tuluo.top:8888/v1/chat/completions "HTTP/1.1 200 OK"
2026-10-02 20:48:07,353 - INFO - HTTP Request: POST https://zyapi.tuluo.top:8888/v1/chat/completions "HTTP/1.1 200 OK"
2026-10-02 20:48:13,432 - INFO - HTTP Request: POST https://zyapi.tuluo.top:8888/v1/chat/completions "HTTP/1.1 200 OK"
2026-10-02 20:48:18,961 - INFO - HTTP Request: POST https://zyapi.tuluo.top:8888/v1/chat/completions "HTTP/1.1 200 OK"
2026-10-02 20:48:25,403 - INFO - HTTP Request: POST https://zyapi.tuluo.top:8888/v1/chat/completions "HTTP/1.1 200 OK"
2026-10-02 20:48:30,328 - INFO - HTTP Request: POST https://zyapi.tuluo.top:8888/v1/chat/completions "HTTP/1.1 200 OK"
2026-10-02 20:48:35,141 - INFO - HTTP Request: POST https://zyapi.tuluo.top:8888/v1/chat/completions "HTTP/1.1 200 OK"
2026-10-02 20:48:40,086 - INFO - HTTP Request: POST https://zyapi.tuluo.top:8888/v1/chat/completions "HTTP/1.1 200 OK"
2026-10-02 20:48:47,140 - INFO - HTTP Request: POST https://zyapi.tuluo.top:8888/v1/chat/completions "HTTP/1.1 200 OK"
2026-10-02 20:48:52,354 - INFO - HTTP Request: POST https://zyapi.tuluo.top:8888/v1/chat/completions "HTTP/1.1 200 OK"
2026-10-02 20:48:57,107 - INFO - HTTP Request: POST https://zyapi.tuluo.top:8888/v1/chat/completions "HTTP/1.1 200 OK"
2026-10-02 20:49:02,790 - INFO - HTTP Request: POST https://zyapi.tuluo.top:8888/v1/chat/completions "HTTP/1.1 200 OK"
2026-10-02 20:49:09,138 - INFO - HTTP Request: POST https://zyapi.tuluo.top:8888/v1/chat/completions "HTTP/1.1 200 OK"
2026-10-02 20:49:15,215 - INFO - HTTP Request: POST https://zyapi.tuluo.top:8888/v1/chat/completions "HTTP/1.1 200 OK"
2026-10-02 20:49:22,656 - INFO - HTTP Request: POST https://zyapi.tuluo.top:8888/v1/chat/completions "HTTP/1.1 200 OK"
2026-10-02 20:49:28,526 - INFO - HTTP Request: POST https://zyapi.tuluo.top:8888/v1/chat/completions "HTTP/1.1 200 OK"
2026-10-02 20:49:34,227 - INFO - HTTP Request: POST https://zyapi.tuluo.top:8888/v1/chat/completions "HTTP/1.1 200 OK"
2026-10-02 20:49:39,565 - INFO - HTTP Request: POST https://zyapi.tuluo.top:8888/v1/chat/completions "HTTP/1.1 200 OK"
2026-10-02 20:49:45,099 - INFO - HTTP Request: POST https://zyapi.tuluo.top:8888/v1/chat/completions "HTTP/1.1 200 OK"
2026-10-02 20:49:50,779 - INFO - HTTP Request: POST https://zyapi.tuluo.top:8888/v1/chat/completions "HTTP/1.1 200 OK"
2026-10-02 20:49:56,436 - INFO - HTTP Request: POST https://zyapi.tuluo.top:8888/v1/chat/completions "HTTP/1.1 200 OK"
2026-10-02 20:50:01,411 - INFO - HTTP Request: POST https://zyapi.tuluo.top:8888/v1/chat/completions "HTTP/1.1 200 OK"
2026-10-02 20:50:07,453 - INFO - HTTP Request: POST https://zyapi.tuluo.top:8888/v1/chat/completions "HTTP/1.1 200 OK"
2026-10-02 20:50:12,773 - INFO - HTTP Request: POST https://zyapi.tuluo.top:8888/v1/chat/completions "HTTP/1.1 200 OK"
2026-10-02 20:50:18,242 - INFO - HTTP Request: POST https://zyapi.tuluo.top:8888/v1/chat/completions "HTTP/1.1 200 OK"
2026-10-02 20:50:23,467 - INFO - HTTP Request: POST https://zyapi.tuluo.top:8888/v1/chat/completions "HTTP/1.1 200 OK"
2026-10-02 20:50:29,270 - INFO - HTTP Request: POST https://zyapi.tuluo.top:8888/v1/chat/completions "HTTP/1.1 200 OK"
2026-10-02 20:50:34,459 - INFO - HTTP Request: POST https://zyapi.tuluo.top:8888/v1/chat/completions "HTTP/1.1 200 OK"
2026-10-02 20:50:40,196 - INFO - HTTP Request: POST https://zyapi.tuluo.top:8888/v1/chat/completions "HTTP/1.1 200 OK"
2026-10-02 20:50:45,930 - INFO - HTTP Request: POST https://zyapi.tuluo.top:8888/v1/chat/completions "HTTP/1.1 200 OK"
2026-10-02 20:50:50,887 - INFO - HTTP Request: POST https://zyapi.tuluo.top:8888/v1/chat/completions "HTTP/1.1 200 OK"
2026-10-02 20:50:56,683 - INFO - HTTP Request: POST https://zyapi.tuluo.top:8888/v1/chat/completions "HTTP/1.1 200 OK"
2026-10-02 20:51:02,723 - INFO - HTTP Request: POST https://zyapi.tuluo.top:8888/v1/chat/completions "HTTP/1.1 200 OK"
2026-10-02 20:51:08,561 - INFO - HTTP Request: POST https://zyapi.tuluo.top:8888/v1/chat/completions "HTTP/1.1 200 OK"
2026-10-02 20:51:15,113 - INFO - HTTP Request: POST https://zyapi.tuluo.top:8888/v1/chat/completions "HTTP/1.1 200 OK"
2026-10-02 20:51:20,235 - INFO - HTTP Request: POST https://zyapi.tuluo.top:8888/v1/chat/completions "HTTP/1.1 200 OK"
2026-10-02 20:51:29,247 - INFO - HTTP Request: POST https://zyapi.tuluo.top:8888/v1/chat/completions "HTTP/1.1 200 OK"
2026-10-02 20:51:34,542 - INFO - HTTP Request: POST https://zyapi.tuluo.top:8888/v1/chat/completions "HTTP/1.1 200 OK"
2026-10-02 20:51:40,613 - INFO - HTTP Request: POST https://zyapi.tuluo.top:8888/v1/chat/completions "HTTP/1.1 200 OK"
2026-10-02 20:51:45,733 - INFO - HTTP Request: POST https://zyapi.tuluo.top:8888/v1/chat/completions "HTTP/1.1 200 OK"
2026-10-02 20:51:52,194 - INFO - HTTP Request: POST https://zyapi.tuluo.top:8888/v1/chat/completions "HTTP/1.1 200 OK"
2026-10-02 20:51:57,306 - INFO - HTTP Request: POST https://zyapi.tuluo.top:8888/v1/chat/completions "HTTP/1.1 200 OK"
2026-10-02 20:52:02,324 - INFO - HTTP Request: POST https://zyapi.tuluo.top:8888/v1/chat/completions "HTTP/1.1 200 OK"
2026-10-02 20:52:09,434 - INFO - HTTP Request: POST https://zyapi.tuluo.top:8888/v1/chat/completions "HTTP/1.1 200 OK"
2026-10-02 20:52:14,622 - INFO - HTTP Request: POST https://zyapi.tuluo.top:8888/v1/chat/completions "HTTP/1.1 200 OK"
2026-10-02 20:52:20,651 - INFO - HTTP Request: POST https://zyapi.tuluo.top:8888/v1/chat/completions "HTTP/1.1 200 OK"
2026-10-02 20:52:27,000 - INFO - HTTP Request: POST https://zyapi.tuluo.top:8888/v1/chat/completions "HTTP/1.1 200 OK"
2026-10-02 20:52:32,585 - INFO - HTTP Request: POST https://zyapi.tuluo.top:8888/v1/chat/completions "HTTP/1.1 200 OK"
2026-10-02 20:52:34,589 - INFO - Precision: 0.6120
2026-10-02 20:52:34,590 - INFO - Recall: 0.5491
2026-10-02 20:52:34,590 - INFO - F1: 0.5788
